ORAP-PRIZE-ID,wikidata_id,label_sprache_original,label_sprache_original_code,label_bezeichnung_en,provenienz_bezeichnung_en,label_bezeichnung_de,provenienz_bezeichnung_de,preisverleiher,preisverleiher_kat,land_verleiher,website_preis,art_flts,art_preis_ausz,frueh_karr,preisgeld,preisgeld_waehrung,einschraenkung_wirkungsstaette,einschraenkung_wirkungsstaette_gebiet,nominierung,laufzeit_beginn,laufzeit_ende
O010042,Q30514449,ACM-AAAI Allen Newell Award,en,ACM-AAAI Allen Newell Award,Webseite,ACM-AAAI Allen Newell-Preis,ORAP,Association for Computing Machinery,wissenschaftlicher Sektor,US,https://awards.acm.org/newell,Forschung,Wissenschaftlicher Preis,Nein,10000,USD,Keine Angabe,Keine Angabe,Nominierung offen,1994,
O010640,Q1395117,Familie-Hansen-Preis,de,Hansen Family Award,Webseite,Familie-Hansen-Preis,Webseite,Bayer Science and Education Foundation,Stiftungen,DE,https://www.bayer-foundation.com/de/wissenschaft/auszeichnungen#otto-hansen-bayer-award,Forschung,Wissenschaftlicher Preis,Nein,75000,EUR,DACH,Deutschland; Österreich; Schweiz,Nominierung eingeschränkt,2000,
O012994,Q4854152,Bancroft Award,en,Bancroft Award,Webseite,Bancroft-Preis,ORAP,Royal Society of Canada,wissenschaftlicher Sektor,CA,https://rsc-src.ca/en/awards-excellence/rsc-awards#Bancroft,Transfer,Wissenschaftlicher Preis,Nein,2500,CAD,International,Kanada,Nominierung eingeschränkt,1968,
O001049,Q19277923,DECHEMA-Preis,de,DECHEMA Prize,Webseite,DECHEMA-Preis,Webseite,DECHEMA - Gesellschaft für Chemische Technik und Biotechnologie,wissenschaftlicher Sektor,DE,https://dechema.de/%C3%9Cber+uns/Ehrungen+und+Preise/DECHEMA_Preis-p-20000325.html,Forschung,Wissenschaftlicher Preis,Ja,20000,EUR,International,Europa,Nominierung offen,1951,
O001301,Q20181039,Abraham-Gottlob-Werner-Medaille in Silber,de,Abraham Gottlob Werner Medal in Silver,ORAP,Abraham-Gottlob-Werner-Medaille in Silber,Webseite,Deutsche Mineralogische Gesellschaft,wissenschaftlicher Sektor,DE,https://www.dmg-home.org/1/ehrungen-/-preise/abraham-gottlob-werner-medaille/,Forschung,Wissenschaftlicher Preis,Nein,Keine Angabe,Keine Angabe,Keine Einschränkung,Keine Einschränkung,Nominierung eingeschränkt,1951,
O001670,,Quantum Future Award,en,Quantum Future Award,Webseite,Quantum Future-Preis,ORAP,"Bundesministerium für Forschung, Technologie und Raumfahrt",öffentlicher Sektor,DE,https://www.quantentechnologien.de/nachwuchs/quantum-future-award.html,Forschung,Wissenschaftlicher Preis,Ja,6000,EUR,DACH,Deutschland,Eigenbewerbung,2018,
O002690,,MTZ-MPI-Award,en,MTZ-MPI-Award,Webseite,MTZ-MPI-Preis,ORAP,MTZ-Stiftung,Stiftungen,DE,https://www.mpi-muenster.mpg.de/mtz-mpi-award-de,Forschung,Wissenschaftlicher Preis,Ja,2500,EUR,Einrichtungs- oder organisationsgebunden,Deutschland | Berlin,Nominierung Einrichtung / Gremium,2009,
O011178,Q57236680,Paul-Morawitz-Preis,de,Paul Morawitz Prize,ORAP,Paul-Morawitz-Preis,Webseite,Deutsche Gesellschaft für Kardiologie – Herz- und Kreislaufforschung,wissenschaftlicher Sektor,DE,https://herzmedizin.de/fuer-aerzte-und-fachpersonal/gefoerdert-werden/preise---stipendien/paul-morawitz-preis.html,Forschung,Wissenschaftlicher Preis,Nein,5200,EUR,DACH,Deutschland; Österreich; Schweiz,Nominierung Einrichtung / Gremium,1975,
O004058,Q18560142,Centenary Prize for Chemistry and Communication,en,Centenary Prize for Chemistry and Communication,Webseite,Centenary-Preis für Chemie und Kommunikation,ORAP,Royal Society of Chemistry,wissenschaftlicher Sektor,GB,https://www.rsc.org/standards-and-recognition/prizes/research-and-innovation-prizes/centenary-prizes-for-chemistry-and-communication,Forschung,Wissenschaftliche Auszeichnung,Nein,5000,GBP,International,alle Länder (außer Vereinigtes Königreich und Nordirland; Irland),Nominierung eingeschränkt,1949,
O004259,Q5970291,IEEE Biomedical Engineering Award,en,IEEE Biomedical Engineering Award,Webseite,IEEE-Preis für Biomedizinische Technik,ORAP,Institute of Electrical and Electronics Engineers,wissenschaftlicher Sektor,US,https://corporate-awards.ieee.org/award/ieee-biomedical-field-engineering-award/,Forschung,Wissenschaftlicher Preis,Nein,Keine Angabe,Keine Angabe,Keine Einschränkung,Keine Einschränkung,Keine Angabe,2013,
O004258,Q15994892,IEEE Andrew S. Grove Award,en,IEEE Andrew S. Grove Award,Webseite,IEEE-Andrew-S.-Grove-Preis,ORAP,Institute of Electrical and Electronics Engineers,wissenschaftlicher Sektor,US,https://corporate-awards.ieee.org/award/ieee-andrew-s-grove-award/,Forschung,Wissenschaftlicher Preis,Nein,Keine Angabe,Keine Angabe,Keine Einschränkung,Keine Einschränkung,Keine Angabe,1976,
O011192,Q18560191,Perkin Prize in Physical Organic Chemistry,en,Perkin Prize in Physical Organic Chemistry,Webseite,Perkin-Preis für physikalische organische Chemie,ORAP,Royal Society of Chemistry,wissenschaftlicher Sektor,GB,https://www.rsc.org/standards-and-recognition/prizes/horizon-prizes/organic-chemistry-horizon-prize-perkin-prize-in-physical-organic-chemistry,Forschung,Wissenschaftliche Auszeichnung,Nein,Keine Angabe,Keine Angabe,Keine Einschränkung,Keine Einschränkung,Eigenbewerbung und Nominierung,1969,
O011278,Q15094090,Robert Boyle Prize,en,Robert Boyle Prize,Webseite,Robert Boyle-Preis,ORAP,Royal Society of Chemistry,wissenschaftlicher Sektor,GB,https://www.rsc.org/standards-and-recognition/prizes/horizon-prizes/analytical-science-horizon-prize-robert-boyle-prize,Forschung,Wissenschaftlicher Preis,Nein,Keine Angabe,Keine Angabe,Keine Einschränkung,Keine Einschränkung,Eigenbewerbung und Nominierung,1982,
O020148,,Exzellenzpreis der VAA Stiftung,de,Excellence Award of the VAA foundation,ORAP,Exzellenzpreis der VAA Stiftung,Webseite,Verband angestellter Akademiker und leitender Angestellter der chemischen Industrie,wirtschaftlicher Sektor,DE,https://www.vaa.de/services/studium-berufseinstieg/vaa-stiftung,Forschung,Wissenschaftlicher Preis,Ja,5000,EUR,Keine Angabe,Keine Angabe,Keine Angabe,,
O002282,Q1303709,Eike-von-Repgow-Preis,de,Eike von Repgow Prize,ORAP,Eike-von-Repgow-Preis,Webseite,Stadt Magdeburg; Otto-von-Guericke-Universität Magdeburg,öffentlicher Sektor; wissenschaftlicher Sektor,DE; DE,https://www.magdeburg.de/B%C3%BCrger-Stadt/Stadt/Ehrungen-Preise/Eike-von-Repgow-Preis/,Forschung,Wissenschaftlicher Preis,Nein,2500,EUR,Keine Einschränkung,Keine Einschränkung,Nominierung eingeschränkt,1998,
O011486,Q55518429,Wissenschaftspreis: Forschung in Verantwortung,de,Award for Research in Responsibility,ORAP,Wissenschaftspreis: Forschung in Verantwortung,Webseite,Stifterverband für die Deutsche Wissenschaft; Leibniz-Gemeinschaft,wissenschaftlicher Sektor; wissenschaftlicher Sektor,DE; DE,https://www.stifterverband.org/gesellschaft-braucht-wissenschaft,Forschung,Wissenschaftlicher Preis,Nein,40000,EUR,Einrichtungs- oder organisationsgebunden,Deutschland,Nominierung eingeschränkt,2002,
O001597,Q883370,Konrad-Zuse-Medaille für Verdienste um die Informatik,de,Konrad Zuse Medal for outstanding contributions to computer science,ORAP,Konrad-Zuse-Medaille für Verdienste um die Informatik,Webseite,Gesellschaft für Informatik,wissenschaftlicher Sektor,DE,https://gi.de/ueber-uns/personen/konrad-zuse-medaille,Forschung,Wissenschaftlicher Preis,Nein,Keine Angabe,Keine Angabe,DACH,Deutschland; Österreich; Schweiz,Nominierung eingeschränkt,1987,
O004588,Q2086723,Philipp Franz von Siebold-Preis,de,Philipp Franz von Siebold Award,Webseite,Philipp Franz von Siebold-Preis,Webseite,Alexander von Humboldt-Stiftung,wissenschaftlicher Sektor,DE,https://www.humboldt-foundation.de/bewerben/foerderprogramme/philipp-franz-von-siebold-preis,Forschung,Wissenschaftliche Auszeichnung,Nein,80000,EUR,International,Japan,Nominierung eingeschränkt,1979,
O001046,Q1253794,Paul-Martini-Preis,de,Paul Martini Prize,ORAP,Paul-Martini-Preis,Webseite,Paul-Martini-Stiftung,Stiftungen,DE,https://www.paul-martini-stiftung.de/paul-martini-preis/ausschreibung.html,Forschung,Wissenschaftlicher Preis,Nein,50000,EUR,Keine Einschränkung,Keine Einschränkung,Eigenbewerbung,1969,
O001111,,Joachim-Jungius-Preis zur Förderung junger Wissenschaft,de,Joachim Jungius Prize,Webseite,Joachim-Jungius-Preis zur Förderung junger Wissenschaft,Webseite,Akademie der Wissenschaften in Hamburg,wissenschaftlicher Sektor,DE,https://www.awhamburg.de/nachwuchsfoerderung/joachim-jungius-preis.html,Forschung,Wissenschaftlicher Preis,Ja,5000,EUR,DACH,Deutschland | Hamburg; Schleswig-Holstein; Mecklenburg-Vorpommern; Bremen,Eigenbewerbung,2020,
O001207,Q55518535,Wissenschaftspreis: Forschung zwischen Grundlagen und Anwendungen,de,Science Award Research between fundamentals and applications,ORAP,Wissenschaftspreis: Forschung zwischen Grundlagen und Anwendungen,Webseite,Max-Planck-Gesellschaft; Stifterverband für die Deutsche Wissenschaft,wissenschaftlicher Sektor; wissenschaftlicher Sektor,DE; DE,https://www.stifterverband.org/forschung-zwischen-grundlagen-und-anwendung,Forschung,Wissenschaftlicher Preis,Nein,50000,EUR,Einrichtungs- oder organisationsgebunden,Deutschland,Keine Angabe,1998,2019
O001521,Q23786110,Hector Wissenschaftspreis,de,Hector Science Prize,ORAP,Hector Wissenschaftspreis,Webseite,Hector Stiftung II,Stiftungen,DE,https://www.hector-stiftung.de/wissenschaft-bildung/hector-wissenschaftspreis,Forschung,Wissenschaftlicher Preis,Nein,150000,EUR,DACH,Deutschland,Keine Angabe,2008,
O001715,Q15854432,Wilhelm-Klemm-Preis,de,Wilhelm Klemm Prize,Webseite,Wilhelm-Klemm-Preis,Webseite,Gesellschaft Deutscher Chemiker,wissenschaftlicher Sektor,DE,https://www.gdch.de/gdch/preise-und-auszeichnungen/gdch-preise/wilhelm-klemm-preis.html,Forschung,Wissenschaftlicher Preis,Nein,7500,EUR,Keine Angabe,Keine Angabe,Nominierung offen,1985,
O002445,,GDCP Nachwuchspreis,de,GDCP Young Talent Award,ORAP,GDCP Nachwuchspreis,Webseite,Gesellschaft für Didaktik der Chemie und Physik,wissenschaftlicher Sektor,DE,https://gdcp-ev.de/gdcp-preise/,Forschung,Wissenschaftlicher Preis,Ja,Keine Angabe,Keine Angabe,DACH,Deutschland,Nominierung eingeschränkt,2008,
O002454,,Gesundheitspreis Nordrhein-Westfalen,de,North Rhine-Westphalia Health Award,ORAP,Gesundheitspreis Nordrhein-Westfalen,Webseite,Land Nordrhein-Westfalen,öffentlicher Sektor,DE,https://www.mags.nrw/gesundheitspreis,Forschung,Wissenschaftlicher Preis,Nein,Keine Angabe,Keine Angabe,DACH,Deutschland | Nordrhein-Westfalen,Eigenbewerbung,2014,
O002554,,Innovationspreis NRW,de,NRW Innovation Award,ORAP,Innovationspreis NRW,Webseite,"Ministerium für Innovation, Wissenschaft, Forschung und Technologie in Nordrhein-Westfalen",öffentlicher Sektor,DE,https://www.wirtschaft.nrw/innovationspreis-nrw,Transfer,Wissenschaftlicher Preis,Nein,40000,EUR,DACH,Deutschland | Nordrhein-Westfalen,Nominierung Einrichtung / Gremium,2008,
O002589,,Joseph-von-Fraunhofer-Preis,de,Joseph von Fraunhofer Prize,Webseite,Joseph-von-Fraunhofer-Preis,Webseite,Fraunhofer-Gesellschaft,wissenschaftlicher Sektor,DE,https://www.fraunhofer.de/de/ueber-fraunhofer/wissenschaftliche-exzellenz/fraunhofer-preisverleihung/2023/joseph-von-fraunhofer-preis-2023-lautsprechertechnologie.html,Forschung,Wissenschaftlicher Preis,Nein,50000,EUR,Einrichtungs- oder organisationsgebunden,Deutschland,Keine Angabe,1978,
O004180,,Forschungspreis der DGfE,de,GERA Research Award,Webseite,Forschungspreis der DGfE,Webseite,Deutsche Gesellschaft für Erziehungswissenschaft,wissenschaftlicher Sektor,DE,https://www.dgfe.de/dgfe-wir-ueber-uns/forschungspreis,Forschung,Wissenschaftlicher Preis,Nein,Keine Angabe,Keine Angabe,DACH,Deutschland,Keine Angabe,2014,
O004334,Q1667782,Joseph-König-Gedenkmünze,de,Joseph Koenig Commemorative Medal,Webseite,Joseph-König-Gedenkmünze,Webseite,Gesellschaft Deutscher Chemiker,wissenschaftlicher Sektor,DE,https://www.gdch.de/gdch/preise-und-auszeichnungen/gdch-preise/joseph-koenig-gedenkmuenze.html,Forschung,Wissenschaftlicher Preis,Nein,7500,EUR,Keine Einschränkung,Keine Einschränkung,Nominierung offen,1934,
O004415,Q44800258,Paul-Clemen-Preis,de,Paul Clemen Award,ORAP,Paul-Clemen-Preis,Webseite,Landschaftsverband Rheinland,öffentlicher Sektor,DE,https://rheinland-ausgezeichnet.lvr.de/de/lvr_preise/paul_clemen_preis/paul_clemen_preis.html,Forschung,Wissenschaftlicher Preis,Ja,10000,EUR,DACH,Deutschland | Nordrhein-Westfalen | Rheinland; Deutschland | Hessen | Rheinland; Deutschland | Rheinland-Pfalz | Rheinland,Nominierung Einrichtung / Gremium,1937,
O004434,,Promotionspreis der Unterfränkischen Gedenkjahrsstiftung,de,Doctoral Prize of the Lower Franconian Memorial Year Foundation,ORAP,Promotionspreis der Unterfränkischen Gedenkjahrsstiftung,Webseite,Julius-Maximilians-Universität Würzburg,wissenschaftlicher Sektor,DE,https://www.uni-wuerzburg.de/aktuelles/einblick/single/news/disspreise-gedenkjahrstiftung-2025/,Forschung,Wissenschaftlicher Preis,Ja,500,EUR,DACH,Deutschland | Franken | Unterfranken,Keine Angabe,,
O010178,Q901898,Braunschweiger Forschungspreis,de,Brunswick Research Prize,Webseite,Braunschweiger Forschungspreis,Webseite,Stadt Braunschweig; ForschungRegion Braunschweig e. V. ,öffentlicher Sektor; wissenschaftlicher Sektor,DE; DE,https://www.braunschweig.de/wirtschaft_wissenschaft/wissenschaftsportal/braunschweiger_fopre/index.php,Forschung,Wissenschaftlicher Preis,Nein,30000,EUR,Keine Angabe,Keine Angabe,Nominierung Einrichtung / Gremium,2007,2018
O010273,Q1202180,Deutsche Bank Prize in Financial Economics,en,Deutsche Bank Prize in Financial Economics,Webseite,Deutsche Bank-Preis in Financial Economics,ORAP,Center for Financial Studies; Goethe-Universität Frankfurt am Main,wissenschaftlicher Sektor; wissenschaftlicher Sektor,DE; DE,https://gfk-cfs.de/ueber-uns/deutsche-bank-prize-in-financial-economics/,Forschung,Wissenschaftlicher Preis,Nein,50000,EUR,Keine Einschränkung,Keine Einschränkung,Nominierung eingeschränkt,2005,2015
O010980,Q1781902,Konrad-Zuse-Medaille für Verdienste um die Informatik im Bauwesen,de,Konrad Zuse Medal for outstanding contributions to IT in the construction industry,ORAP,Konrad-Zuse-Medaille für Verdienste um die Informatik im Bauwesen,Webseite,Zentralverband Deutsches Baugewerbe,wirtschaftlicher Sektor,DE,https://gi.de/ueber-uns/personen/konrad-zuse-medaille,Forschung,Wissenschaftlicher Preis,Nein,Kein Preisgeld,Kein Preisgeld,DACH,Deutschland,Nominierung eingeschränkt,1981,
O002839,Q29869512,Robert Wilhelm Bunsen Medal,en,Robert Wilhelm Bunsen Medal,Webseite,Robert-Wilhelm-Bunsen-Medaille,ORAP,European Geosciences Union e. V.,wissenschaftlicher Sektor,DE,https://www.egu.eu/awards-medals/robert-wilhelm-bunsen/,Forschung,Wissenschaftlicher Preis,Nein,Keine Angabe,Keine Angabe,Keine Einschränkung,Keine Einschränkung,Nominierung eingeschränkt,2005,
O020026,Q18388953,EPS Europhysics Prize,en,EPS Europhysics Prize,Webseite,EPS-Europhysics-Preis,ORAP,European Physical Society,wissenschaftlicher Sektor,FR,https://members.eps.org/members/group_content_view.asp?group=85187&id=554142&DGPCrPg=1&DGPCrSrt=7A,Forschung,Wissenschaftlicher Preis,Nein,5000,EUR,International,Europa,Nominierung Einrichtung / Gremium,1975,
O001152,Q1557678,Otto Warburg Medal,en,Otto Warburg Medal,Webseite,Otto-Warburg-Medaille,ORAP,Gesellschaft für Biochemie und Molekularbiologie,wissenschaftlicher Sektor,DE,https://otto-warburg-medal.org/en/home.html,Forschung,Wissenschaftlicher Preis,Nein,25000,EUR,Keine Einschränkung,Keine Einschränkung,Nominierung eingeschränkt,1963,
O001316,,Applied Photonics Award,en,Applied Photonics Award,Webseite,Preis für angewandte Photonik,ORAP,Fraunhofer-Institut für Angewandte Optik und Feinmechanik,wissenschaftlicher Sektor,DE,https://www.applied-photonics-award.de/,Forschung,Wissenschaftlicher Preis,Ja,3000,EUR,DACH,Deutschland,Eigenbewerbung,2012,
O010701,Q111945443,Future Insight™prize,en,Future Insight™prize,Webseite,Future-Insight-Preis,ORAP,Merck,wirtschaftlicher Sektor,DE,https://www.merckgroup.com/en/research/open-innovation/futureinsightprize_streaming.html,Forschung,Wissenschaftliche Auszeichnung,Nein,1000000,EUR,Keine Einschränkung,Keine Einschränkung,Nominierung offen,2019,
O001019,Q1036432,Carl-Duisburg-Gedächtnispreis,de,Carl Duisberg Memorial Prize,Webseite,Carl-Duisburg-Gedächtnispreis,Webseite,Gesellschaft Deutscher Chemiker,wissenschaftlicher Sektor,DE,https://www.gdch.de/gdch/preise-und-auszeichnungen/gdch-preise/carl-duisberg-gedaechtnispreis.html,Forschung,Wissenschaftlicher Preis,Ja,7500,EUR,Keine Einschränkung,Keine Einschränkung,Nominierung offen,1936,
O001081,Q109907480,Günther Anders-Preis für kritisches Denken,de,Günther Anders Prize for Critical Thinking,ORAP,Günther Anders-Preis für kritisches Denken,Webseite,Internationale Günther Anders-Gesellschaft,Stiftungen,AT,https://www.guenther-anders-gesellschaft.org/anders-preis,Forschung,Wissenschaftlicher Preis,Nein,20000,EUR,Keine Einschränkung,Keine Einschränkung,Nominierung Einrichtung / Gremium,2018,
O002808,,Prof. Dr. Walter Pilgerstorfer Preis,de,Prof. Dr. Walter Pilgerstorfer Prize,ORAP,Prof. Dr. Walter Pilgerstorfer Preis,Webseite,Medizinische Gesellschaft für Oberösterreich,wissenschaftlicher Sektor,AT,https://www.medges-ooe.at/preise-foerderungen/,Forschung,Wissenschaftlicher Preis,Ja,5000,EUR,DACH,Österreich | Oberösterreich,Eigenbewerbung,1990,
O002984,Q58218443,Wolfgang-Stegmüller-Preis,de,The Wolfgang Stegmueller Award,Webseite,Wolfgang-Stegmüller-Preis,Webseite,Gesellschaft für Analytische Philosophie,wissenschaftlicher Sektor,DE,https://www.gap-im-netz.de/de/preise/stegmueller-preis.html,Forschung,Wissenschaftliche Auszeichnung,Ja,12000,EUR,Einrichtungs- oder organisationsgebunden,Deutschland; Österreich; Schweiz,Nominierung offen,1994,
O011248,Q20190043,Grand prix Mergier-Bourdeix,fr,Mergier-Bourdeix Grand Prize,ORAP,Mergier-Bourdeix-Preis,ORAP,Académie des sciences,wissenschaftlicher Sektor,FR,https://www.academie-sciences.fr/prix-madame-mergier-bourdeix-fondation-de-lacademie-des-sciences,Forschung,Wissenschaftlicher Preis,Ja,45000,EUR,International,Frankreich,Keine Angabe,1988,
O014325,Q96372793,Australian Laureate Fellowship,en,Australian Laureate Fellowship,Webseite,Australisches Preisträger/-innenstipendium,ORAP,Australian Research Council,wissenschaftlicher Sektor,AU,https://www.arc.gov.au/funding-research/funding-schemes/discovery-program/australian-laureate-fellowships,Forschung,Wissenschaftliche Auszeichnung,Nein,300000,AUD,International,Australien,Eigenbewerbung,2009,
O013488,Q59766793,Fellow of the Ecological Society of America,en,Fellow of the Ecological Society of America,Webseite,Fellow der Ecological Society of America,ORAP,Ecological Society of America,wissenschaftlicher Sektor,US,https://www.esa.org/programs/fellows-program/esa-fellows/,Forschung,Wissenschaftliche Auszeichnung,Nein,Keine Angabe,Keine Angabe,Einrichtungs- oder organisationsgebunden,International,Keine Angabe,2012,
O012545,Q24890562,AAAS Mani L. Bhaumik Award for Public Engagement with Science,en,AAAS Mani L. Bhaumik Award for Public Engagement with Science,Webseite,AAAS Mani L. Bhaumik-Preis für Öffentlichkeitsarbeit in der Wissenschaft,ORAP,American Association for the Advancement of Science,wissenschaftlicher Sektor,US,https://www.aaas.org/award/bhaumik-award-for-public-engagement,Transfer,Wissenschaftlicher Preis,Nein,10000,USD,Keine Einschränkung,Keine Einschränkung,Eigenbewerbung und Nominierung,1987,
O001398,Q136432368,Doris-Schachner-Medaille,de,Doris Schachner Medal,ORAP,Doris-Schachner-Medaille,Webseite,Deutsche Mineralogische Gesellschaft,wissenschaftlicher Sektor,DE,https://www.dmg-home.org/dmg-home/ehrungen-/-preise/doris-schachner-medaille/,Forschung,Wissenschaftlicher Preis,Nein,kein Preisgeld,kein Preisgeld,DACH,Deutschland; Österreich; Schweiz,Nominierung eingeschränkt,2022,
O010040,Q29836618,ACM Prize in Computing,en,ACM Prize in Computing,Webseite,ACM-Preis für Informatik,ORAP,Association for Computing Machinery,wissenschaftlicher Sektor,US,https://awards.acm.org/acm-prize,Forschung,Wissenschaftlicher Preis,Nein,250000,USD,Keine Einschränkung,Keine Einschränkung,Nominierung offen,2007,
O001117,Q1729688,Karl-Arnold-Preis,de,Karl-Arnold-Prize,ORAP,Karl-Arnold-Preis,Webseite,Nordrhein-Westfälische Akademie der Wissenschaften und der Künste,wissenschaftlicher Sektor,DE,https://www.awk.nrw/foerderung/karl-arnold-preis,Forschung,Wissenschaftlicher Preis,Ja,10000,EUR,DACH,Deutschland | Nordrhein-Westfalen,Nominierung eingeschränkt,1990,
O011050,Q2637485,Edith-Ennen-Wissenschaftspreis des LVR,de,Edith Ennen Science Prize of the LVR,ORAP,Edith-Ennen-Wissenschaftspreis des LVR,Webseite,Landschaftsverband Rheinland,öffentlicher Sektor,DE,https://rheinland-ausgezeichnet.lvr.de/de/lvr_preise/lvr_wissenschaftspreis/Edith-Ennen-WissenschaftspreisdesLVR.html,Forschung,Wissenschaftlicher Preis,Nein,10000,EUR,DACH,Deutschland | Nordrhein-Westfalen | Rheinland; Deutschland | Hessen | Rheinland; Deutschland | Rheinland-Pfalz | Rheinland,Nominierung eingeschränkt,1956,
O004014,,Allianz Nachwuchspreis für Demographie,de,Young Scientists Award for Demography,ORAP,Allianz Nachwuchspreis für Demographie,Webseite,Deutsche Gesellschaft für Demographie,wissenschaftlicher Sektor,DE,https://dgd-online.de/nachwuchsfoerderung/nachwuchspreise/,Forschung,Wissenschaftlicher Preis,Ja,1500,EUR,DACH,Deutschland; Österreich; Schweiz,Keine Angabe,1998,
O011231,Q1719675,Prime Minister’s Prizes for Science,en,Prime Minister’s Prizes for Science,Webseite,Wissenschaftspreis des Premierministers,ORAP,Prime Minister of Australia,öffentlicher Sektor,AU,https://www.industry.gov.au/science-technology-and-innovation/science-engagement/prime-ministers-prizes-science,Forschung,Wissenschaftlicher Preis,Nein,250000,AUD,International,Australien,Nominierung offen,2000,
O010019,Q5248418,Deborah and Franklin Tepper Haimo Award for Distinguished College or University Teaching of Mathematics,en,Deborah and Franklin Tepper Haimo Award for Distinguished College or University Teaching of Mathematics,Webseite,Deborah-und-Franklin-Tepper-Haimo-Preis für herausragende Lehre in Mathematik,ORAP,Mathematical Association of America,wissenschaftlicher Sektor,US,https://maa.org/deborah-and-franklin-tepper-haimo-award-for-distinguished-college-or-university-teaching-of-mathematics/,Lehre,Wissenschaftlicher Preis,Nein,1000,USD,Einrichtungs- oder organisationsgebunden,Vereinigte Staaten; Kanada,Nominierung offen,1993,
O013326,Q56884006,John Dawson Award for Excellence in Plasma Physics Research,en,John Dawson Award for Excellence in Plasma Physics Research,Webseite,John Dawson-Preis für Exzellenz in der Plasmaphysik-Forschung,ORAP,American Physical Society,wissenschaftlicher Sektor,US,https://www.aps.org/programs/honors/prizes/dawson.cfm,Forschung,Wissenschaftlicher Preis,Nein,5000,USD,Keine Einschränkung,Keine Einschränkung,Nominierung offen,1983,
O011082,Q1912401,Max Delbrück Prize in Biological Physics,en,Max Delbrück Prize in Biological Physics,Webseite,Max Delbrück-Preis für biologische Physik,ORAP,American Physical Society,wissenschaftlicher Sektor,US,http://www.aps.org/programs/honors/prizes/delbruck.cfm,Forschung,Wissenschaftlicher Preis,Nein,10000,USD,Keine Einschränkung,Keine Einschränkung,Nominierung offen,1982,
O002153,Q1036567,Dissertationspreis der Physikalischen Gesellschaft zu Berlin,de,Dissertation Award of the Physikalische Gesellschaft zu Berlin,ORAP,Dissertationspreis der Physikalischen Gesellschaft zu Berlin,Webseite,Physikalische Gesellschaft zu Berlin,wissenschaftlicher Sektor,DE,https://pgzb.de/preise/carl-ramsauer-preis,Forschung,Wissenschaftlicher Preis,Ja,Keine Angabe,Keine Angabe,DACH,Deutschland | Berlin; Deutschland | Brandenburg,Nominierung eingeschränkt,2002,
O010253,Q572167,CRM-Fields-PIMS Prize,en,CRM-Fields-PIMS Prize,Webseite,CRM-Fields-PIMS-Preis,ORAP,Centre de Recherches Mathématiques; Fields Institute; Pacific Institute for the Mathematical Sciences,wissenschaftlicher Sektor; wissenschaftlicher Sektor; wissenschaftlicher Sektor,CA; CA; CA,http://www.fields.utoronto.ca/honours-and-fellowships/crm-fields-pims-prize,Forschung,Wissenschaftlicher Preis,Nein,10000,CAD,International,Kanada,Nominierung offen,1995,
O010254,Q5195436,ASHG Scientific Achievement Award,en,ASHG Scientific Achievement Award,Webseite,ASHG-Preis für wissenschaftliche Leistungen,ORAP,American Society of Human Genetics,wissenschaftlicher Sektor,US,https://www.ashg.org/membership/awards/scientific-achievement-award/,Forschung,Wissenschaftlicher Preis,Nein,10000,USD,Einrichtungs- oder organisationsgebunden,International,Keine Angabe,2001,
O004089,Q29876790,Deutscher Preis für Philosophie,de,German Prize for Philosophy,ORAP,Deutscher Preis für Philosophie,Webseite,Max Uwe Redler Stiftung,Stiftungen,DE,https://www.redler-stiftung.de/,Forschung,Wissenschaftlicher Preis,Nein,75000,EUR,DACH,Deutschland; Österreich; Schweiz,Nominierung eingeschränkt,2014,
O002384,Q1405038,Young Investigator Award,en,Young Investigator Award,Webseite,Preis für junge Forschende,ORAP,Deutsche Diabetes Gesellschaft,wissenschaftlicher Sektor,DE,https://www.ddg.info/forschung/forschungspreise/ferdinand-bertram-preis,Forschung,Wissenschaftlicher Preis,Ja,20000,EUR,Einrichtungs- oder organisationsgebunden,Deutschland; Österreich; Schweiz,Eigenbewerbung,1964,
O001455,,Förderpreis für Qualitätssicherung in der Psychologie,de,Award for quality assurance in psychology,ORAP,Förderpreis für Qualitätssicherung in der Psychologie,Webseite,Deutsche Gesellschaft für Psychologie,wissenschaftlicher Sektor,DE,https://www.dgps.de/die-dgps/preise-und-ehrungen/foerderpreis-qualitaetssicherung-in-der-psychologie/,Forschung,Wissenschaftlicher Preis,Nein,Keine Angabe,Keine Angabe,DACH,Deutschland,Keine Angabe,2002,
O011735,Q108061895,Joseph A. Burton Forum Award,en,Joseph A. Burton Forum Award,Webseite,Joseph A. Burton Forum-Preis,ORAP,American Physical Society,wissenschaftlicher Sektor,US,https://www.aps.org/programs/honors/prizes/burton.cfm,Transfer,Wissenschaftlicher Preis,Nein,5000,USD,Keine Einschränkung,Keine Einschränkung,Keine Angabe,1974,
O001468,Q90576392,Wissenschaftlicher Ehrenpreis der DGfN,de,Honorary Scientific Award of the DGfN,ORAP,Wissenschaftlicher Ehrenpreis der DGfN,Webseite,Deutsche Gesellschaft für Nephrologie,wissenschaftlicher Sektor,DE,https://www.dgfn.eu/wissenschaftspreise.html,Forschung,Wissenschaftlicher Preis,Nein,10000,EUR,Keine Einschränkung,Keine Einschränkung,Eigenbewerbung und Nominierung,1980,
O010693,Q246592,Fritz London Memorial Prize,en,Fritz London Memorial Prize,Webseite,Fritz-London-Gedächtnispreis,ORAP,International Union of Pure and Applied Physics,wissenschaftlicher Sektor,CH,https://physics.duke.edu/fritz-london-memorial-prize,Forschung,Wissenschaftlicher Preis,Nein,Keine Angabe,Keine Angabe,Keine Einschränkung,Keine Einschränkung,Keine Angabe,1957,
O012445,Q20877272,Scottish Geographical Medal,en,Scottish Geographical Medal,Webseite,Schottische Geographie-Medaille,ORAP,Royal Scottish Geographical Society,wissenschaftlicher Sektor,GB,https://www.rsgs.org/scottish-geographical-medal,Forschung,Wissenschaftlicher Preis,Nein,Kein Preisgeld,Kein Preisgeld,Keine Einschränkung,Keine Einschränkung,Nominierung offen,1890,
O001037,,Wissenschaftspreis der DGN,de,Science Prize of the DGN,ORAP,Wissenschaftspreis der DGN,Webseite,Deutsche Gesellschaft für Neurologie,wissenschaftlicher Sektor,DE,https://dgn.org/uber-uns/preise-ehrungen,Forschung,Wissenschaftlicher Preis,Ja,10000,EUR,DACH,Deutschland; Österreich; Schweiz,Nominierung eingeschränkt,1969,
O002509,,Heinrich-Braun-Medaille,de,Heinrich Braun Medal,ORAP,Heinrich-Braun-Medaille,Webseite,Deutsche Gesellschaft für Anästhesiologie und Intensivmedizin,wissenschaftlicher Sektor,DE,https://www.dgai.de/die-dgai/ehrungen/heinrich-braun-medaille.html,Forschung,Wissenschaftlicher Preis,Nein,Kein Preisgeld,Kein Preisgeld,DACH,Deutschland,Nominierung Einrichtung / Gremium,1981,
O001536,,Dentista Wissenschaftspreis,de,Dentista Science Prize,ORAP,Dentista Wissenschaftspreis,Webseite,Verband der ZahnÄrztinnen – Dentista e.V.,Sonstige,DE,https://dentista.de/wissenschaftspreis/,Forschung,Wissenschaftlicher Preis,Nein,1000,EUR,Einrichtungs- oder organisationsgebunden,Deutschland,Eigenbewerbung,2016,
O012665,Q29416611,Award for Research in Psychiatry,en,Award for Research in Psychiatry,Webseite,Preis für Forschung in der Psychiatrie,ORAP,American Psychiatric Association,wissenschaftlicher Sektor,US,https://www.psychiatry.org/psychiatrists/awards-leadership-opportunities/awards/award-for-research-in-psychiatry,Forschung,Wissenschaftlicher Preis,Nein,5000,USD,International,Vereinigte Staaten; Kanada,Nominierung eingeschränkt,1949,
O002566,,DZZ-Jahresbestpreis,de,DZZ annual best price,ORAP,DZZ-Jahresbestpreis,Webseite,"Deutsche Gesellschaft für Zahn-, Mund- und Kieferheilkunde",wissenschaftlicher Sektor,DE,https://www.dgzmk.de/dzz-jahresbestpreis,Forschung,Wissenschaftlicher Preis,Nein,3000,EUR,DACH,Deutschland,Keine Angabe,1956,
O012521,Q23697748,Jos Jaspars Medal,en,Jos Jaspars Medal,Webseite,Jos-Jaspars-Medaille,ORAP,European Association of Social Anthropologists; European Association of Social Psychology,wissenschaftlicher Sektor; wissenschaftlicher Sektor,GB; BE,http://www.easp.eu/about/awards/jos-jaspars-medals/,Forschung,Wissenschaftlicher Preis,Ja,Kein Preisgeld,Kein Preisgeld,Keine Einschränkung,Keine Einschränkung,Eigenbewerbung und Nominierung,1990,
O001584,Q1519046,Justus von Liebig-Preis für Welternährung,de,Justus von Liebig - Award for World Nutrition,Webseite,Justus von Liebig-Preis für Welternährung,Webseite,Alfred Toepfer Stiftung F.V.S.,Stiftungen,DE,https://www.stiftung-fiat-panis.de/de/wissenschaftspreise/justus-von-liebig,Forschung,Wissenschaftlicher Preis,Nein,25000,EUR,Keine Einschränkung,Keine Einschränkung,Nominierung Einrichtung / Gremium,1949,
O004583,Q248041,Internationaler Preis für Translationale Neurowissenschaften,de,International Prize for Translational Neuroscience,Webseite,Internationaler Preis für Translationale Neurowissenschaften,Webseite,Max-Planck-Gesellschaft; Gertrud Reemtsma Stiftung,wissenschaftlicher Sektor; Stiftungen,DE; DE,https://gertrud-reemtsma-stiftung.sf.mpg.de/prize/,Forschung,Wissenschaftlicher Preis,Nein,60000,EUR,Keine Einschränkung,Keine Einschränkung,Nominierung eingeschränkt,1990,
O004440,,Preis für klinisch-orthopädische Forschung,de,Prize for clinical orthopaedic research,ORAP,Preis für klinisch-orthopädische Forschung,Webseite,Deutsche Gesellschaft für Orthopädie und Orthopädische Chirurgie,wissenschaftlicher Sektor,DE,https://dgou.de/preise-stipendien/preise/klinische-forschung/preis-fuer-klinisch-orthopaedische-forschung,Forschung,Wissenschaftlicher Preis,Ja,10000,EUR,DACH,Deutschland; Österreich; Schweiz,Eigenbewerbung,1973,
O001131,,ZukunftsWissen – der Early Career Award von Leopoldina und Commerzbank-Stiftung,de,ZukunftsWissen – the Early Career Award from the German National Academy of Sciences Leopoldina and the Commerzbank Foundation,Webseite,ZukunftsWissen – der Early Career Award von Leopoldina und Commerzbank-Stiftung,Webseite,Deutsche Akademie der Naturforscher Leopoldina; Commerzbank-Stiftung,wissenschaftlicher Sektor; Stiftungen,DE; DE,https://www.leopoldina.org/ueber-uns/auszeichnungen/preise-und-ehrungen/zukunftswissen/,Forschung,Wissenschaftlicher Preis,Ja,50000,EUR,DACH,Deutschland; Österreich; Schweiz,Nominierung offen,2001,
O001149,Q6867862,Minkowski Prize,en,Minkowski Prize,Webseite,Minkowski-Preis,ORAP,European Association for the Study of Diabetes,wissenschaftlicher Sektor,GB,https://www.easd.org/prizes/minkowski.html,Forschung,Wissenschaftlicher Preis,Ja,20000,EUR,Einrichtungs- oder organisationsgebunden,International,Eigenbewerbung und Nominierung,1966,
O013977,Q68084614,Liversidge Award and Lectureship in the Chemical Sciences,en,Liversidge Award and Lectureship in the Chemical Sciences,Webseite,Liversidge-Preis und Vorlesung in den Chemiewissenschaften,ORAP,Royal Society of New South Wales,wissenschaftlicher Sektor,AU,https://www.royalsoc.org.au/awards/discipline-awards/liversidge-award-and-lectureship/,Forschung,Wissenschaftlicher Preis,Nein,Kein Preisgeld,Kein Preisgeld,International,Australien | New South Wales,Keine Angabe,1931,
O004514,Q175384,"March of Dimes Richard B. Johnston, Jr., MD Prize",en,"March of Dimes Richard B. Johnston, Jr., MD Prize",Webseite,"March of Dimes Richard B. Johnston, Jr., MD-Preis",ORAP,March of Dimes,Stiftungen,US,https://www.marchofdimes.org/research/prize-in-developmental-biology.aspx,Forschung,Wissenschaftliche Auszeichnung,Nein,150000,USD,Keine Einschränkung,Keine Einschränkung,Nominierung offen,1996,
O001138,Q57975378,Max-Planck-Humboldt-Forschungspreis,de,Max-Planck-Humboldt-Research Award,Webseite,Max-Planck-Humboldt-Forschungspreis,Webseite,Alexander von Humboldt-Stiftung,wissenschaftlicher Sektor,DE,https://www.humboldt-foundation.de/entdecken/newsroom/dossier-max-planck-humboldt-forschungspreis,Forschung,Wissenschaftliche Auszeichnung,Nein,1580000,EUR,International,alle Länder (außer Deutschland),Nominierung Einrichtung / Gremium,2004,
O001008,Q449767,Alwin Mittasch-Preis,de,Alwin Mittasch Prize,ORAP,Alwin Mittasch-Preis,Webseite,DECHEMA - Gesellschaft für Chemische Technik und Biotechnologie,wissenschaftlicher Sektor,DE,https://dechema.de/%C3%9Cber+uns/Ehrungen+und+Preise/Alwin+Mittasch_Preis-p-20001555.html,Forschung,Wissenschaftlicher Preis,Nein,10000,EUR,Keine Einschränkung,Keine Einschränkung,Nominierung offen,1990,
O011072,Q956583,Maryam Mirzakhani Prize in Mathematics,en,Maryam Mirzakhani Prize in Mathematics,Webseite,Maryam Mirzakhani-Preis für Mathematik,ORAP,National Academy of Sciences,wissenschaftlicher Sektor,US,https://www.nasonline.org/award/maryam-mirzakhani-prize-in-mathematics/,Forschung,Wissenschaftlicher Preis,Nein,20000,USD,Keine Einschränkung,Keine Einschränkung,Nominierung offen,1988,
O010285,Q1225254,Edsger W. Dijkstra Prize in Distributed Computing,en,Edsger W. Dijkstra Prize in Distributed Computing,Webseite,Edsger W. Dijkstra-Preis für verteiltes Rechnen,ORAP,Association for Computing Machinery; European Association for Theoretical Computer Science,wissenschaftlicher Sektor; wissenschaftlicher Sektor,US; GB,http://www.eatcs.org/index.php/dijkstra-prize,Forschung,Wissenschaftlicher Preis,Nein,2000,USD,Keine Einschränkung,Keine Einschränkung,Nominierung eingeschränkt,2000,
O011229,Q7241478,Presidential Early Career Awards for Scientists and Engineers,en,Presidential Early Career Awards for Scientists and Engineers,Webseite,Preis des Präsidenten für Wissenschaftler/-innen und Ingenieure/Ingenieurinnen in frühen Karrierephasen,ORAP,National Science Foundation,wissenschaftlicher Sektor,US,https://new.nsf.gov/od/honorary-awards/pecase,Forschung,Wissenschaftliche Auszeichnung,Ja,Keine Angabe,Keine Angabe,International,Vereinigte Staaten,Nominierung Einrichtung / Gremium,1996,
O013350,Q57233750,Andreas Acrivos Award for Professional Progress in Chemical Engineering,en,Andreas Acrivos Award for Professional Progress in Chemical Engineering,Webseite,Andreas-Acrivos-Preis für beruflichen Fortschritt im Chemieingenieurwesen,ORAP,American Institute of Chemical Engineers,wissenschaftlicher Sektor,US,https://www.aiche.org/community/awards/andreas-acrivos-award-professional-progress-chemical-engineering,Forschung,Wissenschaftlicher Preis,Nein,4000,USD,Keine Einschränkung,Keine Einschränkung,Nominierung offen,1948,
O013338,Q57225953,Hill Tinsley Medal,en,Hill Tinsley Medal,Webseite,Hill-Tinsley-Medaille,ORAP,New Zealand Association of Scientists,wissenschaftlicher Sektor,NZ,https://scientists.org.nz/Awards,Forschung,Wissenschaftlicher Preis,Ja,Kein Preisgeld,Kein Preisgeld,International,Neuseeland,Eigenbewerbung und Nominierung,1997,
O010767,Q110603697,Großer Forschungspreis der DGKN,de,Grand Research Prize of the DGKN,ORAP,Großer Forschungspreis der DGKN,Webseite,Deutsche Gesellschaft für Klinische Neurophysiologie und Funktionelle Bildgebung,wissenschaftlicher Sektor,DE,https://dgkn.de/dgkn/preise-und-stipendien,Forschung,Wissenschaftlicher Preis,Nein,4000,EUR,DACH,Deutschland,Eigenbewerbung,1987,
O004473,Q902556,IMU Abacus Medal,en,IMU Abacus Medal,Webseite,IMU Abakus-Medaille,ORAP,Internationale Mathematische Union,wissenschaftlicher Sektor,DE,https://www.mathunion.org/imu-awards/imu-abacus-medal,Forschung,Wissenschaftlicher Preis,Ja,10000,EUR,Keine Einschränkung,Keine Einschränkung,Nominierung offen,1982,
O011300,Q2172249,Leuckart-Medaille,de,Leuckart Medal,Webseite,Leuckart-Medaille,Webseite,Deutsche Gesellschaft für Parasitologie,wissenschaftlicher Sektor,DE,https://dgparasitologie.de/preise,Forschung,Wissenschaftlicher Preis,Nein,Kein Preisgeld,Kein Preisgeld,Keine Einschränkung,Keine Einschränkung,Keine Angabe,1974,
O002541,,Hygienepreis,de,Hygiene Prize,ORAP,Hygienepreis,Webseite,Rudolf-Schülke-Stiftung,Stiftungen,DE,http://www.rudolf-schuelke-stiftung.de/rudolf-schuelke-stiftung/Auszeichnungen/Hygienepreis/Hygienepreis.php,Forschung,Wissenschaftlicher Preis,Nein,15000,EUR,Keine Einschränkung,Keine Einschränkung,Eigenbewerbung,1976,
O013337,Q57218993,Cranwell Medal,en,Cranwell Medal,Webseite,Cranwell-Medaille,ORAP,New Zealand Association of Scientists,wissenschaftlicher Sektor,NZ,https://scientists.org.nz/Awards,Transfer,Wissenschaftlicher Preis,Nein,Kein Preisgeld,Kein Preisgeld,International,Neuseeland,Eigenbewerbung und Nominierung,1999,
O011542,Q10354964,SIGMOD Edgar F. Codd Innovations Award,en,SIGMOD Edgar F. Codd Innovations Award,Webseite,SIGMOD Edgar F. Codd-Innovationspreis,ORAP,Association for Computing Machinery,wissenschaftlicher Sektor,US,https://sigmod.org/sigmod-awards/sigmod-edgar-f-codd-innovations-award/,Forschung,Wissenschaftlicher Preis,Nein,Keine Angabe,Keine Angabe,Keine Einschränkung,Keine Einschränkung,Nominierung Einrichtung / Gremium,1992,
O004367,Q6759993,Margaret W. Rossiter History of Women in Science Prize,en,Margaret W. Rossiter History of Women in Science Prize,Webseite,Margaret W. Rossiter-Preis für die Geschichte der Frauen in der Wissenschaft,ORAP,History of Science Society,wissenschaftlicher Sektor,US,https://hssonline.org/page/rossiter,Forschung,Wissenschaftlicher Preis,Nein,Keine Angabe,Keine Angabe,Keine Einschränkung,Keine Einschränkung,Nominierung offen,1987,
O010255,Q113514997,DAG-Medaille,de,DAG Medal,ORAP,DAG-Medaille,Webseite,Deutsche Adipositas-Gesellschaft,Stiftungen,DE,https://adipositas-gesellschaft.de/auszeichnungen/dag-medaille/,Forschung,Wissenschaftlicher Preis,Nein,Kein Preisgeld,Kein Preisgeld,DACH,Deutschland,Keine Angabe,1999,
O011439,Q2543356,Walter-Markov-Prize,en,Walter-Markov-Prize,Webseite,Walter-Markov-Preis,ORAP,European Network in Universal and Global History,wissenschaftlicher Sektor,NL,https://research.uni-leipzig.de/~eniugh/walter-markov-prize/,Forschung,Wissenschaftlicher Preis,Ja,1500,EUR,Keine Einschränkung,Keine Einschränkung,Eigenbewerbung,1994,
O004277,Q15995123,IEEE Herman Halperin Electric Transmission and Distribution Award,en,IEEE Herman Halperin Electric Transmission and Distribution Award,Webseite,IEEE-Herman-Halperin-Preis für elektrische Übertragung und Verteilung,ORAP,Institute of Electrical and Electronics Engineers,wissenschaftlicher Sektor,US,https://corporate-awards.ieee.org/award/ieee-herman-halperin-electric-transmission-and-distribution-award/,Forschung,Wissenschaftlicher Preis,Nein,Keine Angabe,Keine Angabe,Keine Einschränkung,Keine Einschränkung,Keine Angabe,1987,
O001360,,DÄB-Wissenschaftspreis,de,DÄB Science Prize,ORAP,DÄB-Wissenschaftspreis,Webseite,Deutscher Ärztinnenbund,Sonstige,DE,https://www.aerztinnenbund.de/Wissenschaftspreis.0.287.1.html,Forschung,Wissenschaftlicher Preis,Nein,4000,EUR,DACH,Deutschland,Eigenbewerbung,2001,
O002487,,Habilitationspreis (Universitätsbund Erlangen-Nürnberg e.V.),de,Habilitation Prize (Universitätsbund Erlangen-Nürnberg e.V.),ORAP,Habilitationspreis (Universitätsbund Erlangen-Nürnberg e.V.),Webseite,Friedrich-Alexander-Universität Erlangen-Nürnberg,wissenschaftlicher Sektor,DE,https://www.tf.fau.de/fakultaet/ehrungen-preise/habilitationspreis/#collapse_0,Forschung,Wissenschaftlicher Preis,Ja,Keine Angabe,Keine Angabe,Einrichtungs- oder organisationsgebunden,Deutschland | Bayern,Keine Angabe,1975,
O013917,Q66385108,DCS Hæderspris,da,DCS Honorary Award,ORAP,DCS-Ehrenpreis,ORAP,Dansk Cardiologisk Selskab,wissenschaftlicher Sektor,DK,https://www.cardio.dk/dcs/uddelinger-fra-dcs,Forschung,Wissenschaftlicher Preis,Nein,40000,DKK,Einrichtungs- oder organisationsgebunden,Dänemark,Keine Angabe,1987,
O012605,Q27176791,Niels A. Lassen-prisen,da,Niels A. Lassen Prize,ORAP,Niels A. Lassen-Preis,ORAP,Niels A. Lassen Fonden,Stiftungen,DK,https://ugeskriftet.dk/nyhed/niels-lassen-prisen-2006,Forschung,Wissenschaftlicher Preis,Nein,25000,DKK,Keine Angabe,Keine Angabe,Keine Angabe,1999,
O013794,Q63434646,Dronning Margrethe II’s Videnskabspris,da,Queen Margrethe II's Science Prize,ORAP,Königin Margarethe II.-Wissenschaftspreis,ORAP,Kongelige Danske Videnskabernes Selskab,wissenschaftlicher Sektor,DK,https://royalacademy.dk/hmd-videnskabspris-2/,Forschung,Wissenschaftlicher Preis,Nein,100000,DKK,International,Dänemark,Eigenbewerbung und Nominierung,2015,
O010083,Q1459678,Alfred Wegener Medal,en,Alfred Wegener Medal,Webseite,Alfred Wegener Medaille,ORAP,European Geosciences Union e. V.,wissenschaftlicher Sektor,DE,https://www.egu.eu/awards-medals/alfred-wegener/,Forschung,Wissenschaftlicher Preis,Nein,Keine Angabe,Keine Angabe,Keine Einschränkung,Keine Einschränkung,Nominierung eingeschränkt,1983,
O001321,,August Wilhelm und Lieselotte Becht-Forschungspreis,de,August Wilhelm and Lieselotte Becht Research Prize,ORAP,August Wilhelm und Lieselotte Becht-Forschungspreis,Webseite,Deutsche Stiftung für Herzforschung,wissenschaftlicher Sektor,DE,https://herzstiftung.de/herzforschung/forschungsfoerderung-beantragen/wissenschaftspreis-mit-ausschreibung#Becht,Forschung,Wissenschaftlicher Preis,Ja,15000,EUR,DACH,Deutschland,Eigenbewerbung,2003,
O002152,Q29869884,Carl-Ludwig-Ehrenmedaille,de,Carl Ludwig Honorary Medal,ORAP,Carl-Ludwig-Ehrenmedaille,Webseite,Deutsche Gesellschaft für Kardiologie – Herz- und Kreislaufforschung,wissenschaftlicher Sektor,DE,https://herzmedizin.de/fuer-aerzte-und-fachpersonal/gefoerdert-werden/preise---stipendien/carl-ludwig-ehrenmedaille.html,Forschung,Wissenschaftlicher Preis,Nein,Kein Preisgeld,Kein Preisgeld,Keine Einschränkung,Keine Einschränkung,Nominierung Einrichtung / Gremium,1932,
O010274,Q790636,Deutscher Immunologie-Preis,de,German Immunology Award,Webseite,Deutscher Immunologie-Preis,Webseite,Deutsche Gesellschaft für Immunologie,wissenschaftlicher Sektor,DE,https://dgfi.org/preise/deutscher-immunologiepreis/,Forschung,Wissenschaftlicher Preis,Nein,10000,EUR,Keine Einschränkung,Keine Einschränkung,Nominierung eingeschränkt,1973,
O001373,,Deutscher Umweltpreis,de,German Environmental Award,Webseite,Deutscher Umweltpreis,Webseite,Deutsche Bundesstiftung Umwelt,Stiftungen,DE,https://www.dbu.de/umweltpreis/,Forschung,Wissenschaftlicher Preis,Nein,500000,EUR,Keine Einschränkung,Keine Einschränkung,Nominierung eingeschränkt,1993,
O001040,,DGPPN-Preis zur Erforschung von psychischen Erkrankungen,de,DGPPN Prize for Research on Mental Illness,ORAP,DGPPN-Preis zur Erforschung von psychischen Erkrankungen,Webseite,"Deutsche Gesellschaft für Psychiatrie und Psychotherapie, Psychosomatik und Nervenheilkunde",wissenschaftlicher Sektor,DE,https://www.dgppn.de/preise/preis-zur-erforschung-von-psychischen-erkrankungen.html,Forschung,Wissenschaftlicher Preis,Nein,35000,EUR,DACH,Deutschland,Eigenbewerbung,2014,
O002943,,DGZ-Publikationspreis,de,DGZ Publication Prize,ORAP,DGZ-Publikationspreis,Webseite,Deutsche Gesellschaft für Zahnerhaltung,wissenschaftlicher Sektor,DE,https://www.dgz-online.de/wissenschaft-praxis/preise-und-forschungsfoerderung/preise-fuer-wissenschaft-und-praxis/dgz-publikationspreis,Forschung,Wissenschaftlicher Preis,Nein,3000,EUR,Einrichtungs- oder organisationsgebunden,Deutschland,Eigenbewerbung,2000,
O004113,,DMG-Forschungspreis,de,DMG Research Prize,Webseite,DMG-Forschungspreis,Webseite,Deutsche Morgenländische Gesellschaft,wissenschaftlicher Sektor,DE,https://www.dmg-web.de/page/forschungspreis_de,Forschung,Wissenschaftlicher Preis,Nein,5000,EUR,DACH,Deutschland,Eigenbewerbung und Nominierung,1998,
O001044,,Dr. Hans Messer Stiftungspreis,de,Dr. Hans Messer Foundation Prize,ORAP,Dr. Hans Messer Stiftungspreis,Webseite,Hans und Ria Messer Stiftung,Stiftungen,DE,https://www.tu-darmstadt.de/forschen/wissenschaftlicher_nachwuchs_tu/details_1_34176.de.jsp,Forschung,Wissenschaftliche Auszeichnung,Ja,100000,EUR,Einrichtungs- oder organisationsgebunden,Deutschland | Nordrhein-Westfalen | Darmstadt,Eigenbewerbung und Nominierung,1994,
O004140,,Emil-Ramann-Medaille,de,Emil-Ramann-Medal,Webseite,Emil-Ramann-Medaille,Webseite,Deutsche Bodenkundliche Gesellschaft,wissenschaftlicher Sektor,DE,https://www.dbges.de/de/die-dbg/preise/emil-ramann-medaille,Forschung,Wissenschaftlicher Preis,Nein,Kein Preisgeld,Kein Preisgeld,Keine Einschränkung,Keine Einschränkung,Nominierung offen,2011,
O004172,,"Förderpreis der Deutschen Gesellschaft für Geschichte der Medizin, Naturwissenschaften und Technik",de,"Support Prize of the German Society for the History of Medicine, Natural Sciences, and Technology",ORAP,"Förderpreis der Deutschen Gesellschaft für Geschichte der Medizin, Naturwissenschaften und Technik",Webseite,"Gesellschaft für Geschichte der Wissenschaften, der Medizin und der Technik e. V.",wissenschaftlicher Sektor,DE,https://www.gwmt.de/foerderungen/foerderpreis-der-gwmt/,Forschung,Wissenschaftlicher Preis,Ja,1250,EUR,DACH,Deutschland; Österreich; Schweiz,Eigenbewerbung,2001,
O004193,,Fritz-Scheffer-Preis,de,Fritz-Scheffer-Award,Webseite,Fritz-Scheffer-Preis,Webseite,Deutsche Bodenkundliche Gesellschaft,wissenschaftlicher Sektor,DE,https://www.dbges.de/de/die-dbg/preise/fritz-scheffer-preis,Forschung,Wissenschaftlicher Preis,Ja,2500,EUR,DACH,Deutschland; Österreich; Schweiz,Nominierung eingeschränkt,1987,
O002497,,Hans-Jörg Weitbrecht Wissenschaftspreis,de,Hans-Joerg Weitbrecht Science Prize,ORAP,Hans-Jörg Weitbrecht Wissenschaftspreis,Webseite,Bayer Healthcare Deutschland,wirtschaftlicher Sektor,DE,https://www.gesundheit.bayer.de/soziales-engagement,Forschung,Wissenschaftlicher Preis,Nein,10000,EUR,Keine Angabe,Keine Angabe,Eigenbewerbung,1985,
O002631,,Leopold Casper-Promotionspreis,de,Leopold Casper Doctoral Prize,ORAP,Leopold Casper-Promotionspreis,Webseite,Deutsche Gesellschaft für Urologie; Stiftung Urologische Forschung,wissenschaftlicher Sektor; wissenschaftlicher Sektor,DE; DE,https://www.urologenportal.de/fachbesucher/urologische-kongresse/der-kongress-der-deutschen-gesellschaft-fuer-urologie/78-dgu-kongress/preise-und-ehrungen/ausschreibungen-2026/leopold-casper-promotionspreis.html,Forschung,Wissenschaftlicher Preis,Ja,1000,EUR,Keine Angabe,Keine Angabe,Eigenbewerbung,,
O001645,Q1317104,Otto-Bayer-Preis,de,Otto Bayer Award,Webseite,Otto-Bayer-Preis,Webseite,Bayer Science and Education Foundation,Stiftungen,DE,https://www.bayer-foundation.com/de/wissenschaft/auszeichnungen#otto-hansen-bayer-award,Forschung,Wissenschaftlicher Preis,Nein,75000,EUR,DACH,Deutschland; Österreich; Schweiz,Nominierung eingeschränkt,1984,
O002941,,W.H. Hauss-Preis,de,W.H. Hauss-Award,Webseite,W.H. Hauss-Preis,Webseite,Deutsche Gesellschaft für Arterioskleroseforschung,wissenschaftlicher Sektor,DE,https://www.dgaf.de/w-h-hauss-preis,Forschung,Wissenschaftlicher Preis,Ja,3000,EUR,Einrichtungs- oder organisationsgebunden,Deutschland,Eigenbewerbung,1992,
O002971,,Wissenschaftspreis der Gertrud-Spitz-Stiftung,de,Science Prize of the Gertrud Spitz Foundation,ORAP,Wissenschaftspreis der Gertrud-Spitz-Stiftung,Webseite,Deutsche Stiftung für Herzforschung; Deutsche Gesellschaft für Kardiologie – Herz- und Kreislaufforschung,wissenschaftlicher Sektor; wissenschaftlicher Sektor,DE; DE,https://dshf.de/forschung/wissenschaftspreis-gertrud-spitz-stiftung,Forschung,Wissenschaftlicher Preis,Ja,5000,EUR,DACH,Deutschland,Nominierung Einrichtung / Gremium,2011,
O001005,,Akademiepreis,de,Academy Prize,Webseite,Akademiepreis,Webseite,Heidelberger Akademie der Wissenschaften,wissenschaftlicher Sektor,DE,https://www.hadw-bw.de/preise/Akademiepreis,Forschung,Wissenschaftlicher Preis,Ja,10000,EUR,DACH,Deutschland,Nominierung eingeschränkt,1985,
O010086,Q2644606,Alfred-Wegener-Medaille,de,Alfred Wegener Medal,ORAP,Alfred-Wegener-Medaille,Webseite,Deutsche Meteorologische Gesellschaft,wissenschaftlicher Sektor,DE,https://www.dmg-ev.de/die-dmg/auszeichnungen-ehrungen-preise/alfred-wegener-medaille/,Forschung,Wissenschaftlicher Preis,Nein,Kein Preisgeld,Kein Preisgeld,DACH,Deutschland,Nominierung eingeschränkt,1968,
O002097,,Avrion Mitchison Preis,de,Avrion Mitchison Prize,Webseite,Avrion Mitchison Preis,Webseite,Deutsches Rheuma-Forschungszentrum Berlin,wissenschaftlicher Sektor,DE,https://scheringstiftung.de/de/programm/lebenswissenschaften/veranstaltungen/avrion-mitchison-preis/,Forschung,Wissenschaftlicher Preis,Ja,3000,EUR,DACH,Deutschland; Österreich; Schweiz,Eigenbewerbung,1999,
O002105,,Becton Dickenson-Forschungspreis,de,Becton Dickenson Research Award,ORAP,Becton Dickenson-Forschungspreis,Webseite,Deutsche Gesellschaft für Hygiene und Mikrobiologie,wissenschaftlicher Sektor,DE,https://www.dghm.org/startseite/dghm-stiftung/ausschreibung-der-dghm-preise/,Forschung,Wissenschaftlicher Preis,Nein,2500,EUR,Keine Einschränkung,Keine Einschränkung,Keine Angabe,1998,
O002211,,Dissertationsförderpreis,de,Dissertation Award,ORAP,Dissertationsförderpreis,Webseite,Deutsche Gesellschaft für Publizistik- und Kommunikationswissenschaft,wissenschaftlicher Sektor,DE,https://www.dgpuk.de/de/dissertationsf%C3%B6rderpreis.html,Forschung,Wissenschaftlicher Preis,Ja,3000,EUR,Einrichtungs- oder organisationsgebunden,Deutschland; Österreich; Schweiz,Eigenbewerbung und Nominierung,1998,
O002212,,Dissertationspreis,de,Dissertation Award,Webseite,Dissertationspreis,Webseite,Deutscher Anglistikverband,wissenschaftlicher Sektor,DE,https://anglistikverband.de/dissertationspreis/,Forschung,Wissenschaftlicher Preis,Ja,1500,EUR,Einrichtungs- oder organisationsgebunden,Deutschland,Eigenbewerbung und Nominierung,1990,
O002213,,Dissertationspreis,de,Dissertation Award,ORAP,Dissertationspreis,Webseite,Deutsche Gesellschaft für Endodontologie und zahnärztliche Traumatologie,wissenschaftlicher Sektor,DE,https://www.dget.de/ueber-die-dget/preise-und-foerderung,Forschung,Wissenschaftlicher Preis,Ja,1000,EUR,Keine Angabe,Keine Angabe,Eigenbewerbung,,
O002218,,Dissertationspreis der Universitätsgesellschaft,de,Dissertation Award of the University Society,ORAP,Dissertationspreis der Universitätsgesellschaft,Webseite,Universitätsgesellschaft Bielefeld,wissenschaftlicher Sektor,DE,https://www.uni-bielefeld.de/uni/profil/early-career-researcher/promotion/dissertationspreis/,Forschung,Wissenschaftlicher Preis,Ja,1000,EUR,Einrichtungs- oder organisationsgebunden,Deutschland | Nordrhein-Westfalen | Bielefeld,Eigenbewerbung und Nominierung,1983,
O002223,,Dissertationspreis “Medien-Kultur-Kommunikation”,de,"Dissertation Award ""Media-Culture-Communication""",ORAP,Dissertationspreis “Medien-Kultur-Kommunikation”,Webseite,Deutsche Gesellschaft für Publizistik- und Kommunikationswissenschaft,wissenschaftlicher Sektor,DE,https://www.dgpuk.de/de/fachgruppen/soziologie-der-medienkommunikation/dissertationspreis-medien-kultur-kommunikation,Forschung,Wissenschaftlicher Preis,Ja,500,EUR,DACH,Deutschland; Österreich; Schweiz,Eigenbewerbung,2011,
O004107,,Dissertationspreis,de,Dissertation Award,ORAP,Dissertationspreis,Webseite,Deutsche Gesellschaft für Soziologie,wissenschaftlicher Sektor,DE,https://soziologie.de/dgs/preise/dissertationspreis,Forschung,Wissenschaftlicher Preis,Ja,1000,EUR,DACH,Deutschland,Nominierung eingeschränkt,2000,
O001493,,Dissertationspreis,de,Dissertation Award,ORAP,Dissertationspreis,Webseite,Gesellschaft für Informatik; Österreichische Computer Gesellschaft; Schweizer Informatik Gesellschaft,wissenschaftlicher Sektor; wirtschaftlicher Sektor; wissenschaftlicher Sektor,DE; AT; CH,https://gi.de/dissertationspreis,Forschung,Wissenschaftlicher Preis,Ja,5000,EUR,DACH,Deutschland; Österreich; Schweiz,Nominierung Einrichtung / Gremium,1994,
O004108,,Dissertationspreis der Sektion Arbeits- und Industriesoziologie,de,Dissertation Prize of the Section Labor and Industrial Sociology,ORAP,Dissertationspreis der Sektion Arbeits- und Industriesoziologie,Webseite,Deutsche Gesellschaft für Soziologie,wissenschaftlicher Sektor,DE,https://www.arbsoz.de/dissertationspreis,Forschung,Wissenschaftlicher Preis,Ja,1000,EUR,DACH,Deutschland,Eigenbewerbung,2012,
O004111,,Dissertationspreis der Sektion Stadt- und Regionalsoziologie innerhalb der DGS,de,Dissertation Prize of the Section Urban and Regional Sociology,ORAP,Dissertationspreis der Sektion Stadt- und Regionalsoziologie innerhalb der DGS,Webseite,Deutsche Gesellschaft für Soziologie,wissenschaftlicher Sektor,DE,https://www.sektion-stadtsoziologie.de/sektionspreis/,Forschung,Wissenschaftlicher Preis,Ja,1000,EUR,Keine Einschränkung,Keine Einschränkung,Eigenbewerbung und Nominierung,2013,
O002216,,Dissertationspreis der TU Dortmund,de,Dissertation Award of TU Dortmund University,Webseite,Dissertationspreis der TU Dortmund,Webseite,Technische Universität Dortmund,wissenschaftlicher Sektor,DE,https://www.tu-dortmund.de/universitaet/preise-und-ehrungen/preise/,Forschung,Wissenschaftlicher Preis,Ja,1250,EUR,Einrichtungs- oder organisationsgebunden,Deutschland | Nordrhein-Westfalen | Dortmund,Nominierung eingeschränkt,,
O004110,,Dissertationspreis PR und Organisationskommunikation,de,Dissertation Award PR and organizational communication,ORAP,Dissertationspreis PR und Organisationskommunikation,Webseite,Deutsche Gesellschaft für Publizistik- und Kommunikationswissenschaft,wissenschaftlicher Sektor,DE,https://www.dgpuk.de/de/fachgruppen/pr-und-organisationskommunikation/nachwuchsfoerderung/dissertationspreis-pr-und,Forschung,Wissenschaftlicher Preis,Ja,Kein Preisgeld,Kein Preisgeld,Einrichtungs- oder organisationsgebunden,International,Eigenbewerbung und Nominierung,2013,
O001668,,Promotionspreis,de,Doctoral prize,ORAP,Promotionspreis,Webseite,STAEDTLER-Stiftung,Stiftungen,DE,https://www.staedtler.com/stiftung/de/wissenschaft/promotionspreis/,Forschung,Wissenschaftlicher Preis,Ja,3500,EUR,Einrichtungs- oder organisationsgebunden,Deutschland | Bayern,Nominierung Einrichtung / Gremium,1999,
O002215,,Promotionspreis,de,Doctoral Prize,ORAP,Promotionspreis,Webseite,Stiftung der Paul-Ehrlich-Gesellschaft,Stiftungen,DE,https://www.p-e-g.org/stiftung.html,Forschung,Wissenschaftlicher Preis,Ja,1000,EUR,Keine Einschränkung,Keine Einschränkung,Eigenbewerbung,2016,
O004456,,Promotions-Preis,de,Doctoral Prize,ORAP,Promotions-Preis,Webseite,Deutsche Gesellschaft für Pathologie,wissenschaftlicher Sektor,DE,https://www.pathologie-dgp.de/nachwuchs/preise-und-ausschreibungen-der-dgp/,Forschung,Wissenschaftlicher Preis,Ja,1500,EUR,DACH,Deutschland; Österreich; Schweiz,Eigenbewerbung,2015,
O002372,,GI-Fellows,en,GI-Fellows,Webseite,Fellow der Gesellschaft für Informatik e.V.,ORAP,Gesellschaft für Informatik,wissenschaftlicher Sektor,DE,https://gi.de/ueber-uns/personen/fellows,Forschung,Wissenschaftliche Auszeichnung,Nein,Keine Angabe,Keine Angabe,Einrichtungs- oder organisationsgebunden,International,Nominierung eingeschränkt,2002,
O001085,,Habilitationspreis,de,Habilitation Prize,Webseite,Habilitationspreis,Webseite,Deutscher Anglistikverband,wissenschaftlicher Sektor,DE,"https://anglistikverband.de/habilitationspreis/#:~:text=Ab%20sofort%20werden%20Einreichungen%20f%C3%BCr,sie%20sind%20Mitglieder%20des%20Verbands.",Forschung,Wissenschaftlicher Preis,Nein,1500,EUR,Einrichtungs- oder organisationsgebunden,Deutschland,Eigenbewerbung und Nominierung,1988,
O001092,Q1562616,Helmholtz-Medaille,de,Helmholtz Medal,Webseite,Helmholtz-Medaille,Webseite,Berlin-Brandenburgische Akademie der Wissenschaften,wissenschaftlicher Sektor,DE,https://www.bbaw.de/die-akademie/auszeichnungen/medaillen/helmholtz-medaille,Forschung,Wissenschaftlicher Preis,Nein,Keine Angabe,Keine Angabe,Keine Einschränkung,Keine Einschränkung,Nominierung eingeschränkt,1994,
O004235,,Helmholtz-Medaille,de,Helmholtz Medal,Webseite,Helmholtz-Medaille,Webseite,Deutsche Gesellschaft für Akustik,wissenschaftlicher Sektor,DE,https://www.dega-akustik.de/preise-grants/helmholtz-medaille,Forschung,Wissenschaftlicher Preis,Nein,Kein Preisgeld,Kein Preisgeld,Keine Einschränkung,Keine Einschränkung,Nominierung eingeschränkt,1991,
O004132,,Ehrung für das Wissenschaftliche Lebenswerk,de,Honor for the Scientific Lifetime Achievement,ORAP,Ehrung für das Wissenschaftliche Lebenswerk,Webseite,Deutsche Gesellschaft für Psychologie,wissenschaftlicher Sektor,DE,https://www.dgps.de/die-dgps/preise-und-ehrungen/wissenschaftliches-lebenswerk/,Forschung,Wissenschaftlicher Preis,Nein,Keine Angabe,Keine Angabe,Einrichtungs- oder organisationsgebunden,Deutschland,Keine Angabe,2001,
O001052,,Schiffbauer-Ehrenpreis,de,Schiffbauer Honorary Prize,ORAP,Schiffbauer-Ehrenpreis,Webseite,Rolf-und-Hubertine-Schiffbauer-Stiftung,Stiftungen,DE,https://www.dggeriatrie.de/wissenschaft/preise-und-stipendien/1056-preise-der-rolf-und-hubertine-schiffbauer-stiftung,Forschung,Wissenschaftlicher Preis,Nein,6000,EUR,DACH,Deutschland,Nominierung eingeschränkt,2007,
O004245,,Förderpreis der Horst-Wiehe-Stiftung,de,Sponsorship award of the Horst Wiehe Foundation,ORAP,Förderpreis der Horst-Wiehe-Stiftung,Webseite,Deutsche Zoologische Gesellschaft,wissenschaftlicher Sektor,DE,https://www.dzg-ev.de/ehrungen-preise/horst-wiehe-preis/,Forschung,Wissenschaftlicher Preis,Ja,2000,EUR,Keine Einschränkung,Keine Einschränkung,Eigenbewerbung und Nominierung,1991,
O004311,,Innovationspreis,de,Innovation Award,ORAP,Innovationspreis,Webseite,Deutsche Gesellschaft für Unfallchirurgie,wissenschaftlicher Sektor,DE,https://dgou.de/preise-stipendien/preise/klinische-forschung/innovationspreis,Forschung,Wissenschaftlicher Preis,Nein,10000,EUR,Keine Einschränkung,Keine Einschränkung,Eigenbewerbung,1998,
O020042,,Innovationspreis,de,Innovation Award,ORAP,Innovationspreis,Webseite,Vodafone-Stiftung,Stiftungen,DE,https://vodafone-stiftung-fuer-forschung.de/,Forschung,Wissenschaftlicher Preis,Nein,25000,EUR,Keine Einschränkung,Keine Einschränkung,Nominierung eingeschränkt,1997,
O002533,,Dozentenpreis,de,Lecturer Award,ORAP,Dozentenpreis,Webseite,Fonds der Chemischen Industrie,Stiftungen,DE,https://www.vci.de/fonds/hochschulfoerderung/dozentenpreis/uebersichtsseite.jsp,Forschung,Wissenschaftlicher Preis,Ja,25000,EUR,DACH,Deutschland,Nominierung eingeschränkt,1990,
O002638,Q26882892,Loeffler-Frosch-Medaille der Gesellschaft für Virologie e.V. (GfV),de,Frosch Medal of the Society of Virology e.V.,Webseite,Loeffler-Frosch-Medaille der Gesellschaft für Virologie e.V. (GfV),Webseite,Gesellschaft für Virologie,wissenschaftlicher Sektor,DE,https://g-f-v.org/forschungspreise/,Forschung,Wissenschaftlicher Preis,Nein,Keine Angabe,Keine Angabe,DACH,Deutschland; Österreich; Schweiz,Nominierung eingeschränkt,2006,
O011171,Q2051240,Paracelsus-Medaille,de,Paracelsus Medal,ORAP,Paracelsus-Medaille,Webseite,Bundesärztekammer,öffentlicher Sektor,DE,https://www.bundesaerztekammer.de/baek/ueber-uns/auszeichnungen,Forschung,Wissenschaftlicher Preis,Nein,Kein Preisgeld,Kein Preisgeld,Keine Einschränkung,Keine Einschränkung,Nominierung eingeschränkt,1952,
O004414,Q24321806,Paracelsus Prize,en,Paracelsus Prize,Webseite,Paracelsus-Preis,ORAP,Swiss Chemical Society,wissenschaftlicher Sektor,CH,https://scg.ch/component/pages/page-paracelsus,Forschung,Wissenschaftlicher Preis,Nein,20000,CHF,Keine Einschränkung,Keine Einschränkung,Nominierung offen,1941,
O011183,Q1443256,Paul-Langerhans-Medaille,de,Paul Langerhans Medal,ORAP,Paul-Langerhans-Medaille,Webseite,Deutsche Diabetes Gesellschaft,wissenschaftlicher Sektor,DE,https://www.ddg.info/die-ddg/ehrungen,Forschung,Wissenschaftlicher Preis,Nein,Keine Angabe,Keine Angabe,Keine Einschränkung,Keine Einschränkung,Keine Angabe,1972,
O011213,Q2108424,Preis der Peregrinus-Stiftung,de,Peregrinus Foundation Prize,Webseite,Preis der Peregrinus-Stiftung,Webseite,Bayerische Akademie der Wissenschaften,wissenschaftlicher Sektor,DE,https://badw.de/gelehrtengemeinschaft/preise-und-medaillen.html,Forschung,Wissenschaftlicher Preis,Ja,8000,EUR,Keine Angabe,Keine Angabe,Nominierung offen,1997,
O002795,,Preis für Postdoktorandinnen und Postdoktoranden,de,Post-doctoral Awards,Webseite,Preis für Postdoktorandinnen und Postdoktoranden,Webseite,Robert-Koch-Stiftung,wissenschaftlicher Sektor,DE,https://www.robert-koch-stiftung.de/preise/preis-fuer-postdoktorandinnen-und-postdoktoranden,Forschung,Wissenschaftlicher Preis,Ja,5000,EUR,Keine Einschränkung,Keine Einschränkung,Nominierung offen,1998,
O001157,,Präventionspreis,de,Prevention Award,ORAP,Präventionspreis,Webseite,Deutsche Stiftung Innere Medizin; Deutsche Gesellschaft für Innere Medizin,wissenschaftlicher Sektor; wissenschaftlicher Sektor,DE; DE,https://www.dgim.de/ueber-uns/ehrungen-und-preise/praeventionspreis/,Forschung,Wissenschaftlicher Preis,Nein,10000,EUR,DACH,Deutschland; Österreich; Schweiz,Eigenbewerbung,2000,
O001167,,Preis für ein hervorragendes wissenschaftliches Lebenswerk,de,Prize for an outstanding scientific lifetime achievement,ORAP,Preis für ein hervorragendes wissenschaftliches Lebenswerk,Webseite,Deutsche Gesellschaft für Soziologie,wissenschaftlicher Sektor,DE,https://soziologie.de/dgs/preise/preis-fuer-ein-hervorragendes-wissenschaftliches-lebenswerk,Forschung,Wissenschaftlicher Preis,Nein,Keine Angabe,Keine Angabe,Keine Angabe,Keine Angabe,Nominierung offen,2000,
O002394,,Preis der Akademie für ökologische Landesforschung e. V.,de,Prize of the Academy for Ecological Landscape Research,ORAP,Preis der Akademie für ökologische Landesforschung e. V.,Webseite,Akademie für ökologische Landesforschung,wissenschaftlicher Sektor,DE,https://www.akademie-landesforschung.de/preis-der-akademie/,Forschung,Wissenschaftlicher Preis,Nein,Keine Angabe,Keine Angabe,DACH,Deutschland,Keine Angabe,2000,
O001161,,Preis der Berlin-Brandenburgischen Akademie der Wissenschaften - gestiftet von der Peregrinus-Stiftung (Rudolf Meimberg),de,Prize of the Berlin-Brandenburg Academy of Sciences and Humanities - donated by the Peregrinus Foundation (Rudolf Meimberg) -,Webseite,Preis der Berlin-Brandenburgischen Akademie der Wissenschaften - gestiftet von der Peregrinus-Stiftung (Rudolf Meimberg),Webseite,Berlin-Brandenburgische Akademie der Wissenschaften,wissenschaftlicher Sektor,DE,https://www.bbaw.de/die-akademie/auszeichnungen/preise/preis-der-akademie-gestiftet-von-der-peregrinus-stiftung-rudolf-meimberg,Forschung,Wissenschaftlicher Preis,Nein,8000,EUR,International,Ost- oder Südosteuropäische Staaten,Nominierung eingeschränkt,1996,
O002819,,Publikationspreis der Deutschen Gesellschaft für Andrologie,de,Publication prize of the German Society for Andrology,ORAP,Publikationspreis der Deutschen Gesellschaft für Andrologie,Webseite,Deutsche Gesellschaft für Andrologie,wissenschaftlicher Sektor,DE,https://www.dg-andrologie.de/forschung/publikationspreis.html,Forschung,Wissenschaftlicher Preis,Nein,2000,EUR,Keine Angabe,Keine Angabe,Eigenbewerbung,,
O001155,,Forschungspreis,de,Research Prize,ORAP,Forschungspreis,Webseite,Peter und Traudl Engelhorn Stiftung zur Förderung der Lebenswissenschaften,wissenschaftlicher Sektor,DE,https://engelhorn-stiftung.de/forschungspreis/,Forschung,Wissenschaftlicher Preis,Ja,10000,EUR,DACH,Deutschland; Österreich; Schweiz,Eigenbewerbung und Nominierung,2001,
O002417,,Forschungspreis „Intensivmedizin“,de,"Research prize ""Intensive Care Medicine""",ORAP,Forschungspreis „Intensivmedizin“,Webseite,Deutsche Gesellschaft für Internistische Intensivmedizin und Notfallmedizin,wissenschaftlicher Sektor,DE,https://www.dgiin.de/dgiin-wissenschaft-und-medienpreise/,Forschung,Wissenschaftlicher Preis,Nein,2500,EUR,Einrichtungs- oder organisationsgebunden,Deutschland,Eigenbewerbung,2003,
O001678,Q2172245,Rudolf-Kaiser-Preis,de,Rudolf Kaiser Prize,ORAP,Rudolf-Kaiser-Preis,Webseite,Rudolf-Kaiser-Stiftung,Stiftungen,DE,https://www.deutsches-stiftungszentrum.de/stiftungen/rudolf-kaiser-stiftung,Forschung,Wissenschaftlicher Preis,Ja,30000,EUR,DACH,Deutschland,Eigenbewerbung und Nominierung,1989,
O004573,,"Wissenschaftspreis ""Gesellschaft braucht Wissenschaft""",de,"Science prize ""Society needs science""",ORAP,"Wissenschaftspreis ""Gesellschaft braucht Wissenschaft""",Webseite,Stifterverband für die Deutsche Wissenschaft; Leibniz-Gemeinschaft,wissenschaftlicher Sektor; wissenschaftlicher Sektor,DE; DE,https://www.stifterverband.org/gesellschaft-braucht-wissenschaft,Forschung,Wissenschaftlicher Preis,Nein,50000,EUR,DACH,Deutschland,Keine Angabe,2002,2018
O002389,,Förderpreis,de,Sponsorship award,ORAP,Förderpreis,Webseite,Deutsche Gesellschaft für Hygiene und Mikrobiologie,wissenschaftlicher Sektor,DE,https://www.dghm.org/startseite/dghm-stiftung/ausschreibung-der-dghm-preise/,Forschung,Wissenschaftlicher Preis,Ja,Keine Angabe,Keine Angabe,DACH,Deutschland,Eigenbewerbung und Nominierung,1980,
O002404,,Förderpreis des Fachverbandes Medizingeschichte e.V.,de,Sponsorship award of the Fachverband Medizingeschichte,ORAP,Förderpreis des Fachverbandes Medizingeschichte e.V.,Webseite,Fachverband Medizingeschichte,wissenschaftlicher Sektor,DE,https://www.fachverband-medizingeschichte.de/foerderpreis,Forschung,Wissenschaftlicher Preis,Ja,1000,EUR,Keine Angabe,Keine Angabe,Eigenbewerbung und Nominierung,2019,
O001065,,Förderpreis der H. Wilhelm Schaumann Stiftung,de,Sponsorship Prize of the H. Wilhelm Schaumann Foundation,ORAP,Förderpreis der H. Wilhelm Schaumann Stiftung,Webseite,H. Wilhelm Schaumann Stiftung,Stiftungen,DE,https://www.schaumann-stiftung.de/de/forderpreistrager-1694.htm,Forschung,Wissenschaftlicher Preis,Ja,10000,EUR,DACH,Deutschland; Österreich; Schweiz,Nominierung eingeschränkt,1983,
O010006,Q1802352,Landeslehrpreis,de,State Teaching Prize,ORAP,Landeslehrpreis,Webseite,"Ministerium für Wissenschaft, Forschung und Kunst Baden-Württemberg",öffentlicher Sektor,DE,https://mwk.baden-wuerttemberg.de/de/hochschulen-studium/hochschulpolitik/landeslehrpreis/,Lehre,Wissenschaftlicher Preis,Nein,50000,EUR,DACH,Deutschland | Baden-Württemberg,Keine Angabe,1993,
O001697,,Theodor-Axenfeld-Preis,de,Theodor Axenfeld Prize,ORAP,Theodor-Axenfeld-Preis,Webseite,Georg Thieme Verlag,wirtschaftlicher Sektor,DE,https://www.thieme.com/de-de/wen-wir-unterstuetzen/journalist-in/news/theodor-axenfeld-preis-2023,Forschung,Wissenschaftlicher Preis,Nein,1500,EUR,Keine Angabe,Keine Angabe,Keine Angabe,1938,
O011388,Q71718461,Theoriepreis,de,Theory Prize,ORAP,Theoriepreis,Webseite,Deutsche Gesellschaft für Publizistik- und Kommunikationswissenschaft,wissenschaftlicher Sektor,DE,https://www.dgpuk.de/de/theoriepreis.html,Forschung,Wissenschaftlicher Preis,Nein,Keine Angabe,Keine Angabe,DACH,Deutschland,Eigenbewerbung,2015,
O002220,,VGDH-Dissertationspreis,de,VGDH Dissertation Prize,ORAP,VGDH-Dissertationspreis,Webseite,Verband der Geographen an deutschen Hochschulen und Forschungseinrichtungen,wissenschaftlicher Sektor,DE,https://vgdh.de/ueber-uns/auszeichnungen/,Forschung,Wissenschaftlicher Preis,Ja,1500,EUR,DACH,Deutschland; Österreich; Schweiz,Keine Angabe,1995,
O002253,Q1287795,Eduard-Anthes-Preis,de,Eduard Anthes Prize,ORAP,Eduard-Anthes-Preis,Webseite,Verein von Altertumsfreunden im Regierungsbezirk Darmstadt,Sonstige,DE,https://wissenschaft.hessen.de/eduard-anthes-preis,Forschung,Wissenschaftlicher Preis,Nein,7500,EUR,DACH,Deutschland,Eigenbewerbung und Nominierung,1985,
O002852,,Schmalenbach-Preis,de,Schmalenbach Prize,ORAP,Schmalenbach-Preis,Webseite,Schmalenbach-Gesellschaft für Betriebswirtschaft,wissenschaftlicher Sektor,DE,https://www.schmalenbach.org/index.php/careercenter/schmalenbach-preis,Forschung,Wissenschaftlicher Preis,Ja,10000,EUR,DACH,Deutschland; Österreich; Schweiz,Nominierung eingeschränkt,1988,
O004190,,Fritz Theodor Epstein-Preis,de,Fritz Theodor Epstein Prize,ORAP,Fritz Theodor Epstein-Preis,Webseite,Verband der Osteuropahistorikerinnen und -historiker,wissenschaftlicher Sektor,DE,https://www.osteuropa-historiker.de/fritz-theodor-epstein-preis/,Forschung,Wissenschaftlicher Preis,Ja,Keine Angabe,Keine Angabe,DACH,Deutschland; Österreich; Schweiz,Nominierung eingeschränkt,1986,
O004404,,Otto-Meyerhof-Preis,de,Otto Meyerhof Prize,Webseite,Otto-Meyerhof-Preis,Webseite,Boehringer Ingelheim International; Gesellschaft für Biochemie und Molekularbiologie,wirtschaftlicher Sektor; wissenschaftlicher Sektor,DE; DE,https://gbm-online.de/de/studium-karriere/awards-of-the-gbm/awards-of-the-gbm-details/otto-meyerhof-prize.html,Forschung,Wissenschaftlicher Preis,Ja,5000,EUR,DACH,Deutschland,Eigenbewerbung und Nominierung,1998,
O004543,,VDE Ehrenring,de,VDE Honorary Ring,ORAP,VDE Ehrenring,Webseite,VDE Verband der Elektrotechnik Elektronik Informationstechnik e.V.,Sonstige,DE,https://www.vde.com/de/ueber-uns/preise-ehrungen/ehrenring,Forschung,Wissenschaftlicher Preis,Nein,Kein Preisgeld,Kein Preisgeld,Keine Angabe,Keine Angabe,Keine Angabe,1958,
O010605,Q61597145,Elisabeth of Bohemia Prize,en,Elisabeth of Bohemia Prize,Webseite,Elisabeth-von-Böhmen-Preis,ORAP,Center for the History of Women Philosophers and Scientists,wissenschaftlicher Sektor,DE,"https://historyofwomenphilosophers.org/elisabeth-of-bohemia-prize/#:~:text=The%20Elisabeth%20of%20Bohemia%20Prize%20honors%20scholars%20whose%20work%20best,Ruth%20Hagengruber%2C%20at%20Paderborn%20University.",Forschung,Wissenschaftlicher Preis,Nein,3000,EUR,Keine Einschränkung,Keine Einschränkung,Keine Angabe,2018,
O010695,Q26821316,Fritz-Leonhardt-Preis,de,Fritz Leonhardt Prize,ORAP,Fritz-Leonhardt-Preis,Webseite,Ingenieurkammer Baden-Württemberg; Verband Beratender Ingenieure,Sonstige; Sonstige,DE; DE,https://web.archive.org/web/20231024175206/https://www.ingbw.de/voranbringen/ingenieurpreise/fritz-leonhardt-preis.html,Forschung,Wissenschaftliche Auszeichnung,Nein,10000,EUR,Keine Angabe,Keine Angabe,Keine Angabe,1999,2018
O012227,Q17461359,KNCV Gouden Medaille,nl,KNCV Gouden Medal,ORAP,KNCV Gouden Medaille,ORAP,Koninklijke Nederlandse Chemische Vereniging,wissenschaftlicher Sektor,NL,https://www.kncv.nl/prijzen/kncv-gouden-medaille/kncv-gouden-medaille,Forschung,Wissenschaftlicher Preis,Ja,Keine Angabe,Keine Angabe,International,Niederlande,Nominierung offen,2000,
O020033,,Hans G.A. Hellmann-Preis,de,Hans G.A. Hellmann Prize,ORAP,Hans G.A. Hellmann-Preis,Webseite,Deutschen Gesellschaft für Prävention und Rehabilitation von Herz-Kreislauferkrankungen,wissenschaftlicher Sektor,DE,https://agtc.univie.ac.at/?page_id=68,Forschung,Wissenschaftlicher Preis,Ja,Keine Angabe,Keine Angabe,DACH,Deutschland,Nominierung offen,1999,
O001416,Q48755451,Else Kröner Fresenius Preis für medizinische Forschung,de,Else Kröner Fresenius Prize for Medical Research,Webseite,Else Kröner Fresenius Preis für medizinische Forschung,Webseite,Else Kröner-Fresenius-Stiftung,Stiftungen,DE,https://www.ekfs.de/wissenschaftliche-foerderung/internationaler-forschungspreis,Forschung,Wissenschaftlicher Preis,Nein,2500000,EUR,Keine Einschränkung,Keine Einschränkung,Nominierung eingeschränkt,2013,
O002599,Q19287589,Karl Rahner Preis,de,Karl Rahner Prize,ORAP,Karl Rahner Preis,Webseite,Karl-Rahner-Stiftung,Stiftungen,DE,https://www.uibk.ac.at/theol/its/karl-rahner-preis.html,Forschung,Wissenschaftlicher Preis,Ja,5000,EUR,Keine Angabe,Keine Angabe,Eigenbewerbung,1985,
O001003,,Adolf-Windorfer-Preis,de,Adolf Windorfer Prize,ORAP,Adolf-Windorfer-Preis,Webseite,Mukoviszidose e.V. – Bundesverband Cystische Fibrose (CF),Stiftungen,DE,https://www.muko.info/was-wir-tun/forschungsfoerderung/adolf-windorfer-preis,Forschung,Wissenschaftlicher Preis,Nein,5000,EUR,DACH,Deutschland,Nominierung eingeschränkt,1987,
O001004,Q414530,Akademiepreis der Berlin-Brandenburgischen Akademie der Wissenschaften,de,Academy Prize of the Berlin-Brandenburg Academy of Sciences and Humanities,Webseite,Akademiepreis der Berlin-Brandenburgischen Akademie der Wissenschaften,Webseite,Berlin-Brandenburgische Akademie der Wissenschaften,wissenschaftlicher Sektor,DE,https://www.bbaw.de/die-akademie/auszeichnungen/preise/akademiepreis,Forschung,Wissenschaftlicher Preis,Nein,50000,EUR,Keine Einschränkung,Keine Einschränkung,Nominierung eingeschränkt,1996,
O001006,,Akademiepreis des Landes Rheinland-Pfalz,de,Academy Award of the State of Rhineland-Palatinate,ORAP,Akademiepreis des Landes Rheinland-Pfalz,Webseite,Land Rheinland-Pfalz; Akademie der Wissenschaften und der Literatur Mainz,öffentlicher Sektor; wissenschaftlicher Sektor,DE; DE,https://www.adwmainz.de/akademie/preise-und-stiftungen/akademiepreis-des-landes-rheinland-pfalz.html,Forschung,Wissenschaftlicher Preis,Nein,25000,EUR,DACH,Deutschland | Rheinland-Pfalz,Keine Angabe,2001,
O001007,Q1735276,Alfried Krupp-Förderpreis,de,Alfried Krupp Prize,Webseite,Alfried Krupp-Förderpreis,Webseite,Alfried Krupp von Bohlen und Halbach-Stiftung,wissenschaftlicher Sektor,DE,https://www.krupp-stiftung.de/alfried-krupp-foerderpreis/,Forschung,Wissenschaftliche Auszeichnung,Ja,1100000,EUR,DACH,Deutschland,Nominierung offen,1986,
O001010,,Ars legendi-Fakultätenpreis Mathematik und Naturwissenschaften,de,Ars Legendi Faculty Award for Mathematics and Natural Sciences,ORAP,Ars legendi-Fakultätenpreis Mathematik und Naturwissenschaften,Webseite,"Stifterverband für die Deutsche Wissenschaft; Verband Biologie, Biowissenschaften und Biomedizin in Deutschland; Gesellschaft Deutscher Chemiker; Deutsche Mathematiker-Vereinigung; Deutsche Physikalische Gesellschaft",wissenschaftlicher Sektor; wissenschaftlicher Sektor; wissenschaftlicher Sektor; wissenschaftlicher Sektor; wissenschaftlicher Sektor,DE; DE; DE; DE; DE,https://www.stifterverband.org/ars-legendi-mn,Lehre,Wissenschaftlicher Preis,Nein,5000,EUR,DACH,Deutschland,Nominierung eingeschränkt,2014,
O001011,,Ars legendi-Fakultätenpreis Medizin,de,Ars Legendi Faculty Award for Medicine,ORAP,Ars legendi-Fakultätenpreis Medizin,Webseite,Stifterverband für die Deutsche Wissenschaft; Medizinischer Fakultätentag,wissenschaftlicher Sektor; wissenschaftlicher Sektor,DE; DE,https://www.stifterverband.org/ars-legendi-medizin,Lehre,Wissenschaftlicher Preis,Nein,20000,EUR,DACH,Deutschland,Keine Angabe,2010,
O001012,,Ars legendi-Fakultätenpreis Sportwissenschaft,de,Ars Legendi Faculty Award for Sports Science,ORAP,Ars legendi-Fakultätenpreis Sportwissenschaft,Webseite,Stifterverband für die Deutsche Wissenschaft; Fakultätentag Sportwissenschaft; Deutsche Vereinigung für Sportwissenschaft,wissenschaftlicher Sektor; wissenschaftlicher Sektor; wissenschaftlicher Sektor,DE; DE; DE,https://www.stifterverband.org/ars-legendi-sport,Lehre,Wissenschaftlicher Preis,Nein,10000,EUR,DACH,Deutschland,Keine Angabe,2017,
O001013,Q114895323,Arthur Burkhardt-Preis,de,Arthur Burkhardt Prize,ORAP,Arthur Burkhardt-Preis,Webseite,Arthur Burkhardt-Stiftung,Stiftungen,DE,http://www.arthur-burkhardt-stiftung.de/,Forschung,Wissenschaftlicher Preis,Nein,10000,EUR,Keine Angabe,Keine Angabe,Keine Angabe,1984,
O001014,Q779677,Ausonius-Preis,de,Ausonius Prize,ORAP,Ausonius-Preis,Webseite,Universität Trier,wissenschaftlicher Sektor,DE,https://www.uni-trier.de/forschung/zat/default-5e3ccbab7e46970657c148172107ec15/ausonius-preis,Forschung,Wissenschaftlicher Preis,Nein,Keine Angabe,Keine Angabe,Einrichtungs- oder organisationsgebunden,Deutschland | Rheinland-Pfalz | Trier,Keine Angabe,1998,
O001015,Q857345,Bielefelder Wissenschaftspreis,de,Bielefeld Science Award,Webseite,Bielefelder Wissenschaftspreis,Webseite,Stiftung der Sparkasse Bielefeld; Stadt Bielefeld; Universität Bielefeld,Stiftungen; öffentlicher Sektor; wissenschaftlicher Sektor,DE; DE; DE,https://www.uni-bielefeld.de/uni/profil/preise-ehrungen/bielefelder-wissenschaftspreis/,Forschung,Wissenschaftlicher Preis,Nein,25000,EUR,Keine Einschränkung,Keine Einschränkung,Nominierung offen,2004,
O001020,,Carl Erdmann Preis,de,Carl Erdmann Prize,ORAP,Carl Erdmann Preis,Webseite,Verband der Historiker und Historikerinnen Deutschlands,wissenschaftlicher Sektor,DE,https://www.historikerverband.de/aktivitaeten/preise/carl-erdmann-preis/,Forschung,Wissenschaftlicher Preis,Nein,8000,EUR,DACH,Deutschland,Eigenbewerbung und Nominierung,2012,
O001022,,Carl-Zeiss-Humboldt-Forschungspreis,de,Carl-Zeiss-Humboldt Research Award,Webseite,Carl-Zeiss-Humboldt-Forschungspreis,Webseite,Alexander von Humboldt-Stiftung,wissenschaftlicher Sektor,DE,https://www.humboldt-foundation.de/bewerben/foerderprogramme/carl-zeiss-humboldt-forschungspreis,Forschung,Wissenschaftliche Auszeichnung,Nein,100000,EUR,International,alle Länder (außer Deutschland),Nominierung Einrichtung / Gremium,2022,
O001025,,Christiane Herzog Preis für Mukoviszidose-Forschung,de,Christiane Herzog Award for cystic fibrosis research,ORAP,Christiane Herzog Preis für Mukoviszidose-Forschung,Webseite,Christiane Herzog Stiftung,Stiftungen,DE,https://christianeherzogstiftung.de/forschungspreis,Forschung,Wissenschaftlicher Preis,Ja,50000,EUR,Keine Angabe,Keine Angabe,Eigenbewerbung,2009,
O001026,Q1120501,Communicator-Preis,de,Communicator Award,Webseite,Communicator-Preis,Webseite,Deutsche Forschungsgemeinschaft; Stifterverband für die Deutsche Wissenschaft,wissenschaftlicher Sektor; wissenschaftlicher Sektor,DE; DE,https://www.dfg.de/gefoerderte_projekte/wissenschaftliche_preise/communicator-preis/index.jsp,Transfer,Wissenschaftlicher Preis,Nein,50000,EUR,DACH,Deutschland,Eigenbewerbung und Nominierung,2000,
O001027,Q1620187,Copernicus-Preis,de,Copernicus Award,Webseite,Copernicus-Preis,Webseite,Deutsche Forschungsgemeinschaft; Fundacja na rzecz Nauki Polskiej,wissenschaftlicher Sektor; wissenschaftlicher Sektor,DE; PL,https://www.dfg.de/foerderung/programme/preise/copernicus-preis/,Forschung,Wissenschaftlicher Preis,Nein,200000,EUR,International,Deutschland; Polen,Eigenbewerbung und Nominierung,2006,
O001028,,Credé-Preis,de,Credé Prize,ORAP,Credé-Preis,Webseite,Deutsche Gesellschaft für Perinatale Medizin,wissenschaftlicher Sektor,DE,https://www.dgpm-online.org/gesellschaft/preise-und-ehrungen/crede-preis/,Forschung,Wissenschaftlicher Preis,Nein,3500,EUR,DACH,Deutschland,Nominierung eingeschränkt,1982,
O001029,,DAGStat-Medaille,de,DAGStat Medal,Webseite,DAGStat-Medaille,Webseite,Deutsche Arbeitsgemeinschaft Statistik,wissenschaftlicher Sektor,DE,https://www.dagstat.de/aktivitaeten/dagstat-medaille,Forschung,Wissenschaftlicher Preis,Nein,Keine Angabe,Keine Angabe,DACH,Deutschland,Keine Angabe,2013,
O001031,,Richard-Willstätter-Preis für Chemische Biologie,de,Richard Willstaetter Prize for Chemical Biology,Webseite,Richard-Willstätter-Preis für Chemische Biologie,Webseite,DECHEMA - Gesellschaft für Chemische Technik und Biotechnologie; Deutsche Pharmazeutische Gesellschaft; Gesellschaft für Biochemie und Molekularbiologie; Gesellschaft Deutscher Chemiker,wissenschaftlicher Sektor; wissenschaftlicher Sektor; wissenschaftlicher Sektor; wissenschaftlicher Sektor,DE; DE; DE; DE,https://www.gdch.de/gdch/preise-und-auszeichnungen/gdch-preise/richard-willstaetter-preis-fuer-chemische-biologie.html,Forschung,Wissenschaftlicher Preis,Nein,6000,EUR,DACH,Deutschland,Keine Angabe,2020,
O001032,Q1173470,David-Sackett-Preis,de,David Sackett Prize,ORAP,David-Sackett-Preis,Webseite,Deutsches Netzwerk Evidenzbasierte Medizin,wissenschaftlicher Sektor,DE,https://www.ebm-netzwerk.de/de/veroeffentlichungen/david-sackett-preis,Forschung,Wissenschaftlicher Preis,Nein,2000,EUR,Keine Angabe,Keine Angabe,Eigenbewerbung und Nominierung,2008,
O001033,Q1205028,Deutscher Krebspreis,de,German Cancer Prize,ORAP,Deutscher Krebspreis,Webseite,Deutsche Krebsgesellschaft,Stiftungen,DE,https://www.deutscher-krebspreis.de/deutscher-krebspreis.html,Forschung,Wissenschaftlicher Preis,Ja,7500,EUR,DACH,Deutschland; Österreich; Schweiz,Nominierung eingeschränkt,1986,
O001036,,Deutscher Wirtschaftspreis der Joachim Herz Stiftung,de,German Business Award of the Joachim Herz Foundation,Webseite,Deutscher Wirtschaftspreis der Joachim Herz Stiftung,Webseite,Joachim Herz Stiftung,Stiftungen,DE,https://www.joachim-herz-stiftung.de/ueber-uns/preise/deutscher-wirtschaftspreis,Forschung,Wissenschaftlicher Preis,Nein,150000,EUR,DACH,Deutschland,Nominierung eingeschränkt,2016,
O001038,,Forschungspreis der DPG,de,Research Prize of the DPG,ORAP,Forschungspreis der DPG,Webseite,Deutsche Gesellschaft für Pneumologie und Beatmungsmedizin,wissenschaftlicher Sektor,DE,https://www.pneumologie.de/dgp/ausschreibungen-preise/forschungspreis,Forschung,Wissenschaftlicher Preis,Nein,10000,EUR,Keine Angabe,Keine Angabe,Keine Angabe,2015,
O001042,,Dorothee-Fliess-Preis für Widerstandsforschung,de,Dorothee Fliess Prize for Resistance Research,ORAP,Dorothee-Fliess-Preis für Widerstandsforschung,Webseite,Forschungsgemeinschaft 20. Juli 1944,wissenschaftlicher Sektor,DE,https://dorothee-fliess-fonds.de/category/verliehene-preise/,Forschung,Wissenschaftlicher Preis,Nein,5000,EUR,Keine Angabe,Keine Angabe,Keine Angabe,2010,
O001043,,Dr. Gaide AMD-Preis,de,Dr. Gaide AMD Prize,ORAP,Dr. Gaide AMD-Preis,Webseite,Retinologische Gesellschaft,wissenschaftlicher Sektor,DE,https://www.retinologie.org/fileadmin/Dateien/Foerderung/Dr_Gaide-Preis_Ausschreibung.pdf,Forschung,Wissenschaftlicher Preis,Ja,10000,EUR,Keine Angabe,Keine Angabe,Eigenbewerbung,2016,
O001045,Q1253790,Dr. Leopold Lucas-Preis,de,Dr. Leopold Lucas Prize,Webseite,Dr. Leopold Lucas-Preis,Webseite,Eberhard Karls Universität Tübingen,wissenschaftlicher Sektor,DE,https://uni-tuebingen.de/fakultaeten/evangelisch-theologische-fakultaet/fakultaet/lucas-preis/,Forschung,Wissenschaftlicher Preis,Nein,50000,EUR,Keine Einschränkung,Keine Einschränkung,Keine Angabe,1972,
O001050,,DZIF-Preis für translationale Infektionsforschung,de,DZIF Prize for Translational Infection Research,Webseite,DZIF-Preis für translationale Infektionsforschung,Webseite,Deutsches Zentrum für Infektionsforschung,wissenschaftlicher Sektor,DE,https://www.dzif.de/de/ausschreibung-dzif-preis-fuer-translationale-infektionsforschung-2025,Forschung,Wissenschaftlicher Preis,Nein,5000,EUR,DACH,Deutschland,Eigenbewerbung und Nominierung,2014,
O001053,,Elise-Reimarus-Preis,de,Elise Reimarus Prize,Webseite,Elise-Reimarus-Preis,Webseite,Akademie der Wissenschaften in Hamburg,wissenschaftlicher Sektor,DE,https://www.awhamburg.de/nachwuchsfoerderung/elise-reimarus-preis.html,Forschung,Wissenschaftlicher Preis,Ja,4000,EUR,DACH,Hamburg; Schleswig-Holstein; Mecklenburg-Vorpommern; Bremen,Eigenbewerbung,2021,
O001054,,Friedrich-Preis,de,Friedrich Prize,ORAP,Friedrich-Preis,Webseite,Friedrich Stiftung,Stiftungen,DE,https://erhard-friedrich-stiftung.de/der-friedrich-preis/,Forschung,Wissenschaftlicher Preis,Nein,Keine Angabe,Keine Angabe,DACH,Deutschland; Österreich; Schweiz,Keine Angabe,1998,
O001059,Q1347076,Erwin-Schrödinger-Preis,de,Erwin Schroedinger Prize,ORAP,Erwin-Schrödinger-Preis,Webseite,Stifterverband für die Deutsche Wissenschaft; Hermann von Helmholtz-Gemeinschaft Deutscher Forschungszentren e.V.,wissenschaftlicher Sektor; wissenschaftlicher Sektor,DE; DE,https://www.stifterverband.org/schroedinger-preis,Forschung,Wissenschaftlicher Preis,Nein,50000,EUR,Einrichtungs- oder organisationsgebunden,Deutschland,Nominierung Einrichtung / Gremium,1999,2021
O001061,Q23017310,Eva Luise Köhler Forschungspreis,de,Eva Luise Koehler Research Award,Webseite,Eva Luise Köhler Forschungspreis,Webseite,Eva Luise und Horst Köhler Stiftung,Stiftungen,DE,https://www.elhks.de/forschung/eva-luise-koehler-forschungspreis/,Forschung,Wissenschaftliche Auszeichnung,Nein,50000,EUR,Keine Einschränkung,Keine Einschränkung,Eigenbewerbung,2008,
O001063,Q1403281,Felix-Wankel-Tierschutz-Forschungspreis,de,Felix Wankel Animal Protection Research Prize,ORAP,Felix-Wankel-Tierschutz-Forschungspreis,Webseite,Ludwig-Maximilians-Universität München,wissenschaftlicher Sektor,DE,http://www.felix-wankel-forschungspreis.de/aktuelles.html,Forschung,Wissenschaftlicher Preis,Nein,30000,EUR,Keine Einschränkung,Keine Einschränkung,Nominierung eingeschränkt,1972,
O001068,,Franz J. Köhler Preis,de,Franz J. Koehler Award,Webseite,Franz J. Köhler Preis,Webseite,"Deutsche Gesellschaft für Thorax-, Herz- und Gefäßchirurgie",wissenschaftlicher Sektor,DE,https://www.koehler-chemie.de/unternehmen/preise/,Forschung,Wissenschaftlicher Preis,Nein,7500,EUR,Keine Einschränkung,Keine Einschränkung,Eigenbewerbung und Nominierung,1990,
O001070,,Franz-Xaver-Kaufmann-Preis,de,Franz Xaver Kaufmann Prize,Webseite,Franz-Xaver-Kaufmann-Preis,Webseite,Universität Bielefeld,wissenschaftlicher Sektor,DE,https://www.uni-bielefeld.de/fakultaeten/soziologie/forschung/franz-xaver-kaufmann-preis/,Forschung,Wissenschaftlicher Preis,Ja,10000,EUR,Keine Angabe,Keine Angabe,Nominierung eingeschränkt,2019,
O001071,Q1455666,Fresenius-Preis,de,Fresenius Prize,Webseite,Fresenius-Preis,Webseite,Gesellschaft Deutscher Chemiker,wissenschaftlicher Sektor,DE,https://www.gdch.de/gdch/preise-und-auszeichnungen/gdch-preise/fresenius-preis.html,Forschung,Wissenschaftlicher Preis,Nein,7500,EUR,Keine Angabe,Keine Angabe,Nominierung offen,1962,
O001074,Q15811222,Gaede-Preis,de,Gaede Prize,ORAP,Gaede-Preis,Webseite,Deutsche Physikalische Gesellschaft,wissenschaftlicher Sektor,DE,https://www.dpg-physik.de/auszeichnungen/dpg-preise/gaede-preis,Forschung,Wissenschaftlicher Preis,Ja,10000,EUR,Keine Angabe,Keine Angabe,Eigenbewerbung und Nominierung,1986,
O001075,Q1508756,Georges-Köhler-Preis,de,Georges-Köhler Prize,Webseite,Georges-Köhler-Preis,Webseite,Deutsche Gesellschaft für Immunologie,wissenschaftlicher Sektor,DE,https://dgfi.org/preise/koehler-preis/,Forschung,Wissenschaftlicher Preis,Ja,3000,EUR,Einrichtungs- oder organisationsgebunden,Deutschland,Eigenbewerbung und Nominierung,1998,
O001076,,Generationengerechtigkeits-Preis,de,Intergenerational Justice Prize,Webseite,Generationengerechtigkeits-Preis,Webseite,Stiftung für die Rechte zukünftiger Generationen; Intergenerational Foundation,Stiftungen; Stiftungen,DE; GB,https://generationengerechtigkeit.info/generationengerechtigkeits-preis/,Forschung,Wissenschaftlicher Preis,Ja,10000,EUR,Keine Angabe,Keine Angabe,Eigenbewerbung,2001,
O001077,Q17575033,Gmelin-Beilstein-Denkmünze,de,Gmelin-Beilstein Commemorative Medal,Webseite,Gmelin-Beilstein-Denkmünze,Webseite,Gesellschaft Deutscher Chemiker,wissenschaftlicher Sektor,DE,https://www.gdch.de/gdch/preise-und-auszeichnungen/gdch-preise/gmelin-beilstein-denkmuenze.html,Forschung,Wissenschaftlicher Preis,Nein,7500,EUR,Keine Einschränkung,Keine Einschränkung,Keine Angabe,1954,
O001078,Q318716,Hermann-Heinrich-Gossen-Preis,de,Hermann Heinrich Gossen Award,Webseite,Hermann-Heinrich-Gossen-Preis,Webseite,Verein für Socialpolitik,wissenschaftlicher Sektor,DE,https://www.socialpolitik.de/de/hermann-heinrich-gossen-preis,Forschung,Wissenschaftlicher Preis,Ja,10000,EUR,DACH,Deutschland; Österreich; Schweiz,Nominierung eingeschränkt,1997,
O001079,Q703205,Gottfried Wilhelm Leibniz-Preis,de,Gottfried Wilhelm Leibniz Prize,Webseite,Gottfried Wilhelm Leibniz-Preis,Webseite,Deutsche Forschungsgemeinschaft,wissenschaftlicher Sektor,DE,https://www.dfg.de/de/gefoerderte-projekte/wissenschaftliche-preise/leibniz-preis,Forschung,Wissenschaftlicher Preis,Nein,2500000,EUR,DACH,Deutschland,Nominierung Einrichtung / Gremium,1986,
O001080,Q117357112,Greve-Preis,de,Greve Prize,Webseite,Greve-Preis,Webseite,Deutsche Akademie der Naturforscher Leopoldina,wissenschaftlicher Sektor,DE,https://www.leopoldina.org/ueber-uns/auszeichnungen/preise-und-ehrungen/greve-preis/,Forschung,Wissenschaftlicher Preis,Nein,250000,EUR,DACH,Deutschland,Keine Angabe,2022,
O001082,Q950017,Gustav-Hertz-Preis,de,Gustav Hertz Prize,ORAP,Gustav-Hertz-Preis,Webseite,Deutsche Physikalische Gesellschaft,wissenschaftlicher Sektor,DE,https://www.dpg-physik.de/auszeichnungen/dpg-preise/gustav-hertz-preis,Forschung,Wissenschaftlicher Preis,Ja,7500,EUR,Keine Angabe,Keine Angabe,Nominierung offen,1993,
O001086,Q52412320,Hartwig Piepenbrock-DZNE Preis,de,Hartwig Piepenbrock-DZNE Prize,Webseite,Hartwig Piepenbrock-DZNE Preis,Webseite,Deutsches Zentrum für Neurodegenerative Erkrankungen; Piepenbrock Unternehmensgruppe,wissenschaftlicher Sektor; wirtschaftlicher Sektor,DE; DE,https://www.dzne.de/aktuelles/preise-und-auszeichnungen/hartwig-piepenbrock-dzne-preis/,Forschung,Wissenschaftlicher Preis,Nein,60000,EUR,Keine Einschränkung,Keine Einschränkung,Nominierung Einrichtung / Gremium,2011,
O001089,Q1468630,Heinz Maier-Leibnitz-Preis,de,Heinz Maier-Leibnitz Prize,Webseite,Heinz Maier-Leibnitz-Preis,Webseite,Deutsche Forschungsgemeinschaft,wissenschaftlicher Sektor,DE,http://www.dfg.de/foerderung/programme/preise/leibnitz-preis/,Forschung,Wissenschaftlicher Preis,Ja,200000,EUR,DACH,Deutschland,Nominierung eingeschränkt,1977,
O001091,Q1603240,Helmholtz-Preis,de,Helmholtz Prize,Webseite,Helmholtz-Preis,Webseite,Helmholtz-Fonds e.V.,wissenschaftlicher Sektor,DE,https://www.helmholtz-fonds.de/helmholtz-preis/,Forschung,Wissenschaftlicher Preis,Nein,20000,EUR,Keine Angabe,Keine Angabe,Eigenbewerbung und Nominierung,1973,
O001093,,Hentschel-Preis,de,Hentschel Prize,ORAP,Hentschel-Preis,Webseite,Hentschel-Stiftung,Stiftungen,DE,https://www.hentschel-stiftung.de/hentschel-preis/,Forschung,Wissenschaftlicher Preis,Ja,5000,EUR,Keine Einschränkung,Keine Einschränkung,Eigenbewerbung,2017,
O001095,Q29932672,Hermann-Sasse-Preis,de,Hermann Sasse Prize,ORAP,Hermann-Sasse-Preis,Webseite,Selbständige Evangelisch-Lutherischen Kirche (SELK),Sonstige,DE,https://www.selk.de/index.php/sasse-preis,Forschung,Wissenschaftlicher Preis,Nein,1500,EUR,Keine Einschränkung,Keine Einschränkung,Keine Angabe,1996,
O001096,Q1614662,Hertha-Sponer-Preis,de,Hertha Sponer Prize,ORAP,Hertha-Sponer-Preis,Webseite,Deutsche Physikalische Gesellschaft,wissenschaftlicher Sektor,DE,https://www.dpg-physik.de/auszeichnungen/dpg-preise/hertha-sponer-preis,Forschung,Wissenschaftlicher Preis,Ja,3000,EUR,Keine Angabe,Keine Angabe,Nominierung offen,2002,
O001097,,Hessischer Hochschulpreis für Exzellenz in der Lehre,de,Hessian University Prize for Excellence in Teaching,ORAP,Hessischer Hochschulpreis für Exzellenz in der Lehre,Webseite,Hessisches Ministerium für Wissenschaft und Kunst,öffentlicher Sektor,DE,https://wissenschaft.hessen.de/studieren/hochschullehrpreis/ausgezeichnete-lehre,Lehre,Wissenschaftlicher Preis,Nein,115000,EUR,DACH,Deutschland | Hessen,Nominierung Einrichtung / Gremium,2016,
O001098,Q55520070,Hochschullehrer des Jahres,de,University Lecturer of the Year,ORAP,Hochschullehrer des Jahres,Webseite,Deutscher Hochschulverband,wissenschaftlicher Sektor,DE,https://www.hochschulverband.de/hochschullehrer-des-jahres,Lehre,Wissenschaftlicher Preis,Nein,10000,EUR,DACH,Deutschland,Nominierung offen,2006,
O001100,,Höffmann-Wissenschaftspreis für Interkulturelle Kompetenz,de,Höffmann Academic Award for Intercultural Competence,Webseite,Höffmann-Wissenschaftspreis für Interkulturelle Kompetenz,Webseite,Universität Vechta,wissenschaftlicher Sektor,DE,https://www.uni-vechta.de/hoeffmann-wissenschaftspreis,Forschung,Wissenschaftlicher Preis,Nein,10000,EUR,Keine Angabe,Keine Angabe,Nominierung Einrichtung / Gremium,2011,
O001101,Q1634062,Hufeland-Preis,de,Hufeland Prize,ORAP,Hufeland-Preis,Webseite,Deutsche Ärzteversicherung,wirtschaftlicher Sektor,DE,https://www.aerzteversicherung.de/Unternehmen/Hufeland-Preis,Forschung,Wissenschaftlicher Preis,Nein,20000,EUR,Keine Angabe,Keine Angabe,Eigenbewerbung,1960,
O001102,,Hugo-Moser-Preis,de,Hugo Moser Prize,ORAP,Hugo-Moser-Preis,Webseite,Hugo-Moser-Stiftung,wissenschaftlicher Sektor,DE,https://www.ids-mannheim.de/org/preise/hugo-moser-preis/,Forschung,Wissenschaftlicher Preis,Ja,7500,EUR,Keine Einschränkung,Keine Einschränkung,Eigenbewerbung und Nominierung,1987,
O001107,,Internationaler Wissenschaftspreis der HGBS,de,International Science Prize,Webseite,Internationaler Wissenschaftspreis der HGBS,Webseite,Hans Günter Brauch-Stiftung,Stiftungen,DE,http://hgb-stiftung.de/html/Wissenschaftspreis.html,Forschung,Wissenschaftlicher Preis,Nein,3000,EUR,Keine Einschränkung,Keine Einschränkung,Keine Angabe,2023,
O001110,,Jacob- und Wilhelm-Grimm-Preis,de,Jacob and Wilhelm Grimm Prize,ORAP,Jacob- und Wilhelm-Grimm-Preis,Webseite,Deutscher Akademischer Austauschdienst,wissenschaftlicher Sektor,DE,https://www.daad.de/de/der-daad/was-wir-tun/preise-auszeichnungen/jacob-wilhelm-grimm-preis/,Forschung,Wissenschaftlicher Preis,Nein,10000,EUR,International,alle Länder (außer Deutschland),Keine Angabe,1995,
O001112,Q29946004,Jochen Block-Preis der Deutschen Gesellschaft für Katalyse,de,Jochen Block Prize of the German Society of Catalysis,ORAP,Jochen Block-Preis der Deutschen Gesellschaft für Katalyse,Webseite,Deutsche Gesellschaft für Katalyse,wissenschaftlicher Sektor,DE,https://dechema.de/%C3%9Cber+uns/Ehrungen+und+Preise/Jochen+Block_Preis/Vergaberichtlinien+Jochen+Block_Preis-highlight-Jochen+Block%25252dPreis-p-20519400.html,Forschung,Wissenschaftlicher Preis,Ja,3000,EUR,Keine Einschränkung,Keine Einschränkung,Nominierung offen,1997,
O001114,,Josef Koncz Preis,de,Josef Koncz Prize,ORAP,Josef Koncz Preis,Webseite,"Deutsche Gesellschaft für Thorax-, Herz- und Gefäßchirurgie",wissenschaftlicher Sektor,DE,https://www.dgthg.de/de/JosefKonczPreis,Forschung,Wissenschaftlicher Preis,Ja,5000,EUR,International,Europa,Eigenbewerbung,1998,
O001116,Q1721515,Kaiser-Friedrich-Forschungspreis,de,Kaiser-Friedrich-Research Prize,ORAP,Kaiser-Friedrich-Forschungspreis,Webseite,Stöbich Brandschutz,wirtschaftlicher Sektor,DE,https://kaiserfriedrichforschungspreis.de/,Transfer,Wissenschaftlicher Preis,Nein,15000,EUR,DACH,Deutschland,Keine Angabe,2003,
O001118,Q52412853,Karl-Freudenberg-Preis,de,Karl Freudenberg Prize,Webseite,Karl-Freudenberg-Preis,Webseite,Heidelberger Akademie der Wissenschaften,wissenschaftlicher Sektor,DE,https://www.hadw-bw.de/preise/Karl-Freudenberg-Preis,Forschung,Wissenschaftlicher Preis,Ja,10000,EUR,DACH,Deutschland | Baden-Württemberg,Nominierung eingeschränkt,1986,
O001119,Q1730045,Karl-Jaspers-Preis,de,Karl Jaspers Prize,Webseite,Karl-Jaspers-Preis,Webseite,Stadt Heidelberg; Universität Heidelberg; Heidelberger Akademie der Wissenschaften,wissenschaftlicher Sektor; wissenschaftlicher Sektor; wissenschaftlicher Sektor,DE; DE; DE,"http://www.heidelberg.de/hd,Lde/HD/Rathaus/Karl_Jaspers_Preis.html",Forschung,Wissenschaftlicher Preis,Nein,25000,EUR,Keine Einschränkung,Keine Einschränkung,Keine Angabe,1983,
O001120,Q29950683,Karl-Ritter-von-Frisch-Medaille,de,Karl-Ritter-von-Frisch-Medal,ORAP,Karl-Ritter-von-Frisch-Medaille,Webseite,Deutsche Zoologische Gesellschaft,wissenschaftlicher Sektor,DE,https://www.dzg-ev.de/ehrungen-preise/wissenschaftspreis/,Forschung,Wissenschaftlicher Preis,Nein,10000,EUR,DACH,Deutschland; Österreich; Schweiz,Nominierung eingeschränkt,1980,
O001124,Q6453962,Körber-Preis für die Europäische Wissenschaft,de,Koerber-Prize for the European Science,ORAP,Körber-Preis für die Europäische Wissenschaft,Webseite,Körber-Stiftung,Stiftungen,DE,https://koerber-stiftung.de/projekte/koerber-preis-fuer-die-europaeische-wissenschaft/,Forschung,Wissenschaftlicher Preis,Nein,1000000,EUR,International,Europa,Nominierung Einrichtung / Gremium,1985,
O001126,,Kurt Kaufmann-Preis,de,Kurt Kaufmann Prize,ORAP,Kurt Kaufmann-Preis,Webseite,Alzheimer Forschung Initiative,wissenschaftlicher Sektor,DE,https://www.alzheimer-forschung.de/spenden-stiften/spendenthemen/kurt-kaufmann-preis/,Forschung,Wissenschaftlicher Preis,Ja,10000,EUR,DACH,Deutschland,Keine Angabe,2014,2022
O001127,Q1802180,Landesforschungspreis Baden-Württemberg,de,Baden-Wuerttemberg State Research Prize,ORAP,Landesforschungspreis Baden-Württemberg,Webseite,"Ministerium für Wissenschaft, Forschung und Kunst Baden-Württemberg",öffentlicher Sektor,DE,https://mwk.baden-wuerttemberg.de/de/forschung/forschungsfoerderung/landesforschungspreis/,Forschung,Wissenschaftlicher Preis,Nein,100000,EUR,DACH,Deutschland | Baden-Württemberg,Nominierung Einrichtung / Gremium,1989,
O001128,Q110653858,Landeslehrpreis Nordrhein-Westfalen,de,North Rhine-Westphalia State Teaching Prize,ORAP,Landeslehrpreis Nordrhein-Westfalen,Webseite,Land Nordrhein-Westfalen,öffentlicher Sektor,DE,https://www.mkw.nrw/hochschule-und-forschung/foerderungen/landeslehrpreis-nordrhein-westfalen,Lehre,Wissenschaftliche Auszeichnung,Ja,50000,EUR,DACH,Deutschland | Nordrhein-Westfalen,Eigenbewerbung und Nominierung,2019,
O001129,,Lehrpreis des Landes Rheinland-Pfalz,de,Teaching Award of the State of Rhineland-Palatinate,ORAP,Lehrpreis des Landes Rheinland-Pfalz,Webseite,Ministerium für Wissenschaft und Gesundheit des Landes Rheinland-Pfalz,öffentlicher Sektor,DE,"https://www.hochschulevaluierungsverbund.de/lehrpreis-des-landes-rheinland-pfalz/#:~:text=Der%20Lehrpreis%20des%20Landes%20Rheinland,qualitativ%20hochwertige%20Lehre%20zu%20f%C3%B6rdern.",Lehre,Wissenschaftlicher Preis,Nein,10000,EUR,DACH,Deutschland | Rheinland-Pfalz,Nominierung eingeschränkt,2005,
O001132,,Leopoldina-Preis für junge Wissenschaftlerinnen und Wissenschaftler,de,Leopoldina Prize for Junior Scientists,Webseite,Leopoldina-Preis für junge Wissenschaftlerinnen und Wissenschaftler,Webseite,Deutsche Akademie der Naturforscher Leopoldina,wissenschaftlicher Sektor,DE,https://www.leopoldina.org/ueber-uns/auszeichnungen/preise-und-ehrungen/leopoldina-preis-fuer-junge-wissenschaftler/,Forschung,Wissenschaftlicher Preis,Ja,5000,EUR,Keine Einschränkung,Keine Einschränkung,Keine Angabe,1993,
O001136,,Manfred-Fuchs-Preis,de,Manfred-Fuchs Prize,ORAP,Manfred-Fuchs-Preis,Webseite,Heidelberger Akademie der Wissenschaften,wissenschaftlicher Sektor,DE,https://www.hadw-bw.de/preise/Manfred%20Fuchs-Preis,Forschung,Wissenschaftlicher Preis,Ja,10000,EUR,DACH,Deutschland | Baden-Württemberg,Nominierung eingeschränkt,2015,
O001139,Q317038,Max-Planck-Medaille,de,Max Planck Medal,Webseite,Max-Planck-Medaille,Webseite,Deutsche Physikalische Gesellschaft,wissenschaftlicher Sektor,DE,https://www.dpg-physik.de/auszeichnungen/dpg-preise/max-planck-medaille,Forschung,Wissenschaftlicher Preis,Nein,Kein Preisgeld,Kein Preisgeld,Keine Angabe,Keine Angabe,Eigenbewerbung und Nominierung,1929,
O001142,,Nachwuchspreis,de,Young Investigator Award,Webseite,Nachwuchspreis,Webseite,Anatomische Gesellschaft,wissenschaftlicher Sektor,DE,https://anatomische-gesellschaft.de/index.php?id=nachwuchspreis,Forschung,Wissenschaftlicher Preis,Ja,Keine Angabe,Keine Angabe,Einrichtungs- oder organisationsgebunden,International,Eigenbewerbung,1991,
O001148,,Oskar-Medizinpreis,de,Oskar Medicine Prize,ORAP,Oskar-Medizinpreis,Webseite,Stiftung Oskar-Helene-Heim,Stiftungen,DE,http://www.stiftung-ohh.de/stiftungspreis/oskar-medizin-preis/,Forschung,Wissenschaftlicher Preis,Nein,50000,EUR,DACH,Deutschland,Eigenbewerbung,2010,
O001150,,Otto-Schmeil-Preis,de,Otto Schmeil Prize,Webseite,Otto-Schmeil-Preis,Webseite,Heidelberger Akademie der Wissenschaften,wissenschaftlicher Sektor,DE,https://www.hadw-bw.de/preise/Otto-Schmeil-Preis,Forschung,Wissenschaftlicher Preis,Ja,15000,EUR,Keine Einschränkung,Keine Einschränkung,Nominierung eingeschränkt,2016,
O001153,,Paul Ehrlich- und Ludwig Darmstaedter-Nachwuchspreis,de,Paul Ehrlich & Ludwig Darmstaedter Early Career Award,Webseite,Paul Ehrlich- und Ludwig Darmstaedter-Nachwuchspreis,Webseite,Paul-Ehrlich-Stiftung,Stiftungen,DE,https://www.uni-frankfurt.de/34854396/Nachwuchspreis___Nachwuchspreistr%C3%A4ger_innen,Forschung,Wissenschaftlicher Preis,Ja,60000,EUR,DACH,Deutschland,Nominierung eingeschränkt,2006,
O001156,,PHOENIX Pharmazie Wissenschaftspreis,de,PHOENIX Pharmacy Science Prize,ORAP,PHOENIX Pharmazie Wissenschaftspreis,Webseite,Phoenix Pharmahandel,wirtschaftlicher Sektor,DE,https://www.phoenixgroup.eu/de/wissenschaftspreis,Forschung,Wissenschaftlicher Preis,Nein,10000,EUR,DACH,Deutschland; Österreich; Schweiz,Eigenbewerbung,2012,
O001160,,Potsdamer Nachwuchswissenschafts-Preis,de,Potsdam Prize for Young Scientists,ORAP,Potsdamer Nachwuchswissenschafts-Preis,Webseite,Stadt Potsdam,öffentlicher Sektor,DE,https://www.potsdam.de/de/kategorie/der-potsdamer-nachwuchswissenschafts-preis,Forschung,Wissenschaftlicher Preis,Ja,5000,EUR,DACH,Deutschland | Brandenburg | Potsdam,Eigenbewerbung und Nominierung,2007,
O001162,,Preis der Deutschen Hochschulmedizin,de,German University Medicine Prize,ORAP,Preis der Deutschen Hochschulmedizin,Webseite,Deutsche Hochschulmedizin,wissenschaftlicher Sektor,DE,https://www.deutsche-hochschulmedizin.de/themen/preis-der-deutschen-hochschulmedizin-neu/,Forschung,Wissenschaftlicher Preis,Nein,25000,EUR,DACH,Deutschland,Eigenbewerbung,2022,
O001166,,"Preis der Humboldt-Universität für hervorragende Leistungen auf dem Gebiet der Mittelalterlichen Geschichte, gestiftet von Michael und Claudia Borgolte",de,"Humboldt University Award for outstanding achievements in the field of medieval history, endowed by Michael and Claudia Borgolte",ORAP,"Preis der Humboldt-Universität für hervorragende Leistungen auf dem Gebiet der Mittelalterlichen Geschichte, gestiftet von Michael und Claudia Borgolte",Webseite,Michael-und-Claudia-Borgolte-Stiftung,Stiftungen,DE,https://www.borgolte-stiftung.de/Mittelalterpreis/2024/,Forschung,Wissenschaftlicher Preis,Nein,10000,EUR,Keine Angabe,Keine Angabe,Keine Angabe,2016,
O001168,,Preis für mutige Wissenschaft,de,Prize for courageous science,ORAP,Preis für mutige Wissenschaft,Webseite,"Ministerium für Wissenschaft, Forschung und Kunst Baden-Württemberg",öffentlicher Sektor,DE,https://mwk.baden-wuerttemberg.de/de/forschung/forschungsfoerderung/preis-fuer-mutige-wissenschaft,Forschung,Wissenschaftlicher Preis,Ja,30000,EUR,DACH,Deutschland | Baden-Württemberg,Keine Angabe,2016,
O001169,,Preis zur Förderung der Grundlagenforschung,de,Prize for the promotion of basic research,ORAP,Preis zur Förderung der Grundlagenforschung,Webseite,Deutsche Gesellschaft für Orthopädie und Unfallchirurgie,wissenschaftlicher Sektor,DE,https://dgou.de/preise-stipendien/preise/grundlagenforschung/preis-zur-foerderung-der-grundlagenforschung,Forschung,Wissenschaftlicher Preis,Nein,5000,EUR,DACH,Deutschland,Eigenbewerbung,2013,
O001173,,Renate und Karlheinz Schmidt Preis für naturwissenschaftliche Grundlagenforschung,de,Renate and Karlheinz Schmidt Prize for basic research in the natural sciences,ORAP,Renate und Karlheinz Schmidt Preis für naturwissenschaftliche Grundlagenforschung,Webseite,Bonner Universitätsstiftung,wissenschaftlicher Sektor,DE,https://www.deutsches-stiftungszentrum.de/aktuelles/2023_03_09_renate_und_karlheinz_schmidt_preis_lorenzo_bonaguro,Forschung,Wissenschaftlicher Preis,Nein,10000,EUR,Einrichtungs- oder organisationsgebunden,Deutschland | Nordrhein-Westfalen | Bonn,Keine Angabe,2023,
O001174,,Richard R. Ernst Prize in Magnetic Resonance,en,Richard R. Ernst Prize in Magnetic Resonance,Webseite,Richard-R.-Ernst-Preis für Magnetische Resonanz,ORAP,European Magnetic Resonance Congress,wissenschaftlicher Sektor,GB,https://euromar2024.org/richard-r-ernst-prize/,Forschung,Wissenschaftlicher Preis,Nein,15000,EUR,Keine Einschränkung,Keine Einschränkung,Nominierung offen,2016,
O001176,Q22693645,Robert-Wichard-Pohl-Medaille,de,Robert Wichard Pohl Medal,ORAP,Robert-Wichard-Pohl-Medaille,Webseite,Georg-August-Universität Göttingen,wissenschaftlicher Sektor,DE,https://www.uni-goettingen.de/de/robert-wichard-pohl-medaille/471232.html,Lehre,Wissenschaftlicher Preis,Nein,Kein Preisgeld,Kein Preisgeld,Einrichtungs- oder organisationsgebunden,Deutschland | Niedersachsen | Göttingen,Keine Angabe,2007,
O001177,Q2156267,Robert-Wichard-Pohl-Preis,de,Robert Wichard Pohl Prize,ORAP,Robert-Wichard-Pohl-Preis,Webseite,Deutsche Physikalische Gesellschaft,wissenschaftlicher Sektor,DE,https://www.dpg-physik.de/auszeichnungen/dpg-preise/robert-wichard-pohl-preis,Lehre,Wissenschaftlicher Preis,Nein,5000,EUR,DACH,Deutschland; Österreich; Schweiz,Nominierung offen,1980,
O001179,,Rita Süssmuth-Forschungspreis,de,Rita Suessmuth Research Prize,ORAP,Rita Süssmuth-Forschungspreis,Webseite,Ministerium für Kultur und Wissenschaft des Landes Nordrhein-Westfalen,öffentlicher Sektor,DE,"https://www.mkw.nrw/hochschule-und-forschung/foerderungen/rsp#:~:text=Mit%20dem%20Rita%20S%C3%BCssmuth%2DForschungspreis,oder%20gesellschaftlicher%20Zusammenh%C3%A4nge%20geleistet%20hat.",Forschung,Wissenschaftliche Auszeichnung,Nein,70000,EUR,DACH,Deutschland | Nordrhein-Westfalen,Eigenbewerbung,2019,
O001180,Q65683457,Rössler-Preis,de,Rössler Prize,Webseite,Rössler-Preis,Webseite,ETH Zürich Foundation,wissenschaftlicher Sektor,CH,https://ethz-foundation.ch/roessler-preis/,Forschung,Wissenschaftliche Auszeichnung,Ja,200000,CHF,Einrichtungs- oder organisationsgebunden,Schweiz | Zürich | Zürich,Nominierung Einrichtung / Gremium,2009,
O001181,Q2229879,Schader-Preis,de,Schader Prize,ORAP,Schader-Preis,Webseite,Schader Stiftung,Stiftungen,DE,https://www.schader-stiftung.de/schader-preis,Forschung,Wissenschaftlicher Preis,Nein,15000,EUR,Keine Einschränkung,Keine Einschränkung,Keine Angabe,1993,
O001183,Q467143,Sigmund-Freud-Preis für wissenschaftliche Prosa,de,Sigmund Freud Prize for Academic Prose,Webseite,Sigmund-Freud-Preis für wissenschaftliche Prosa,Webseite,Deutsche Akademie für Sprache und Dichtung,wissenschaftlicher Sektor,DE,https://www.deutscheakademie.de/de/auszeichnungen/sigmund-freud-preis,Forschung,Wissenschaftlicher Preis,Nein,20000,EUR,Keine Angabe,Keine Angabe,Nominierung Einrichtung / Gremium,1964,
O001184,Q30055410,Sobek Forschungspreis,de,Sobek Research Prize,ORAP,Sobek Forschungspreis,Webseite,"Roman, Marga und Mareille Sobek–Stiftung",Stiftungen,DE,https://www.dmsg.de/news/detailansicht/sobek-preise-fuer-wegweisende-multiple-sklerose-forschung,Forschung,Wissenschaftlicher Preis,Nein,100000,EUR,Keine Angabe,Keine Angabe,Nominierung Einrichtung / Gremium,2000,
O001185,Q323413,Stern-Gerlach-Medaille,de,Stern-Gerlach Medal,ORAP,Stern-Gerlach-Medaille,Webseite,Deutsche Physikalische Gesellschaft,wissenschaftlicher Sektor,DE,https://www.dpg-physik.de/auszeichnungen/dpg-preise/stern-gerlach-medaille,Forschung,Wissenschaftlicher Preis,Nein,Kein Preisgeld,Kein Preisgeld,Keine Einschränkung,Keine Einschränkung,Nominierung offen,1988,
O001186,,Takeda Oncology Forschungspreis,de,Takeda Oncology Research Award,ORAP,Takeda Oncology Forschungspreis,Webseite,Deutsches Krebsforschungszentrum und Nationales Centrum für Tumorerkrankungen Heidelberg; Takeda Oncology,wissenschaftlicher Sektor; wirtschaftlicher Sektor,DE; US,https://www.takeda-onkologie.de/forschungspreis-nsclc,Forschung,Wissenschaftlicher Preis,Nein,20000,EUR,DACH,Deutschland,Eigenbewerbung,2018,
O001187,,Tierschutzforschungspreis,de,Animal Protection Research Prize,Webseite,Tierschutzforschungspreis,Webseite,Bundesministerium für Ernährung und Landwirtschaft,öffentlicher Sektor,DE,https://www.bmleh.de/DE/themen/tiere/versuchtstiere/tierschutzforschungspreis-ausschreibung.html,Forschung,Wissenschaftlicher Preis,Nein,100000,EUR,Keine Einschränkung,Keine Einschränkung,Eigenbewerbung,1980,
O001188,,Tina-Ulmer-Lehrpreis,de,Tina Ulmer Teaching Award,ORAP,Tina-Ulmer-Lehrpreis,Webseite,Manfred Ulmer-Stiftung für Wissenschaft und Gesellschaft,wissenschaftlicher Sektor,DE,https://www.uni-konstanz.de/universitaet/ueber-die-universitaet-konstanz/stiften-und-foerdern/manfred-ulmer-stiftung-fuer-wissenschaft-und-gesellschaft-an-der-universitaet-konstanz/auszeichnungen/,Lehre,Wissenschaftlicher Preis,Nein,3000,EUR,Einrichtungs- oder organisationsgebunden,Deutschland | Baden-Württemberg | Konstanz,Nominierung eingeschränkt,2012,
O001190,Q77066647,Thomas A. Herz-Preis für qualitative Sozialforschung,de,Thomas A. Herz Prize for Qualitative Social Research,Webseite,Thomas A. Herz-Preis für qualitative Sozialforschung,Webseite,Deutsche Gesellschaft für Soziologie,wissenschaftlicher Sektor,DE,https://soziologie.de/dgs/preise/thomas-a-herz-preis,Forschung,Wissenschaftlicher Preis,Nein,5000,EUR,DACH,Deutschland,Nominierung eingeschränkt,2014,
O001191,Q2430784,Thüringer Forschungspreis,de,Thuringian Research Prize,ORAP,Thüringer Forschungspreis,Webseite,"Thüringer Ministerium für Wirtschaft, Wissenschaft und Digitale Gesellschaft",öffentlicher Sektor,DE,https://wirtschaft.thueringen.de/1/1/1/forschung-innovation-technologie/wettbewerbe-preise,Forschung,Wissenschaftlicher Preis,Nein,17500,EUR,DACH,Deutschland | Thüringen,Nominierung eingeschränkt,1995,
O001192,,Tübinger Preis für Wissenschaftskommunikation,de,Tübingen Prize for Knowledge Communication,Webseite,Tübinger Preis für Wissenschaftskommunikation,Webseite,Eberhard Karls Universität Tübingen,wissenschaftlicher Sektor,DE,https://uni-tuebingen.de/exzellenzstrategie/transfer/sharing-knowledge/tuebinger-preis-fuer-wissenschaftskommunikation/,Transfer,Wissenschaftlicher Preis,Nein,10000,EUR,Einrichtungs- oder organisationsgebunden,Deutschland | Baden-Württemberg | Tübingen,Nominierung eingeschränkt,2021,
O001193,Q2467312,UMSICHT-Wissenschaftspreis,de,UMSICHT Science Award,ORAP,UMSICHT-Wissenschaftspreis,Webseite,Förderverein UMSICHT,wissenschaftlicher Sektor,DE,https://wissenschaftspreis.umsicht-foerderverein.de/,Transfer,Wissenschaftlicher Preis,Nein,2500,EUR,Keine Einschränkung,Keine Einschränkung,Eigenbewerbung,2010,
O001194,,Universitätslehrpreis,de,University Teaching Prize,ORAP,Universitätslehrpreis,Webseite,Albert-Ludwigs-Universität Freiburg,wissenschaftlicher Sektor,DE,https://uni-freiburg.de/universitaet/herausragende-leistungen/lehrpreise/,Lehre,Wissenschaftliche Auszeichnung,Nein,10000,EUR,Einrichtungs- oder organisationsgebunden,Deutschland | Baden-Württemberg | Freiburg,Nominierung Einrichtung / Gremium,2008,
O001195,Q55759556,Ursula M. Händel-Tierschutzpreis,de,Ursula M. Händel Animal Welfare Prize,Webseite,Ursula M. Händel-Tierschutzpreis,Webseite,Deutsche Forschungsgemeinschaft,wissenschaftlicher Sektor,DE,https://www.dfg.de/foerderung/programme/preise/haendel-preis/,Forschung,Wissenschaftlicher Preis,Nein,80000,EUR,DACH,Deutschland,Eigenbewerbung,2004,
O001196,Q61037306,"Voltaire-Preis für Toleranz, Völkerverständigung und Respekt vor Differenz",de,"Voltaire Prize for Tolerance, International Understanding and Respect for Difference",Webseite,"Voltaire-Preis für Toleranz, Völkerverständigung und Respekt vor Differenz",Webseite,Universität Potsdam,wissenschaftlicher Sektor,DE,https://www.uni-potsdam.de/voltaire-preis/,Forschung,Wissenschaftlicher Preis,Nein,5000,EUR,Keine Einschränkung,Keine Einschränkung,Nominierung offen,2017,
O001197,Q1752826,von Kaven-Preis,de,von Kaven Award,Webseite,von Kaven-Preis,Webseite,Deutsche Forschungsgemeinschaft,wissenschaftlicher Sektor,DE,https://www.dfg.de/gefoerderte_projekte/wissenschaftliche_preise/von_kaven-preis/,Forschung,Wissenschaftlicher Preis,Nein,10000,EUR,International,Europa,Nominierung eingeschränkt,2004,
O001198,,Walter-Jacobsen-Preis,de,Walter Jacobsen Prize,ORAP,Walter-Jacobsen-Preis,Webseite,Deutsche Vereinigung für Politische Bildung,wissenschaftlicher Sektor,DE,https://dvpb.de/aktivitaeten/walter-jacobsen-preis/,Forschung,Wissenschaftlicher Preis,Nein,1500,EUR,DACH,Deutschland,Keine Angabe,1976,
O001199,Q879351,Werner-von-Siemens-Ring,de,Werner von Siemens Ring,ORAP,Werner-von-Siemens-Ring,Webseite,Stiftung Werner-von-Siemens-Ring,Stiftungen,DE,http://www.siemens-ring.de,Forschung,Wissenschaftlicher Preis,Nein,100000,EUR,DACH,Deutschland,Nominierung Einrichtung / Gremium,1916,
O001201,,Wilhelm P. Winterstein-Preis,de,Wilhelm P. Winterstein Prize,ORAP,Wilhelm P. Winterstein-Preis,Webseite,Deutsche Herzstiftung,Stiftungen,DE,https://herzstiftung.de/herzforschung/forschungsfoerderung-beantragen/wissenschaftspreis-mit-ausschreibung#Winterstein,Forschung,Wissenschaftlicher Preis,Nein,10000,EUR,DACH,Deutschland,Eigenbewerbung,2017,
O001203,,Wissenschaftspreis der Frankfurter Physik,de,Science Award of Frankfurt Physics,Webseite,Wissenschaftspreis der Frankfurter Physik,Webseite,Walter Greiner Gesellschaft für physikalische Grundlagenforschung; Frankfurt Institute for Advanced Studies,wissenschaftlicher Sektor; wissenschaftlicher Sektor,DE; DE,https://www.uni-frankfurt.de/93323549/Wissenschaftspreis_der_Frankfurter_Physik,Forschung,Wissenschaftlicher Preis,Nein,Keine Angabe,Keine Angabe,Einrichtungs- oder organisationsgebunden,Deutschland | Hessen | Frankfurt am Main,Nominierung eingeschränkt,2001,
O001205,,Wissenschaftspreis der Josef-Freitag-Stiftung,de,Science Prize of the Josef Freitag Foundation,ORAP,Wissenschaftspreis der Josef-Freitag-Stiftung,Webseite,Deutsche Herzstiftung; Deutsche Gesellschaft für Kardiologie,Stiftungen; wissenschaftlicher Sektor,DE; DE,https://herzstiftung.de/service-und-aktuelles/presse/pressemitteilungen/wissenschaftspreis-josef-freitag-stiftung-2022,Forschung,Wissenschaftlicher Preis,Ja,10000,EUR,DACH,Deutschland,Eigenbewerbung,2022,
O001206,,Wissenschaftspreis der Kurt und Erika Palm-Stiftung,de,Kurt and Erika Palm Foundation Science Prize,ORAP,Wissenschaftspreis der Kurt und Erika Palm-Stiftung,Webseite,Deutsche Herzstiftung; Deutsche Gesellschaft für Prävention und Rehabilitation von Herz-Kreislauferkrankungen (DGPR),Stiftungen; wissenschaftlicher Sektor,DE; DE,https://herzstiftung.de/service-und-aktuelles/presse/pressemitteilungen/ausschreibung-palm-preis-2023,Forschung,Wissenschaftlicher Preis,Ja,10000,EUR,DACH,Deutschland,Eigenbewerbung,2018,
O001208,,Wissenschaftspreis für medizinische Grundlagenforschung,de,Science prize for basic medical research,ORAP,Wissenschaftspreis für medizinische Grundlagenforschung,Webseite,GlaxoSmithKline Stiftung,Stiftungen,GB,https://www.gsk-stiftung.de/wissenschaftspreise/,Forschung,Wissenschaftlicher Preis,Nein,10000,EUR,Keine Angabe,Keine Angabe,Nominierung eingeschränkt,1988,
O001209,Q2586286,Wissenschaftspreis Niedersachsen,de,Lower Saxony Science Prize,ORAP,Wissenschaftspreis Niedersachsen,Webseite,Niedersächsisches Ministerium für Wissenschaft und Kultur,öffentlicher Sektor,DE,https://www.mwk.niedersachsen.de/startseite/forschung/forschungsforderung/forschungsforderung_durch_das_mwk/wissenschaftspreise/wissenschaftspreise-118901.html,Forschung,Wissenschaftlicher Preis,Nein,25000,EUR,DACH,Deutschland | Niedersachsen,Nominierung eingeschränkt,2007,
O001210,Q57550620,Wolfgang-Ritter-Preis,de,Wolfgang Ritter Prize,ORAP,Wolfgang-Ritter-Preis,Webseite,Wolfgang-Ritter-Stiftung,Stiftungen,DE,https://wolfgang-ritter-stiftung.de/wie-wir-foerdern/wolfgang-ritter-preis/,Forschung,Wissenschaftlicher Preis,Ja,20000,EUR,Keine Einschränkung,Keine Einschränkung,Eigenbewerbung,1985,
O001304,Q360626,Adolf-von-Baeyer-Denkmünze,de,Adolf von Baeyer Commemorative Medal,Webseite,Adolf-von-Baeyer-Denkmünze,Webseite,Gesellschaft Deutscher Chemiker,wissenschaftlicher Sektor,DE,https://www.gdch.de/gdch/preise-und-auszeichnungen/gdch-preise/adolf-von-baeyer-denkmuenze.html,Forschung,Wissenschaftlicher Preis,Nein,7500,EUR,Keine Einschränkung,Keine Einschränkung,Nominierung offen,1911,
O001306,Q106781819,Albrecht von Haller-Medaille,de,Albrecht von Haller Medal,ORAP,Albrecht von Haller-Medaille,Webseite,Georg-August-Universität Göttingen,wissenschaftlicher Sektor,DE,https://www.umg.eu/ueber-uns/medizinische-fakultaet/auszeichnungen/albrecht-von-haller-medaille/,Forschung,Wissenschaftlicher Preis,Nein,Kein Preisgeld,Kein Preisgeld,DACH,Deutschland | Niedersachsen | Göttingen,Nominierung eingeschränkt,1959,
O001307,Q27973269,Albrecht-Kossel-Preis,de,Albrecht Kossel Prize,Webseite,Albrecht-Kossel-Preis,Webseite,Gesellschaft Deutscher Chemiker,wissenschaftlicher Sektor,DE,https://www.gdch.de/gdch/preise-und-auszeichnungen/gdch-preise/albrecht-kossel-preis.html,Forschung,Wissenschaftlicher Preis,Nein,7500,EUR,DACH,Deutschland,Eigenbewerbung und Nominierung,2014,
O001308,Q41622391,Alfred Döblin-Medaille,de,Alfred Doeblin Medal,Webseite,Alfred Döblin-Medaille,Webseite,Akademie der Wissenschaften und der Literatur Mainz,wissenschaftlicher Sektor,DE,https://www.adwmainz.de/akademie/preise-und-stiftungen/alfred-doeblin-medaille.html,Forschung,Wissenschaftlicher Preis,Nein,5000,EUR,DACH,Deutschland; Österreich; Schweiz,Nominierung eingeschränkt,2015,
O001313,,Anton Fink Wissenschaftspreis für Künstliche Intelligenz,de,Anton Fink Science Prize for Artificial Intelligence,ORAP,Anton Fink Wissenschaftspreis für Künstliche Intelligenz,Webseite,Technische Hochschule Deggendorf,wissenschaftlicher Sektor,DE,https://th-deg.de/Forschung/KI-Preis/2026/ki-preis_2026_ausschreibung.pdf,Forschung,Wissenschaftlicher Preis,Ja,10000,EUR,DACH,Deutschland; Österreich; Schweiz,Eigenbewerbung,2022,
O001314,,Apherese-Innovationspreis,de,Apheresis Innovation Award,ORAP,Apherese-Innovationspreis,Webseite,"Hans und Marlies Stock-Stiftung für Wissenschaft und Forschung, Kunst und Kultur; Deutsche Gesellschaft für Nephrologie",Stiftungen; wissenschaftlicher Sektor,DE; DE,https://apheresis-research.org/de/apherese-innovationspreis,Forschung,Wissenschaftlicher Preis,Nein,3000,EUR,DACH,Deutschland,Eigenbewerbung,2002,
O001319,,Arfvedson-Schlenk-Preis,de,Arfvedson Schlenk Prize,Webseite,Arfvedson-Schlenk-Preis,Webseite,Gesellschaft Deutscher Chemiker; Albemarle Germany,wissenschaftlicher Sektor; wirtschaftlicher Sektor,DE; DE,https://www.gdch.de/gdch/preise-und-auszeichnungen/gdch-preise/arfvedson-schlenk-preis.html,Forschung,Wissenschaftlicher Preis,Nein,7500,EUR,Keine Einschränkung,Keine Einschränkung,Nominierung offen,1999,
O001320,,Attempto-Preis,de,Attempto Award,Webseite,Attempto-Preis,Webseite,Konrad und Dorothea Ernst Stiftung,Stiftungen,DE,https://uni-tuebingen.de/universitaet/profil/preise-und-auszeichnungen/preise-der-universitaet-tuebingen/attempto-preis/stiftung-und-preis/,Forschung,Wissenschaftlicher Preis,Ja,5000,EUR,DACH,Deutschland | Baden-Württemberg | Tübingen,Eigenbewerbung,1984,
O001334,,Bernd-Sterzel-Preis für nephrologische Grundlagenforschung,de,Bernd Sterzel Prize for basic research in nephrology,ORAP,Bernd-Sterzel-Preis für nephrologische Grundlagenforschung,Webseite,Deutsche Gesellschaft für Nephrologie,wissenschaftlicher Sektor,DE,https://www.dgfn.eu/wissenschaftspreise.html,Forschung,Wissenschaftlicher Preis,Ja,3000,EUR,Keine Angabe,Keine Angabe,Nominierung offen,2013,
O001336,Q827980,Berthold Leibinger Innovationspreis,de,Berthold Leibinger Innovation Award,ORAP,Berthold Leibinger Innovationspreis,Webseite,Berthold Leibinger Stiftung,Stiftungen,DE,https://www.leibinger-stiftung.de/preise-und-ausschreibungen/innovationspreis,Forschung,Wissenschaftlicher Preis,Nein,50000,EUR,Keine Einschränkung,Keine Einschränkung,Eigenbewerbung und Nominierung,2000,
O001338,,bioMérieux-Diagnostikpreis,de,bioMérieux Diagnostics Award,ORAP,bioMérieux-Diagnostikpreis,Webseite,Deutsche Gesellschaft für Hygiene und Mikrobiologie,wissenschaftlicher Sektor,DE,https://www.dghm.org/startseite/dghm-stiftung/ausschreibung-der-dghm-preise/,Forschung,Wissenschaftlicher Preis,Nein,2500,EUR,DACH,Deutschland,Eigenbewerbung und Nominierung,1993,
O001340,Q992941,Bruno-H.-Bürgel-Preis,de,Bruno H. Buergel Prize,Webseite,Bruno-H.-Bürgel-Preis,Webseite,Astronomische Gesellschaft,wissenschaftlicher Sektor,DE,https://astronomische-gesellschaft.de/de/aktivitaeten/preise,Transfer,Wissenschaftlicher Preis,Nein,2000,EUR,DACH,Deutschland,Nominierung eingeschränkt,1983,
O001347,Q1036458,Carl-Friedrich-Gauß-Medaille,de,Carl Friedrich Gauss Medal,ORAP,Carl-Friedrich-Gauß-Medaille,Webseite,Braunschweigische Wissenschaftliche Gesellschaft,wissenschaftlicher Sektor,DE,https://www.bwg-nds.de/carl-friedrich-gauss-medaille,Forschung,Wissenschaftlicher Preis,Nein,Keine Angabe,Keine Angabe,Keine Einschränkung,Keine Einschränkung,Nominierung eingeschränkt,1949,
O001348,,Carl-Ludwig-Preis,de,Carl Ludwig Prize,ORAP,Carl-Ludwig-Preis,Webseite,Deutsche Gesellschaft für Nephrologie,wissenschaftlicher Sektor,DE,https://www.dgfn.eu/wissenschaftspreise.html,Forschung,Wissenschaftlicher Preis,Ja,5000,EUR,Keine Einschränkung,Keine Einschränkung,Eigenbewerbung und Nominierung,1997,
O001350,,Caroline von Humboldt-Preis,de,Caroline von Humboldt Prize,Webseite,Caroline von Humboldt-Preis,Webseite,Humboldt-Universität zu Berlin,wissenschaftlicher Sektor,DE,https://frauenbeauftragte.hu-berlin.de/de/foerderung/Postdoktorandinnen/cvh-preis/cvh-preis,Forschung,Wissenschaftliche Auszeichnung,Ja,15000,EUR,Keine Einschränkung,Keine Einschränkung,Nominierung eingeschränkt,2010,
O001359,,Curt Meyer-Gedächtnispreis,de,Curt Meyer Memorial Prize,ORAP,Curt Meyer-Gedächtnispreis,Webseite,Berliner Krebsgesellschaft,Stiftungen,DE,https://www.berliner-krebsgesellschaft.de/krebsforschung/curt-meyer-gedaechtnispreis/,Forschung,Wissenschaftlicher Preis,Ja,2000,EUR,DACH,Deutschland | Berlin,Eigenbewerbung,1988,
O001370,Q1205210,Deutscher Psychologie Preis,de,German Psychology Prize,ORAP,Deutscher Psychologie Preis,Webseite,Deutsche Gesellschaft für Psychologie,wissenschaftlicher Sektor,DE,http://www.deutscher-psychologie-preis.de/,Forschung,Wissenschaftlicher Preis,Nein,10000,EUR,DACH,Deutschland,Keine Angabe,1992,
O001371,Q1205362,Deutscher Studienpreis,de,German Study Award,ORAP,Deutscher Studienpreis,Webseite,Körber-Stiftung,Stiftungen,DE,https://koerber-stiftung.de/projekte/deutscher-studienpreis/,Forschung,Wissenschaftlicher Preis,Ja,25000,EUR,DACH,Deutschland,Eigenbewerbung,1996,
O001385,,Dissertationspreis der Kulturstiftung Dresden der Commerzbank,de,Dissertation Prize of the Commerzbank Dresden Cultural Foundation,Webseite,Dissertationspreis der Kulturstiftung Dresden der Commerzbank,Webseite,Kulturstiftung Dresden der Commerzbank,Stiftungen,DE,https://tu-dresden.de/forschung-transfer/services-fuer-forschende/preise-fuer-forschende/universitaetspreise/commerzbank-preise,Forschung,Wissenschaftlicher Preis,Ja,1000,EUR,Einrichtungs- oder organisationsgebunden,Deutschland | Sachsen | Dresden,Nominierung eingeschränkt,2000,
O001386,,Dissertationspreis der Sektion Sonderpädagogik,de,Dissertation Prize of the Special Needs Education Section,ORAP,Dissertationspreis der Sektion Sonderpädagogik,Webseite,Deutsche Gesellschaft für Erziehungswissenschaft,wissenschaftlicher Sektor,DE,https://www.dgfe.de/sektionen-kommissionen-ag/sektion-6-sonderpaedagogik/wissenschaftspreis,Forschung,Wissenschaftlicher Preis,Ja,1000,EUR,DACH,Deutschland; Österreich; Schweiz,Keine Angabe,2011,
O001390,,DOG-Glaukomforschungspreis,de,DOG Glaucoma Research Prize,ORAP,DOG-Glaukomforschungspreis,Webseite,Deutsche Ophthalmologische Gesellschaft,wissenschaftlicher Sektor,DE,https://www.dog.org/die-dog/foerderungen-und-preise/ausschreibungen,Forschung,Wissenschaftlicher Preis,Ja,5000,EUR,DACH,Deutschland,Eigenbewerbung,2017,
O001391,,DOG-Patent-Preis,de,DOG Patent Prize,ORAP,DOG-Patent-Preis,Webseite,Deutsche Ophthalmologische Gesellschaft,wissenschaftlicher Sektor,DE,https://www.dog.org/die-dog/foerderungen-und-preise/ausschreibungen,Transfer,Wissenschaftlicher Preis,Nein,2000,EUR,DACH,Deutschland,Eigenbewerbung,2018,
O001395,,DOG-Wissenschaftspreis Trockenes Auge und Blepharitis/MGD,de,DOG Science Award Dry Eye and Blepharitis/MGD,ORAP,DOG-Wissenschaftspreis Trockenes Auge und Blepharitis/MGD,Webseite,Deutsche Ophthalmologische Gesellschaft,wissenschaftlicher Sektor,DE,https://www.dog.org/die-dog/foerderungen-und-preise/ausschreibungen,Forschung,Wissenschaftlicher Preis,Nein,2000,EUR,DACH,Deutschland,Keine Angabe,2015,
O001397,,Dora Teleky-Preis,de,Dora Teleky Prize,ORAP,Dora Teleky-Preis,Webseite,Deutsche Gesellschaft für Urologie,wissenschaftlicher Sektor,DE,https://www.urologenportal.de/fachbesucher/urologische-kongresse/74-dgu-kongress/preise-und-ehrungen/ausschreibungen-2022/dora-teleky-preis.html#c13996,Forschung,Wissenschaftlicher Preis,Nein,5000,EUR,DACH,Deutschland; Österreich; Schweiz,Eigenbewerbung,,
O001400,,Dr. Eduard Martin-Preis,de,Dr. Eduard Martin Prize,ORAP,Dr. Eduard Martin-Preis,Webseite,Universitätsgesellschaft Saarland,wissenschaftlicher Sektor,DE,https://www.unigesellschaft-saarland.de/eduard-martin-preis,Forschung,Wissenschaftlicher Preis,Ja,500,EUR,Einrichtungs- oder organisationsgebunden,Deutschland | Saarland,Keine Angabe,1963,
O001402,,Dr. Werner Jackstädt-Forschungspreis,de,Dr. Werner Jackstaedt Research Prize,ORAP,Dr. Werner Jackstädt-Forschungspreis,Webseite,Deutsche Gesellschaft für Nephrologie,wissenschaftlicher Sektor,DE,https://www.dgfn.eu/wissenschaftspreise.html,Forschung,Wissenschaftlicher Preis,Ja,3000,EUR,Keine Einschränkung,Keine Einschränkung,Eigenbewerbung und Nominierung,2014,
O001404,,Dres.-Volker-und-Elke-Münch-Preis für Wissenschaft und Forschung,de,Dres. Volker and Elke Muench Prize for Science and Research,Webseite,Dres.-Volker-und-Elke-Münch-Preis für Wissenschaft und Forschung,Webseite,Dres.-Volker-und-Elke-Münch-Stiftung,Stiftungen,DE,https://www.gdch.de/gdch/stiftungen/dres-muench-stiftung.html,Forschung,Wissenschaftlicher Preis,Nein,7000,EUR,DACH,Deutschland,Eigenbewerbung,2021,
O001407,,Eberhard-Dodt-Preis,de,Eberhard Dodt Prize,ORAP,Eberhard-Dodt-Preis,Webseite,Neuro-Ophthalmologische Gesellschaft,wissenschaftlicher Sektor,DE,https://dodt-award.com/dodt-award,Forschung,Wissenschaftliche Auszeichnung,Ja,3000,EUR,Keine Einschränkung,Keine Einschränkung,Keine Angabe,1999,
O001417,Q1336363,Emil Kirschbaum-Medaille,de,Emil Kirschbaum Medal,ORAP,Emil Kirschbaum-Medaille,Webseite,DECHEMA - Gesellschaft für Chemische Technik und Biotechnologie; VDI-Gesellschaft Verfahrenstechnik und Chemieingenieurwesen,wissenschaftlicher Sektor; Sonstige,DE; DE,https://dechema.de/%C3%9Cber+uns/Ehrungen+und+Preise/Emil+Kirschbaum_Medaille+f%C3%BCr+thermische+Verfahrenstechnik-p-20333478.html,Forschung,Wissenschaftlicher Preis,Nein,Kein Preisgeld,Kein Preisgeld,Keine Einschränkung,Keine Einschränkung,Keine Angabe,1991,
O001418,Q1335744,Emil-Fischer-Medaille,de,Emil Fischer Medal,Webseite,Emil-Fischer-Medaille,Webseite,Gesellschaft Deutscher Chemiker,wissenschaftlicher Sektor,DE,https://www.gdch.de/gdch/preise-und-auszeichnungen/gdch-preise/emil-fischer-medaille.html,Forschung,Wissenschaftlicher Preis,Nein,7500,EUR,DACH,Deutschland; Österreich; Schweiz,Keine Angabe,1912,
O001427,Q27973268,Erich-Hückel-Preis,de,Erich Hückel Prize,Webseite,Erich-Hückel-Preis,Webseite,Gesellschaft Deutscher Chemiker,wissenschaftlicher Sektor,DE,https://www.gdch.de/gdch/preise-und-auszeichnungen/gdch-preise/erich-hueckel-preis.html,Forschung,Wissenschaftlicher Preis,Nein,7500,EUR,Keine Einschränkung,Keine Einschränkung,Nominierung offen,2016,
O001430,Q21043576,Ernst-Haage-Preis,de,Ernst Haage Prize in Chemistry,Webseite,Ernst-Haage-Preis,Webseite,Max-Planck-Institut für Chemische Energiekonversion; Stadt Mülheim an der Ruhr; Ernst Haage-Stiftung,wissenschaftlicher Sektor; öffentlicher Sektor; Stiftungen,DE; DE; DE,https://www.cec.mpg.de/de/institut/ernst-haage-preis,Forschung,Wissenschaftlicher Preis,Ja,7500,EUR,DACH,Deutschland,Nominierung offen,2006,
O001431,Q1357036,Ernst-Christian-Trapp-Preis,de,Ernst-Christian-Trapp-Award,Webseite,Ernst-Christian-Trapp-Preis,Webseite,Deutsche Gesellschaft für Erziehungswissenschaft,wissenschaftlicher Sektor,DE,https://www.dgfe.de/dgfe-wir-ueber-uns/ernst-christian-trapp-preis,Forschung,Wissenschaftlicher Preis,Nein,Keine Angabe,Keine Angabe,DACH,Deutschland,Keine Angabe,1996,
O001433,,Ernst-Preis der GDCh-Fachgruppe Magnetische Resonanz,de,Ernst Award of the GDCh Division of Magnetic Resonance,Webseite,Ernst-Preis der GDCh-Fachgruppe Magnetische Resonanz,Webseite,Gesellschaft Deutscher Chemiker,wissenschaftlicher Sektor,DE,https://www.gdch.de/netzwerk-strukturen/fachstrukturen/magnetische-resonanz/preise-ehrungen/ernst-preis.html,Forschung,Wissenschaftlicher Preis,Ja,500,EUR,Keine Einschränkung,Keine Einschränkung,Keine Angabe,1998,
O001456,,Förderpreis für Schmerzforschung,de,Award for pain research,ORAP,Förderpreis für Schmerzforschung,Webseite,Deutsche Schmerzgesellschaft,wissenschaftlicher Sektor,DE,https://www.schmerzgesellschaft.de/topnavi/forschung-und-foerderung/forschungsfoerderung/foerderpreis-fuer-schmerzforschung,Forschung,Wissenschaftlicher Preis,Ja,7000,EUR,DACH,Deutschland; Österreich; Schweiz,Eigenbewerbung,1987,
O001460,,Forschungspreis der Freunde des Universitätsklinikums des Saarlandes,de,Research Prize of the Friends of Saarland University Hospital,ORAP,Forschungspreis der Freunde des Universitätsklinikums des Saarlandes,Webseite,Verein der Freunde der Universität des Saarlandes,wissenschaftlicher Sektor,DE,https://www.uniklinikum-saarland.de/de/aktuelles/ausschreibungen_fuer_foerderpreise_und_projekte/ausschreibungen_2022/https://www.uks.eu/ueber-das-uks/partner-kooperationen/verein-der-freunde-des-uks-ev,Forschung,Wissenschaftlicher Preis,Nein,10000,EUR,Einrichtungs- oder organisationsgebunden,Deutschland | Saarland,Eigenbewerbung,1998,
O001466,,Franz-Emanuel-Weinert-Preis,de,Franz Emanuel Weinert Prize,ORAP,Franz-Emanuel-Weinert-Preis,Webseite,Deutsche Gesellschaft für Psychologie,wissenschaftlicher Sektor,DE,https://www.dgps.de/die-dgps/preise-und-ehrungen/franz-emanuel-weinert-preis/,Forschung,Wissenschaftlicher Preis,Nein,Keine Angabe,Keine Angabe,DACH,Deutschland; Österreich; Schweiz,Nominierung eingeschränkt,2002,
O001472,,Friedrich-Meuser-Forschungspreis,de,Friedrich Meuser Research Prize,ORAP,Friedrich-Meuser-Forschungspreis,Webseite,Forschungskreis der Ernährungsindustrie,wirtschaftlicher Sektor,DE,https://www.fei-bonn.de/foerderung/nachwuchsfoerderung/friedrich-meuser-forschungspreis,Forschung,Wissenschaftlicher Preis,Ja,2500,EUR,DACH,Deutschland,Eigenbewerbung,2019,
O001473,,Friedrich-Stolz-Preis der GDCh-Fachgruppe Medizinische Chemie,de,Friedrich-Stolz Award from the GDCh Division of Medicinal Chemistry,Webseite,Friedrich-Stolz-Preis der GDCh-Fachgruppe Medizinische Chemie,Webseite,Gesellschaft Deutscher Chemiker,wissenschaftlicher Sektor,DE,https://www.gdch.de/netzwerk-strukturen/fachstrukturen/medizinische-chemie/preise-ehrungen/friedrich-stolz-preis.html,Forschung,Wissenschaftlicher Preis,Nein,5000,EUR,International,Europa,Nominierung offen,2022,
O001478,,GDCh-Preis für Biokatalyse,de,GDCh Prize for Biocatalysis,Webseite,GDCh-Preis für Biokatalyse,Webseite,Gesellschaft Deutscher Chemiker,wissenschaftlicher Sektor,DE,https://www.gdch.de/gdch/preise-und-auszeichnungen/gdch-preise/gdch-preis-fuer-biokatalyse.html,Forschung,Wissenschaftlicher Preis,Ja,2000,EUR,Keine Einschränkung,Keine Einschränkung,Nominierung offen,2020,
O001479,,Gefässchirurgischer Forschungspreis,de,Vascular Surgery Research Prize,ORAP,Gefässchirurgischer Forschungspreis,Webseite,"Deutsche Gesellschaft für Thorax-, Herz- und Gefäßchirurgie",wissenschaftlicher Sektor,DE,https://dgthg.de/gefaesschirurgischen-forschungspreis/,Forschung,Wissenschaftlicher Preis,Nein,5000,EUR,Keine Einschränkung,Keine Einschränkung,Eigenbewerbung,1987,
O001480,Q874251,Gentner-Kastler-Preis,de,Gentner-Kastler Prize,Webseite,Gentner-Kastler-Preis,Webseite,Deutsche Physikalische Gesellschaft; Société française de Physique,wissenschaftlicher Sektor; wissenschaftlicher Sektor,DE; FR,https://www.dpg-physik.de/auszeichnungen/dpg-preise-mit-anderen-organisationen/gentner-kastler-preis-und-medaille,Forschung,Wissenschaftlicher Preis,Nein,3000,EUR,International,Deutschland; Frankreich,Nominierung Einrichtung / Gremium,1986,
O001482,,Georg-Agricola-Medaille,de,Georg Agricola Medal,ORAP,Georg-Agricola-Medaille,Webseite,Deutsche Mineralogische Gesellschaft,wissenschaftlicher Sektor,DE,https://www.dmg-home.org/1/ehrungen-/-preise/georg-agricola-medaille/,Forschung,Wissenschaftlicher Preis,Nein,Keine Angabe,Keine Angabe,Keine Einschränkung,Keine Einschränkung,Nominierung eingeschränkt,1975,
O001484,,Georg-Wilhelm Rodewald Preis,de,Georg-Wilhelm Rodewald Prize,ORAP,Georg-Wilhelm Rodewald Preis,Webseite,"Deutsche Gesellschaft für Thorax-, Herz- und Gefäßchirurgie",wissenschaftlicher Sektor,DE,https://dgthg.de/georg-wilhelm-rodewald-preis/,Forschung,Wissenschaftlicher Preis,Ja,2000,EUR,Einrichtungs- oder organisationsgebunden,International,Keine Angabe,2022,
O001486,Q20988255,Gerda Henkel Preis,de,Gerda Henkel Prize,Webseite,Gerda Henkel Preis,Webseite,Gerda Henkel Stiftung,wissenschaftlicher Sektor,DE,http://www.gerda-henkel-stiftung.de/preis,Forschung,Wissenschaftlicher Preis,Nein,100000,EUR,Keine Einschränkung,Keine Einschränkung,Nominierung offen,2006,
O001487,,Gerhard Damköhler-Medaille,de,Gerhard Damkoehler Medal,ORAP,Gerhard Damköhler-Medaille,Webseite,DECHEMA - Gesellschaft für Chemische Technik und Biotechnologie; VDI-Gesellschaft Verfahrenstechnik und Chemieingenieurwesen,wissenschaftlicher Sektor; Sonstige,DE; DE,https://dechema.de/%C3%9Cber+uns/Ehrungen+und+Preise/Gerhard+Damk%C3%B6hler_Medaille-p-20333456.html,Forschung,Wissenschaftlicher Preis,Nein,Kein Preisgeld,Kein Preisgeld,Keine Einschränkung,Keine Einschränkung,Keine Angabe,1991,
O001492,,GfÖ Ehrenmedaille,de,Gfoe Honorary Medal,Webseite,GfÖ Ehrenmedaille,Webseite,Gesellschaft für Ökologie,wissenschaftlicher Sektor,DE,https://gfoe.org/de/gfoe-ehrenmedaille,Forschung,Wissenschaftlicher Preis,Nein,Kein Preisgeld,Kein Preisgeld,Keine Einschränkung,Keine Einschränkung,Nominierung eingeschränkt,2020,
O001503,,"Grundlagenwissenschaftliche Forschungspreis der Pro Retina – Stiftung zur Verhütung von Blindheit, der PRO RETINA Deutschland e.V. und der Retina Suisse",de,"Basic Science Research Prize of the Pro Retina - Foundation for the Prevention of Blindness, PRO RETINA Germany e.V. and Retina Suisse",ORAP,"Grundlagenwissenschaftliche Forschungspreis der Pro Retina – Stiftung zur Verhütung von Blindheit, der PRO RETINA Deutschland e.V. und der Retina Suisse",Webseite,Pro Retina Deutschland; Retina Suisse,Stiftungen; Stiftungen,DE; CH,https://www.pro-retina-stiftung.de/archiv/forschungspreise/forschungspreisausschreibung/,Forschung,Wissenschaftlicher Preis,Ja,5000,EUR,DACH,Deutschland; Österreich; Schweiz,Nominierung eingeschränkt,2018,
O001505,Q1555499,Gustav-Steinmann-Medaille,de,Gustav Steinmann Medal,ORAP,Gustav-Steinmann-Medaille,Webseite,Deutsche Geologische Gesellschaft – Geologische Vereinigung,wissenschaftlicher Sektor,DE,https://www.dggv.de/ueber-uns/ehrungen-und-preise/,Forschung,Wissenschaftlicher Preis,Nein,Keine Angabe,Keine Angabe,Keine Einschränkung,Keine Einschränkung,Keine Angabe,1938,
O001507,Q23210610,Hamburger Preis für Theoretische Physik,de,Hamburg Prize for Theoretical Physics,Webseite,Hamburger Preis für Theoretische Physik,Webseite,Joachim Herz Stiftung; Universität Hamburg,Stiftungen; wissenschaftlicher Sektor,DE; DE,https://www.joachim-herz-stiftung.de/ueber-uns/preise/hamburger-preis-fuer-theoretische-physik,Forschung,Wissenschaftlicher Preis,Nein,137036,EUR,Keine Einschränkung,Keine Einschränkung,Nominierung eingeschränkt,2010,
O001509,Q1573205,Hamburger Wissenschaftspreis,de,Hamburg Science Prize,Webseite,Hamburger Wissenschaftspreis,Webseite,Akademie der Wissenschaften in Hamburg,wissenschaftlicher Sektor,DE,https://www.awhamburg.de/akademie/preise.html,Forschung,Wissenschaftliche Auszeichnung,Nein,150000,EUR,DACH,Deutschland,Nominierung eingeschränkt,2009,
O001511,,Hanns Hofmann-Preis,de,Hanns Hofmann Prize,ORAP,Hanns Hofmann-Preis,Webseite,DECHEMA - Gesellschaft für Chemische Technik und Biotechnologie; DECHEMA/VDI-Fachsektion Chemische Reaktionstechnik,wissenschaftlicher Sektor; wissenschaftlicher Sektor,DE; DE,https://dechema.de/%C3%9Cber+uns/Ehrungen+und+Preise/Hanns+Hofmann_Preis+f%C3%BCr+Reaktionstechnik-p-20333544.html,Forschung,Wissenschaftlicher Preis,Ja,1000,EUR,Keine Einschränkung,Keine Einschränkung,Nominierung offen,2008,
O001512,,Hans Adolf Krebs-Preis,de,Hans Adolf Krebs Prize,ORAP,Hans Adolf Krebs-Preis,Webseite,Deutsche Gesellschaft für Ernährung,wissenschaftlicher Sektor,DE,https://www.dge.de/dge/wissenschaftspreis/hans-adolf-krebs-preis-1/,Forschung,Wissenschaftlicher Preis,Nein,5000,EUR,DACH,Deutschland,Keine Angabe,1981,
O001515,,Hans Rumpf-Medaille,de,Hans Rumpf Medal,ORAP,Hans Rumpf-Medaille,Webseite,DECHEMA - Gesellschaft für Chemische Technik und Biotechnologie; VDI-Gesellschaft Verfahrenstechnik und Chemieingenieurwesen,wissenschaftlicher Sektor; Sonstige,DE; DE,https://dechema.de/%C3%9Cber+uns/Ehrungen+und+Preise/Hans+Rumpf_Medaille+f%C3%BCr+mechanische+Verfahrenstechnik-p-20333500.html,Forschung,Wissenschaftlicher Preis,Nein,Kein Preisgeld,Kein Preisgeld,Keine Einschränkung,Keine Einschränkung,Keine Angabe,1991,
O001518,,Hans-U.-Zollinger-Forschungspreis,de,Hans U. Zollinger Research Prize,ORAP,Hans-U.-Zollinger-Forschungspreis,Webseite,Deutsche Gesellschaft für Nephrologie,wissenschaftlicher Sektor,DE,https://www.dgfn.eu/wissenschaftspreise.html,Forschung,Wissenschaftlicher Preis,Ja,3000,EUR,Keine Einschränkung,Keine Einschränkung,Eigenbewerbung und Nominierung,1999,
O001522,Q29926347,Heinz-Heckhausen-Preis,de,Heinz Heckhausen Prize,ORAP,Heinz-Heckhausen-Preis,Webseite,Deutsche Gesellschaft für Psychologie,wissenschaftlicher Sektor,DE,https://www.dgps.de/die-dgps/preise-und-ehrungen/heinz-heckhausen-preis/,Forschung,Wissenschaftlicher Preis,Ja,1000,EUR,Einrichtungs- oder organisationsgebunden,Deutschland; Österreich; Schweiz,Eigenbewerbung und Nominierung,1984,
O001523,,Helene-Lange-Preis,de,Helene Lange Prize,ORAP,Helene-Lange-Preis,Webseite,EWE Stiftung; OFFIS Institut für Informatik; Stadt Oldenburg,Stiftungen; wissenschaftlicher Sektor; öffentlicher Sektor,DE; DE; DE,https://helene-lange-preis.de/,Forschung,Wissenschaftlicher Preis,Ja,15000,EUR,DACH,Deutschland | Niedersachsen; Deutschland | Bremen,Eigenbewerbung,2009,
O001524,Q1602345,Helge-Pross-Preis,de,Helge Pross Prize,ORAP,Helge-Pross-Preis,Webseite,Universität Siegen,wissenschaftlicher Sektor,DE,https://www.uni-siegen.de/foerderer/preise/helge_pross.html?lang=de,Forschung,Wissenschaftlicher Preis,Nein,5000,EUR,Keine Einschränkung,Keine Einschränkung,Nominierung Einrichtung / Gremium,1994,
O001525,,Helmholtz-Forschungspreis der DOG,de,Helmholtz Research Prize of the DOG,ORAP,Helmholtz-Forschungspreis der DOG,Webseite,Deutsche Ophthalmologische Gesellschaft,wissenschaftlicher Sektor,DE,https://www.dog.org/die-dog/foerderungen-und-preise/ausschreibungen,Forschung,Wissenschaftlicher Preis,Ja,5000,EUR,DACH,Deutschland,Eigenbewerbung,2018,
O001526,,Helmut und Heide Balzert-Preis,de,Helmut and Heide Balzert Prize,ORAP,Helmut und Heide Balzert-Preis,Webseite,Gesellschaft für Informatik; Österreichische Computer Gesellschaft; Schweizer Informatik Gesellschaft,wissenschaftlicher Sektor; wirtschaftlicher Sektor; wissenschaftlicher Sektor,DE; AT; CH,https://gi.de/balzert-preis,Lehre,Wissenschaftlicher Preis,Nein,10000,EUR,DACH,Deutschland; Österreich; Schweiz,Nominierung Einrichtung / Gremium,2022,
O001527,Q1607954,Herbert-Walther-Preis,de,Herbert-Walther-Prize,Webseite,Herbert-Walther-Preis,Webseite,Deutsche Physikalische Gesellschaft; Optica,wissenschaftlicher Sektor; wissenschaftlicher Sektor,DE; US,https://www.dpg-physik.de/auszeichnungen/dpg-preise-mit-anderen-organisationen/herbert-walther-preis,Forschung,Wissenschaftlicher Preis,Nein,5000,EUR,Keine Einschränkung,Keine Einschränkung,Eigenbewerbung,2009,
O001530,Q15116837,Hermann-Staudinger-Preis,de,Hermann Staudinger Prize,Webseite,Hermann-Staudinger-Preis,Webseite,Gesellschaft Deutscher Chemiker,wissenschaftlicher Sektor,DE,https://www.gdch.de/gdch/preise-und-auszeichnungen/gdch-preise/hermann-staudinger-preis.html,Forschung,Wissenschaftlicher Preis,Nein,7500,EUR,Keine Einschränkung,Keine Einschränkung,Nominierung Einrichtung / Gremium,1971,
O001531,,Herzmedizinischer Förderpreis,de,Cardiac Medicine Award,ORAP,Herzmedizinischer Förderpreis,Webseite,"Deutsche Gesellschaft für Thorax-, Herz- und Gefäßchirurgie",wissenschaftlicher Sektor,DE,https://dgthg.de/test/,Forschung,Wissenschaftlicher Preis,Ja,2500,EUR,DACH,Deutschland,Eigenbewerbung,1998,
O001534,,HHN Wissenschaftspreis für herausragende anwendungsorientierte Forschung,de,HHN Science Award for outstanding application-oriented research,ORAP,HHN Wissenschaftspreis für herausragende anwendungsorientierte Forschung,Webseite,Thomas Gessmann-Stiftung,Stiftungen,DE,https://www.hs-heilbronn.de/de/hhn-wissenschaftspreis-fuer-herausragende-anwendungsorientierte-forschung-f3074ea637bd052c,Forschung,Wissenschaftliche Auszeichnung,Ja,5000,EUR,Einrichtungs- oder organisationsgebunden,Deutschland | Baden-Württemberg | Heilbronn,Eigenbewerbung und Nominierung,2021,
O001535,,Hildegard-Hamm-Brücher-Preis für Chancengleichheit in der Chemie,de,Hildegard Hamm-Bruecher Prize for equal opportunities in Chemistry,Webseite,Hildegard-Hamm-Brücher-Preis für Chancengleichheit in der Chemie,Webseite,Gesellschaft Deutscher Chemiker,wissenschaftlicher Sektor,DE,https://www.gdch.de/gdch/preise-und-auszeichnungen/gdch-preise/hildegard-hamm-bruecher-preis.html,Sonstiges,Wissenschaftlicher Preis,Nein,7500,EUR,Keine Einschränkung,Keine Einschränkung,Nominierung offen,2021,
O001538,,HIV/AIDS-Forschungspreis der DGI,de,HIV/AIDS Research Prize of the DGI,ORAP,HIV/AIDS-Forschungspreis der DGI,Webseite,Deutsche Gesellschaft für Infektiologie; ViiV Healthcare,wissenschaftlicher Sektor; wirtschaftlicher Sektor,DE; GB,https://www.dgi-net.de/wissenschaft/preise/,Forschung,Wissenschaftlicher Preis,Nein,10000,EUR,DACH,Deutschland; Österreich; Schweiz,Eigenbewerbung,,
O001540,Q15815973,Horst-Pracejus-Preis,de,Horst Pracejus Prize,Webseite,Horst-Pracejus-Preis,Webseite,Gesellschaft Deutscher Chemiker,wissenschaftlicher Sektor,DE,https://www.gdch.de/gdch/preise-und-auszeichnungen/gdch-preise/horst-pracejus-preis.html,Forschung,Wissenschaftlicher Preis,Nein,7500,EUR,Keine Einschränkung,Keine Einschränkung,Nominierung offen,1999,
O001541,,Horst-Wiehe-Förderpreis,de,Horst-Wiehe Award,Webseite,Horst-Wiehe-Förderpreis,Webseite,Gesellschaft für Ökologie,wissenschaftlicher Sektor,DE,https://www.gfoe.org/de/node/85,Forschung,Wissenschaftlicher Preis,Ja,Keine Angabe,Keine Angabe,Keine Einschränkung,Keine Einschränkung,Nominierung eingeschränkt,2007,
O001543,,Humboldt-Preis,de,Humboldt Award,ORAP,Humboldt-Preis,Webseite,Humboldt-Universität zu Berlin,wissenschaftlicher Sektor,DE,https://www.hu-berlin.de/de/ueberblick/menschen/ehrungen/humboldtpreis/standardseite,Forschung,Wissenschaftlicher Preis,Ja,3000,EUR,Einrichtungs- oder organisationsgebunden,Deutschland | Berlin,Nominierung eingeschränkt,2008,
O001549,,Ingrid zu Solms-Preis für Medizin,de,Ingrid zu Solms Prize for Medicine,ORAP,Ingrid zu Solms-Preis für Medizin,Webseite,Ingrid zu Solms-Stiftung,Stiftungen,DE,https://ingrid-zu-solms-stiftung.de/Medizin.html,Forschung,Wissenschaftlicher Preis,Ja,15000,EUR,DACH,Deutschland; Österreich; Schweiz,Eigenbewerbung,1995,
O001556,,Innovationspreis der deutschen Gaswirtschaft,de,Innovation award of the German gas industry,ORAP,Innovationspreis der deutschen Gaswirtschaft,Webseite,GW Wirtschafts Gesellschaft,wirtschaftlicher Sektor,DE,https://innovationspreis.gas.info/ueber-den-preis/,Forschung,Wissenschaftlicher Preis,Nein,Keine Angabe,Keine Angabe,DACH,Deutschland; Österreich; Schweiz,Eigenbewerbung,1980,
O001557,,Innovationspreis der GDCh-Fachgruppe Medizinische Chemie,de,Innovation Award from the GDCh Division of Medicinal Chemistry,Webseite,Innovationspreis der GDCh-Fachgruppe Medizinische Chemie,Webseite,Gesellschaft Deutscher Chemiker; Deutsche Pharmazeutische Gesellschaft,wissenschaftlicher Sektor; wissenschaftlicher Sektor,DE; DE,https://www.gdch.de/netzwerk-strukturen/fachstrukturen/medizinische-chemie/preise-ehrungen/innovationspreis.html,Forschung,Wissenschaftlicher Preis,Nein,5000,EUR,DACH,Deutschland; Österreich; Schweiz,Eigenbewerbung und Nominierung,1999,
O001561,,Innovationspreise,de,Innovation Awards,ORAP,Innovationspreise,Webseite,Parkinson Stiftung,Stiftungen,DE,https://parkinsonstiftung.de/innovationspreis,Forschung,Wissenschaftlicher Preis,Nein,100000,EUR,DACH,Deutschland,Eigenbewerbung,2021,
O001562,,Innovationspreis für Klima und Umwelt,de,Innovation prize for climate and environment,ORAP,Innovationspreis für Klima und Umwelt,Webseite,Bundesministerium für Wirtschaft und Klimaschutz,öffentlicher Sektor,DE,https://iku-innovationspreis.de/iku-info/,Forschung,Wissenschaftlicher Preis,Nein,25000,EUR,DACH,Deutschland,Eigenbewerbung,2009,
O001563,,Innovationspreis Herzmedizin,de,Innovation Award for Cardiac Medicine,ORAP,Innovationspreis Herzmedizin,Webseite,"Deutsche Gesellschaft für Thorax-, Herz- und Gefäßchirurgie",wissenschaftlicher Sektor,DE,https://dgthg.de/innovationspreis-herzmedizin/,Forschung,Wissenschaftlicher Preis,Ja,5000,EUR,Einrichtungs- oder organisationsgebunden,International,Eigenbewerbung,2024,
O001565,,Innovationspreis Niedersachsen,de,Lower Saxony Innovation Award,ORAP,Innovationspreis Niedersachsen,Webseite,Land Niedersachsen,öffentlicher Sektor,DE,https://www.innovationsnetzwerk-niedersachsen.de/innovationspreis-niedersachsen-2023.html,Transfer,Wissenschaftlicher Preis,Nein,20000,EUR,DACH,Deutschland | Niedersachsen,Eigenbewerbung,2016,
O001572,,Johannes Möller Preis,de,Johannes Moeller Prize,ORAP,Johannes Möller Preis,Webseite,Möller Stiftung für Wissenschaft und Forschung,wissenschaftlicher Sektor,DE,https://www.moellerstiftung.de/johannes-moeller-preis/,Forschung,Wissenschaftlicher Preis,Ja,5000,EUR,DACH,Deutschland; Österreich; Schweiz,Nominierung eingeschränkt,1999,
O001574,,Johann-Gustav-Droysen-Preis,de,Johann Gustav Droysen Prize,ORAP,Johann-Gustav-Droysen-Preis,Webseite,Förderverein des Institus für Geschichtswissenschaften an der Humboldt-Universität zu Berlin,wissenschaftlicher Sektor,DE,https://www.geschichte.hu-berlin.de/de/das-institut/Foerderverein/johann-gustav-droysen-preis,Forschung,Wissenschaftlicher Preis,Ja,500,EUR,Einrichtungs- oder organisationsgebunden,Deutschland | Berlin,Nominierung eingeschränkt,2002,
O001575,,Johann-Wempe-Preis,de,Johann Wempe Award,Webseite,Johann-Wempe-Preis,Webseite,Leibniz-Institut für Astrophysik Potsdam,wissenschaftlicher Sektor,DE,https://www.aip.de/de/career/johann-wempe-award/,Forschung,Wissenschaftliche Auszeichnung,Nein,Keine Angabe,Keine Angabe,Keine Einschränkung,Keine Einschränkung,Eigenbewerbung und Nominierung,2001,
O001585,,Karl Peter Grotemeyer-Preis,de,Karl Peter Grotemeyer Prize,ORAP,Karl Peter Grotemeyer-Preis,Webseite,Universität Bielefeld,wissenschaftlicher Sektor,DE,https://www.uni-bielefeld.de/themen/qm-studium-lehre/grotemeyerpreis/,Lehre,Wissenschaftlicher Preis,Ja,3000,EUR,Einrichtungs- oder organisationsgebunden,Deutschland | Nordrhein-Westfalen | Bielefeld,Nominierung eingeschränkt,1997,
O001587,Q1412480,Karl-Ziegler-Förderpreis,de,Karl Ziegler Stipendiary Award,Webseite,Karl-Ziegler-Förderpreis,Webseite,Gesellschaft Deutscher Chemiker,wissenschaftlicher Sektor,DE,https://www.gdch.de/gdch/stiftungen/karl-ziegler-stiftung/karl-ziegler-foerderpreis.html,Forschung,Wissenschaftliche Auszeichnung,Nein,30000,EUR,DACH,Deutschland,Nominierung offen,1975,
O001590,Q1744761,Klaus-Grohe-Preis,de,Klaus Grohe Prize,Webseite,Klaus-Grohe-Preis,Webseite,Klaus-Grohe-Stiftung,Stiftungen,DE,https://www.gdch.de/gdch/stiftungen/klaus-grohe-stiftung.html,Forschung,Wissenschaftlicher Preis,Nein,50000,EUR,Keine Einschränkung,Keine Einschränkung,Keine Angabe,2020,
O001591,,Klaus-Tschira-Medaille,de,Klaus Tschira Medal,ORAP,Klaus-Tschira-Medaille,Webseite,Gesellschaft für Informatik; Klaus Tschira Stiftung,wissenschaftlicher Sektor; Stiftungen,DE; DE,https://gi.de/ueber-uns/personen/klaus-tschira-medaille,Transfer,Wissenschaftlicher Preis,Nein,Kein Preisgeld,Kein Preisgeld,DACH,Deutschland; Österreich; Schweiz,Nominierung offen,2018,
O001593,,"Klinische Forschungspreis der Pro Retina – Stiftung zur Verhütung von Blindheit, der PRO RETINA Deutschland e.V. und der Retina Suisse",de,"Clinical Research Award of the Pro Retina - Foundation for the Prevention of Blindness, PRO RETINA Germany e.V. and Retina Suisse",ORAP,"Klinische Forschungspreis der Pro Retina – Stiftung zur Verhütung von Blindheit, der PRO RETINA Deutschland e.V. und der Retina Suisse",Webseite,Pro Retina Deutschland; Retina Suisse,Stiftungen; Stiftungen,DE; CH,https://www.pro-retina-stiftung.de/archiv/forschungspreise/forschungspreisausschreibung/,Forschung,Wissenschaftlicher Preis,Ja,5000,EUR,DACH,Deutschland; Österreich; Schweiz,Nominierung eingeschränkt,2018,
O001600,,Kurt-Beyer-Preis,de,Kurt Beyer Prize,Webseite,Kurt-Beyer-Preis,Webseite,Technische Universität Dresden,wissenschaftlicher Sektor,DE,https://tu-dresden.de/forschung-transfer/services-fuer-forschende/preise-fuer-forschende/universitaetspreise/kurt-beyer-preis,Forschung,Wissenschaftlicher Preis,Ja,5000,EUR,Einrichtungs- oder organisationsgebunden,Deutschland | Sachsen | Dresden,Nominierung eingeschränkt,1996,
O001602,Q1525629,Lautenschläger-Forschungspreis,de,Lautenschlaeger Research Prize,ORAP,Lautenschläger-Forschungspreis,Webseite,Universität Heidelberg,wissenschaftlicher Sektor,DE,https://www.uni-heidelberg.de/de/forschung/forschungsservice/forschungspreise/lautenschlaeger-forschungspreis,Forschung,Wissenschaftliche Auszeichnung,Nein,250000,EUR,Einrichtungs- oder organisationsgebunden,Deutschland | Baden-Württemberg | Heidelberg,Nominierung eingeschränkt,2001,
O001603,,Lehrpreis der Universität Mannheim,de,University of Mannheim Teaching Award,Webseite,Lehrpreis der Universität Mannheim,Webseite,Universität Mannheim,wissenschaftlicher Sektor,DE,https://www.uni-mannheim.de/infos-fuer/forschende-und-lehrende/lehren/lehrpreis/,Lehre,Wissenschaftliche Auszeichnung,Ja,5000,EUR,Einrichtungs- oder organisationsgebunden,Deutschland | Baden-Württemberg | Mannheim,Nominierung Einrichtung / Gremium,,
O001605,,Leipziger Wissenschaftspreis,de,Leipzig Science Prize,ORAP,Leipziger Wissenschaftspreis,Webseite,Stadt Leipzig; Universität Leipzig; Sächsische Akademie der Wissenschaften zu Leipzig,öffentlicher Sektor; wissenschaftlicher Sektor; wissenschaftlicher Sektor,DE; DE; DE,https://www.saw-leipzig.de/de/ueber-die-akademie/leipziger-wissenschaftspreis,Forschung,Wissenschaftlicher Preis,Nein,10000,EUR,DACH,Deutschland | Sachsen | Leipzig,Nominierung Einrichtung / Gremium,2001,
O001606,,Leonhard Klein-Preis,de,Leonhard Klein Prize,ORAP,Leonhard Klein-Preis,Webseite,Leonhard Klein-Stiftung,Stiftungen,DE,https://www.deutsches-stiftungszentrum.de/stiftungen/leonhard-klein-stiftung,Forschung,Wissenschaftlicher Preis,Nein,15000,EUR,Keine Einschränkung,Keine Einschränkung,Nominierung offen,,
O001607,Q567492,Liebig-Denkmünze,de,Liebig commemorative Medal,Webseite,Liebig-Denkmünze,Webseite,Gesellschaft Deutscher Chemiker,wissenschaftlicher Sektor,DE,https://www.gdch.de/gdch/preise-und-auszeichnungen/gdch-preise/liebig-denkmuenze.html,Forschung,Wissenschaftlicher Preis,Nein,7500,EUR,DACH,Deutschland,Nominierung offen,1903,
O001610,Q574994,Ludwig-Biermann-Förderpreis,de,Ludwig Biermann Award,ORAP,Ludwig-Biermann-Förderpreis,Webseite,Astronomische Gesellschaft,wissenschaftlicher Sektor,DE,https://astronomische-gesellschaft.de//de/aktivitaeten/preise,Forschung,Wissenschaftliche Auszeichnung,Ja,3000,EUR,Keine Einschränkung,Keine Einschränkung,Nominierung eingeschränkt,1989,
O001612,Q1443421,Margherita-von-Brentano-Preis,de,Margherita von Brentano Prize,ORAP,Margherita-von-Brentano-Preis,Webseite,Freie Universität Berlin,wissenschaftlicher Sektor,DE,http://www.fu-berlin.de/sites/margherita-von-brentano/,Forschung,Wissenschaftlicher Preis,Nein,15000,EUR,Keine Einschränkung,Keine Einschränkung,Eigenbewerbung und Nominierung,1995,
O001613,,Maria Gräfin von Linden-Preis,de,Maria Countess von Linden Prize,ORAP,Maria Gräfin von Linden-Preis,Webseite,Verband Baden-Württembergischer Wissenschaftlerinnen,wissenschaftlicher Sektor,DE,https://vbww.net/linden-preis/,Forschung,Wissenschaftlicher Preis,Ja,1000,EUR,DACH,Deutschland | Baden-Württemberg,Eigenbewerbung und Nominierung,2001,
O001614,Q27973088,Marian-Smoluchowski-Emil-Warburg-Physikpreis,de,Marian Smoluchowski - Emil Warburg Physics Prize,Webseite,Marian-Smoluchowski-Emil-Warburg-Physikpreis,Webseite,Deutsche Physikalische Gesellschaft; Polskie Towarzystwo Fizyczne,wissenschaftlicher Sektor; wissenschaftlicher Sektor,DE; PL,https://www.dpg-physik.de/auszeichnungen/dpg-preise-mit-anderen-organisationen/marian-smoluchowski-emil-warburg-physik-preis,Forschung,Wissenschaftlicher Preis,Nein,3000,EUR,International,Deutschland; Polen,Nominierung Einrichtung / Gremium,1997,
O001615,,Marianne-Baudler-Preis,de,Marianne Baudler Prize,Webseite,Marianne-Baudler-Preis,Webseite,Gesellschaft Deutscher Chemiker,wissenschaftlicher Sektor,DE,https://www.gdch.de/gdch/preise-und-auszeichnungen/gdch-preise/marianne-baudler-preis.html,Forschung,Wissenschaftlicher Preis,Nein,7500,EUR,Keine Einschränkung,Keine Einschränkung,Nominierung offen,1950,
O001618,,Marthe-Vogt-Preis,de,Marthe Vogt Award,Webseite,Marthe-Vogt-Preis,Webseite,Forschungsverbund Berlin,wissenschaftlicher Sektor,DE,https://www.fv-berlin.de/karriere/marthe-vogt-preis,Forschung,Wissenschaftlicher Preis,Ja,3000,EUR,DACH,Deutschland | Berlin; Deutschland | Brandenburg,Nominierung Einrichtung / Gremium,2001,
O001619,Q27973219,Martin-Irle-Preis,de,Martin Irle Prize,ORAP,Martin-Irle-Preis,Webseite,Deutsche Gesellschaft für Psychologie,wissenschaftlicher Sektor,DE,https://www.dgps.de/die-dgps/preise-und-ehrungen/martin-irle-preis/,Forschung,Wissenschaftlicher Preis,Nein,4000,EUR,DACH,Deutschland,Nominierung eingeschränkt,2016,
O001620,Q1607941,Max Rubner-Preis,de,Max Rubner Prize,ORAP,Max Rubner-Preis,Webseite,Deutsche Gesellschaft für Ernährung,wissenschaftlicher Sektor,DE,https://www.dge.de/dge/wissenschaftspreis/max-rubner-preis/,Forschung,Wissenschaftlicher Preis,Ja,5000,EUR,DACH,Deutschland,Eigenbewerbung,1979,
O001621,Q678979,Max-Born-Preis und -Medaille,de,Max Born Prize,Webseite,Max-Born-Preis und -Medaille,Webseite,Deutsche Physikalische Gesellschaft; Institute of Physics,wissenschaftlicher Sektor; wissenschaftlicher Sektor,DE; GB,https://www.dpg-physik.de/auszeichnungen/dpg-preise-mit-anderen-organisationen/max-born-preis-und-medaille,Forschung,Wissenschaftlicher Preis,Nein,3000,EUR,International,Deutschland; Großbritannien und Nordirland; Irland,Nominierung Einrichtung / Gremium,1973,
O001626,,Meta-Alexander-Preis,de,Meta Alexander Prize,ORAP,Meta-Alexander-Preis,Webseite,Deutsche Gesellschaft für Infektiologie,wissenschaftlicher Sektor,DE,https://www.dgi-net.de/wissenschaft/preise/,Forschung,Wissenschaftlicher Preis,Ja,10000,EUR,DACH,Deutschland; Österreich; Schweiz,Eigenbewerbung,2000,
O001629,,MSD Gesundheitspreis,de,MSD Health Award,ORAP,MSD Gesundheitspreis,Webseite,Merck Sharp & Dohme,wirtschaftlicher Sektor,US,https://www.msd.de/gesundheitspreis/,Sonstiges,Wissenschaftlicher Preis,Nein,115000,EUR,DACH,Deutschland,Eigenbewerbung,2011,
O001635,,Nils-Alwall-Preis,de,Nils Alwall Prize,ORAP,Nils-Alwall-Preis,Webseite,Deutsche Gesellschaft für Nephrologie,wissenschaftlicher Sektor,DE,https://www.dgfn.eu/wissenschaftspreise.html,Forschung,Wissenschaftlicher Preis,Ja,3000,EUR,DACH,Deutschland; Österreich; Schweiz,Eigenbewerbung und Nominierung,1984,
O001638,,Ökologiepreis der Viktor und Sigrid Dulger Stiftung,de,Ecology Prize of the Viktor and Sigrid Dulger Foundation,Webseite,Ökologiepreis der Viktor und Sigrid Dulger Stiftung,Webseite,Viktor und Sigrid Dulger Stiftung,Stiftungen,DE,https://www.hadw-bw.de/preise/%C3%96kologiepreis_Dulgerstiftung,Forschung,Wissenschaftlicher Preis,Ja,10000,EUR,DACH,Deutschland | Baden-Württemberg,Nominierung eingeschränkt,2007,
O001641,Q20827258,Förderpreis Opus Primum,de,Opus Primum Award,ORAP,Förderpreis Opus Primum,Webseite,VolkswagenStiftung,wissenschaftlicher Sektor,DE,https://www.volkswagenstiftung.de/de/foerderung/foerderangebot/opus-primum-foerderpreis-fuer-die-beste,Forschung,Wissenschaftliche Auszeichnung,Ja,10000,EUR,DACH,Deutschland,Nominierung eingeschränkt,2011,2020
O001644,Q2038006,Otto-Roelen-Medaille,de,Otto Roelen Medal,Webseite,Otto-Roelen-Medaille,Webseite,DECHEMA - Gesellschaft für Chemische Technik und Biotechnologie; DECHEMA/VDI-Fachsektion Chemische Reaktionstechnik,wissenschaftlicher Sektor; wissenschaftlicher Sektor,DE; DE,https://dechema.de/%C3%9Cber+uns/Ehrungen+und+Preise/Otto_Roelen_Medaille-p-20001575.html,Forschung,Wissenschaftlicher Preis,Nein,5000,EUR,Keine Einschränkung,Keine Einschränkung,Nominierung offen,1997,
O001646,Q2037956,Otto-Hahn-Medaille,de,Otto Hahn Medal,Webseite,Otto-Hahn-Medaille,Webseite,Max-Planck-Gesellschaft,wissenschaftlicher Sektor,DE,https://www.mpg.de/preise/otto-hahn-medaille,Forschung,Wissenschaftlicher Preis,Ja,7500,EUR,Einrichtungs- oder organisationsgebunden,Deutschland,Nominierung eingeschränkt,1978,
O001649,Q116819931,Otto-Stern-Preis,de,Otto-Stern Award,Webseite,Otto-Stern-Preis,Webseite,Gesellschaft Deutscher Chemiker,wissenschaftlicher Sektor,DE,https://www.gdch.de/netzwerk-strukturen/fachstrukturen/magnetische-resonanz/preise-ehrungen/otto-stern-preis.html,Forschung,Wissenschaftliche Auszeichnung,Nein,Kein Preisgeld,Kein Preisgeld,Keine Einschränkung,Keine Einschränkung,Nominierung eingeschränkt,2020,
O001650,,Pflegepreis der DGN,de,DGN nursing prize,ORAP,Pflegepreis der DGN,Webseite,Deutsche Gesellschaft für Neurologie,wissenschaftlicher Sektor,DE,https://dgn.org/uber-uns/preise-ehrungen,Forschung,Wissenschaftlicher Preis,Nein,2000,EUR,Einrichtungs- oder organisationsgebunden,Deutschland,Eigenbewerbung,2021,
O001658,,Preis für Biokonversion nachwachsender Rohstoffe,de,Award for bioconversion of renewable raw materials,Webseite,Preis für Biokonversion nachwachsender Rohstoffe,Webseite,Gesellschaft Deutscher Chemiker,wissenschaftlicher Sektor,DE,https://www.gdch.de/gdch/preise-und-auszeichnungen/gdch-preise/preis-fuer-biokonversion-nachwachsender-rohstoffe.html,Forschung,Wissenschaftlicher Preis,Ja,2000,EUR,DACH,Deutschland,Nominierung eingeschränkt,2021,
O001660,,Preis für hervorragende Lehre der Universität Hildesheim,de,Award for outstanding teaching at the University of Hildesheim,ORAP,Preis für hervorragende Lehre der Universität Hildesheim,Webseite,Universität Hildesheim,wissenschaftlicher Sektor,DE,https://www.uni-hildesheim.de/qualitaetsmanagement/evaluation/qualitaetspreise/preis-fuer-hervorragende-lehre/,Lehre,Wissenschaftliche Auszeichnung,Nein,3000,EUR,Einrichtungs- oder organisationsgebunden,Deutschland | Niedersachsen | Hildesheim,Nominierung eingeschränkt,2008,
O001661,,Preis für Hypertonie-Forschung,de,Prize for hypertension research,ORAP,Preis für Hypertonie-Forschung,Webseite,Deutsche Gesellschaft für Nephrologie,wissenschaftlicher Sektor,DE,https://www.dgfn.eu/wissenschaftspreise.html,Forschung,Wissenschaftlicher Preis,Ja,3000,EUR,DACH,Deutschland,Eigenbewerbung und Nominierung,2014,
O001664,,Professor-Siegfried-Peter-Preis,de,Professor Siegfried Peter Prize,ORAP,Professor-Siegfried-Peter-Preis,Webseite,DECHEMA - Gesellschaft für Chemische Technik und Biotechnologie; DECHEMA/VDI-Fachgruppe Hochdruckverfahrenstechnik,wissenschaftlicher Sektor; wissenschaftlicher Sektor,DE; DE,https://dechema.de/siegfried_peter_preis25.html,Forschung,Wissenschaftlicher Preis,Ja,1500,EUR,DACH,Deutschland; Österreich; Schweiz,Nominierung offen,2010,
O001666,,Promotionspreis der GDCh-Fachgruppe Medizinische Chemie,de,PhD Award of the GDCh Division of Medicinal Chemistry,Webseite,Promotionspreis der GDCh-Fachgruppe Medizinische Chemie,Webseite,Gesellschaft Deutscher Chemiker,wissenschaftlicher Sektor,DE,https://www.gdch.de/netzwerk-strukturen/fachstrukturen/medizinische-chemie/preise-ehrungen/promotionspreis.html,Forschung,Wissenschaftlicher Preis,Ja,750,EUR,Keine Einschränkung,Keine Einschränkung,Eigenbewerbung und Nominierung,2013,
O001667,,Promotionspreis der Leibniz-Gemeinschaft,de,Leibniz Dissertation Award,Webseite,Promotionspreis der Leibniz-Gemeinschaft,Webseite,Leibniz-Gemeinschaft,wissenschaftlicher Sektor,DE,https://www.leibniz-gemeinschaft.de/karriere/karriere-in-der-wissenschaft/promotion-in-der-leibniz-gemeinschaft/promotionspreis,Forschung,Wissenschaftlicher Preis,Ja,5000,EUR,Einrichtungs- oder organisationsgebunden,Deutschland,Nominierung eingeschränkt,1997,
O001669,,Promotionspreis IT-Sicherheit,de,IT Security Promotion Award,ORAP,Promotionspreis IT-Sicherheit,Webseite,Gesellschaft für Informatik; Competence Center for Applied Security Technology,wissenschaftlicher Sektor; wissenschaftlicher Sektor,DE; DE,https://cast-forum.de/foerderpreise/promotionspreis_it-sicherheit.html?ts=1706112932374,Forschung,Wissenschaftlicher Preis,Ja,3000,EUR,DACH,Deutschland; Österreich; Schweiz,Eigenbewerbung,2011,
O001671,,Rainer-Greger-Promotionspreis,de,Rainer Greger Award,ORAP,Rainer-Greger-Promotionspreis,Webseite,Deutsche Gesellschaft für Nephrologie,wissenschaftlicher Sektor,DE,https://www.dgfn.eu/wissenschaftspreise.html,Forschung,Wissenschaftlicher Preis,Ja,1000,EUR,DACH,Deutschland,Eigenbewerbung,1996,
O001672,,Regensburger Onkologiepreis,de,Regensburg Oncology Prize,ORAP,Regensburger Onkologiepreis,Webseite,Comprehensive Cancer Center Ostbayern,wissenschaftlicher Sektor,DE,https://www.ccco.de/translationale-krebsforschung/regensburger-onkologiepreis,Forschung,Wissenschaftlicher Preis,Nein,Keine Angabe,Keine Angabe,Einrichtungs- oder organisationsgebunden,Deutschland | Bayern | Ostbayern,Keine Angabe,2015,
O001673,Q55631680,Richard-von-Mises-Preis,de,Richard-von-Mises Prize,Webseite,Richard-von-Mises-Preis,Webseite,Gesellschaft für Angewandte Mathematik und Mechanik,wissenschaftlicher Sektor,DE,https://www.gamm.org/informationen/stiftungen-preise/richard-von-mises-preis/,Forschung,Wissenschaftliche Auszeichnung,Ja,2000,EUR,Keine Einschränkung,Keine Einschränkung,Keine Angabe,1989,
O001674,Q505132,Robert-Koch-Preis,de,Robert Koch Award,Webseite,Robert-Koch-Preis,Webseite,Robert-Koch-Stiftung,wissenschaftlicher Sektor,DE,https://www.robert-koch-stiftung.de/preise/robert-koch-preis,Forschung,Wissenschaftlicher Preis,Nein,120000,EUR,Keine Einschränkung,Keine Einschränkung,Nominierung offen,1960,
O001677,,Rudolf-Hermanns-Preis,de,Rudolf Hermanns Foundation Prize,Webseite,Rudolf-Hermanns-Preis,Webseite,Rudolf Hermanns Stiftung,Stiftungen,DE,https://www.hs-geisenheim.de/hochschule/foerderungen-und-fundraising/stiftungen/rudolf-hermanns-stiftung,Forschung,Wissenschaftlicher Preis,Nein,12500,EUR,International,Europa,Eigenbewerbung,1991,
O001687,,Wissenschaftspreis der Gisela und Erwin Sick Stiftung,de,Science Prize of the Gisela and Erwin Sick Foundation,ORAP,Wissenschaftspreis der Gisela und Erwin Sick Stiftung,Webseite,Gisela und Erwin Sick Stiftung; Karlsruher Institut für Technologie,Stiftungen; wissenschaftlicher Sektor,DE; DE,https://www.tuhh.de/tuhh/tu-hamburg/newsroom/weitere-events/sick-wissenschaftspreis,Forschung,Wissenschaftlicher Preis,Ja,6000,EUR,Einrichtungs- oder organisationsgebunden,Deutschland | Hamburg,Nominierung eingeschränkt,2015,
O001696,,Telemedizinpreis,de,Telemedicine prize,ORAP,Telemedizinpreis,Webseite,Deutsche Gesellschaft für Telemedizin,wissenschaftlicher Sektor,DE,https://telemedizinkongress.de/telemedizinpreis/,Forschung,Wissenschaftlicher Preis,Nein,Kein Preisgeld,Kein Preisgeld,DACH,Deutschland,Eigenbewerbung,2007,
O001704,,Uta und Jürgen Breunig-Forschungspreis,de,Uta and Juergen Breunig Research Prize,ORAP,Uta und Jürgen Breunig-Forschungspreis,Webseite,Deutsche Herzstiftung,Stiftungen,DE,https://herzstiftung.de/herzforschung/forschungsfoerderung-beantragen/wissenschaftspreis-ohne-ausschreibung,Forschung,Wissenschaftlicher Preis,Ja,7000,EUR,DACH,Deutschland,Nominierung Einrichtung / Gremium,2014,
O001707,,Victor-Moritz-Goldschmidt-Preis,de,Victor Moritz Goldschmidt Prize,ORAP,Victor-Moritz-Goldschmidt-Preis,Webseite,Deutsche Mineralogische Gesellschaft,wissenschaftlicher Sektor,DE,https://www.dmg-home.org/1/ehrungen-/-preise/victor-moritz-goldschmidt-preis/,Forschung,Wissenschaftlicher Preis,Ja,3000,EUR,DACH,Deutschland,Nominierung offen,1958,
O001710,Q2543379,Walter-Schottky-Preis,de,Walter Schottky Prize,Webseite,Walter-Schottky-Preis,Webseite,Deutsche Physikalische Gesellschaft,wissenschaftlicher Sektor,DE,https://www.dpg-physik.de/auszeichnungen/dpg-preise/walter-schottky-preis,Forschung,Wissenschaftlicher Preis,Ja,10000,EUR,International,Europa,Nominierung offen,1972,
O001711,Q1685952,Walter-Witzenmann-Preis,de,Walter Witzenmann Prize,Webseite,Walter-Witzenmann-Preis,Webseite,Heidelberger Akademie der Wissenschaften,wissenschaftlicher Sektor,DE,https://www.hadw-bw.de/preise/Walter-Witzenmann-Preis,Forschung,Wissenschaftlicher Preis,Ja,10000,EUR,DACH,Deutschland | Baden-Würtemberg,Nominierung eingeschränkt,1997,
O001713,,Wasser-Ressourcenpreis,de,Water Resource Prize,ORAP,Wasser-Ressourcenpreis,Webseite,Rüdiger Kurt Bode-Stiftung,Stiftungen,DE,https://www.deutsches-stiftungszentrum.de/aktuelles/2023_11_16_bode-stiftung_wasser-ressourcenpreis_2024_ausschreibung,Forschung,Wissenschaftlicher Preis,Nein,100000,EUR,DACH,Deutschland,Eigenbewerbung und Nominierung,2012,
O001714,,Werner Klinner-Preis,de,Werner Klinner Prize,ORAP,Werner Klinner-Preis,Webseite,"Deutsche Gesellschaft für Thorax-, Herz- und Gefäßchirurgie; Gerald Asamoah Stiftung für herzkranke Kinder",wissenschaftlicher Sektor; Stiftungen,DE; DE,https://dgthg.de/test/,Forschung,Wissenschaftlicher Preis,Ja,7500,EUR,DACH,Deutschland,Eigenbewerbung,2022,
O001716,,Wilhelm-Ostwald-Nachwuchspreis,de,Wilhelm Ostwald Young Talent Award,Webseite,Wilhelm-Ostwald-Nachwuchspreis,Webseite,Gesellschaft Deutscher Chemiker; Canadian Mathematical Society; Wilhelm-Ostwald-Gesellschaft zu Großbothen,wissenschaftlicher Sektor; wissenschaftlicher Sektor; wissenschaftlicher Sektor,DE; CA; DE,https://www.gdch.de/gdch/preise-und-auszeichnungen/gdch-preise/wilhelm-ostwald-nachwuchspreis.html,Forschung,Wissenschaftlicher Preis,Ja,2500,EUR,Keine Einschränkung,Keine Einschränkung,Nominierung eingeschränkt,2007,
O001721,,Wissenschaftspreis der Stiftung Auge,de,Eye Foundation Science Prize,ORAP,Wissenschaftspreis der Stiftung Auge,Webseite,Deutsche Ophthalmologische Gesellschaft,wissenschaftlicher Sektor,DE,https://www.dog.org/die-dog/foerderungen-und-preise/ausschreibungen,Forschung,Wissenschaftlicher Preis,Ja,2500,EUR,DACH,Deutschland,Eigenbewerbung,2013,
O001722,,Wissenschaftspreis Forschung im Verbund,de,Science prize for collaborative research,ORAP,Wissenschaftspreis Forschung im Verbund,Webseite,Fraunhofer-Gesellschaft; Stifterverband für die Deutsche Wissenschaft,wissenschaftlicher Sektor; wissenschaftlicher Sektor,DE; DE,https://www.stifterverband.org/forschung-im-verbund,Forschung,Wissenschaftlicher Preis,Nein,50000,EUR,Einrichtungs- oder organisationsgebunden,Deutschland,Eigenbewerbung,2014,
O001724,,Wladimir Köppen Preis,de,Wladimir Koeppen Award,Webseite,Wladimir Köppen Preis,Webseite,"Exzellenzcluster Climate, Climatic Change, and Society",wissenschaftlicher Sektor,DE,https://www.cliccs.uni-hamburg.de/de/career/koeppen-award.html,Forschung,Wissenschaftlicher Preis,Ja,5000,EUR,DACH,Deutschland; Österreich; Schweiz,Nominierung eingeschränkt,2009,
O001725,,Wöhler-BASF Nachwuchspreis,de,Woehler-BASF Young Talent Award,Webseite,Wöhler-BASF Nachwuchspreis,Webseite,Gesellschaft Deutscher Chemiker,wissenschaftlicher Sektor,DE,https://www.gdch.de/netzwerk-strukturen/fachstrukturen/woehler-vereinigung-fuer-anorganische-chemie/woehler-basf-nachwuchspreis.html,Forschung,Wissenschaftlicher Preis,Ja,5000,EUR,DACH,Deutschland,Eigenbewerbung und Nominierung,2004,
O001726,Q28498642,Wöhler-Preis für Nachhaltige Chemie,de,Woehler Award for Sustainable Chemistry,Webseite,Wöhler-Preis für Nachhaltige Chemie,Webseite,Gesellschaft Deutscher Chemiker,wissenschaftlicher Sektor,DE,https://www.gdch.de/gdch/preise-und-auszeichnungen/gdch-preise/woehler-preis-fuer-nachhaltige-chemie.html,Forschung,Wissenschaftlicher Preis,Nein,7500,EUR,Keine Einschränkung,Keine Einschränkung,Eigenbewerbung und Nominierung,1998,
O001729,,Wricke-Forschungspreis,de,Wricke Research Prize,ORAP,Wricke-Forschungspreis,Webseite,Günter und Anna Wricke-Stiftung,Stiftungen,DE,https://www.wricke-stiftung.de/html/der_preis.html,Forschung,Wissenschaftlicher Preis,Ja,30000,EUR,DACH,Deutschland; Österreich; Schweiz,Nominierung offen,2010,2019
O001737,,ZONTA-Wissenschaftspreis,de,ZONTA Science Award,ORAP,ZONTA-Wissenschaftspreis,Webseite,ZONTA CLUB Würzburg,Sonstige,DE,https://www.zonta-wuerzburg.de/zonta-wissenschaftspreis/,Forschung,Wissenschaftlicher Preis,Ja,2000,EUR,Einrichtungs- oder organisationsgebunden,Deutschland | Bayern | Würzburg,Eigenbewerbung,1995,
O001739,,Zukunftskolleg Research Award,en,Zukunftskolleg Research Award,Webseite,Zukunftskolleg-Forschungspreis,ORAP,Zukunftskolleg Konstanz,wissenschaftlicher Sektor,DE,https://www.uni-konstanz.de/zukunftskolleg/about-zukunftskolleg/zukunftskolleg-research-award/,Forschung,Wissenschaftliche Auszeichnung,Ja,3000,EUR,DACH,Deutschland,Nominierung eingeschränkt,2022,
O001740,,Zukunftspreis Nephrologie,de,Future Prize Nephrology,ORAP,Zukunftspreis Nephrologie,Webseite,Deutsche Gesellschaft für Nephrologie,wissenschaftlicher Sektor,DE,https://www.dgfn.eu/wissenschaftspreise.html,Forschung,Wissenschaftlicher Preis,Nein,3000,EUR,DACH,Deutschland,Eigenbewerbung,2020,
O002002,,1822-Universitätspreis für exzellente Lehre,de,1822 University Prize for excellent teaching,ORAP,1822-Universitätspreis für exzellente Lehre,Webseite,Goethe-Universität Frankfurt am Main,wissenschaftlicher Sektor,DE,https://www.uni-frankfurt.de/156749294/1822_Universit%C3%A4tspreis_f%C3%BCr_exzellente_Lehre,Lehre,Wissenschaftlicher Preis,Nein,15000,EUR,Einrichtungs- oder organisationsgebunden,Deutschland | Hessen | Frankfurt am Main,Nominierung eingeschränkt,2002,
O002014,Q136276754,Adalbert-Czerny-Preis,de,Adalbert Czerny Prize,ORAP,Adalbert-Czerny-Preis,Webseite,Deutsche Gesellschaft für Kinder- und Jugendmedizin,wissenschaftlicher Sektor,DE,https://www.dgkj.de/unsere-arbeit/wissenschaft/preise-der-dgkj-im-ueberblick/czerny-preis-satzung-und-preistraeger,Forschung,Wissenschaftlicher Preis,Nein,10000,EUR,DACH,Deutschland; Österreich; Schweiz,Eigenbewerbung,1963,
O002018,,Adolf Ernst Meyer-Preis,de,Adolf Ernst Meyer Prize,ORAP,Adolf Ernst Meyer-Preis,Webseite,Deutsches Kollegium für Psychosomatische Medizin,wissenschaftlicher Sektor,DE,https://www.dkpm.de/de/forschung/forschungspreise/adolf-ernst-meyer-preis.php,Forschung,Wissenschaftlicher Preis,Ja,1000,EUR,DACH,Deutschland; Österreich; Schweiz,Eigenbewerbung,,
O002019,,Adolf-Martens-Preis,de,Adolf Martens Prize,ORAP,Adolf-Martens-Preis,Webseite,Adolf-Martens-Fonds,wissenschaftlicher Sektor,DE,http://www.amf.bam.de/de/adolf_martens_preis/,Forschung,Wissenschaftlicher Preis,Ja,3000,EUR,DACH,Deutschland; Österreich; Schweiz,Eigenbewerbung und Nominierung,1992,
O002020,,ADUC-Preis,de,ADUC Prize,Webseite,ADUC-Preis,Webseite,Arbeitsgemeinschaft Deutscher Universitätsprofessoren und -professorinnen für Chemie,wissenschaftlicher Sektor,DE,https://www.gdch.de/netzwerk-strukturen/fachstrukturen/aduc/preise-ehrungen/aduc-preis.html,Forschung,Wissenschaftlicher Preis,Ja,4000,EUR,DACH,Deutschland,Eigenbewerbung und Nominierung,1998,
O002024,,AGNN-Preis für Notfallmedizin,de,AGNN Prize for Emergency Medicine,ORAP,AGNN-Preis für Notfallmedizin,Webseite,Arbeitsgemeinschaft in Norddeutschland tätiger Notärzte,Sonstige,DE,https://nostra.agnn.de/agnn-preis-fuer-notfallmedizin/,Forschung,Wissenschaftlicher Preis,Nein,500,EUR,DACH,Deutschland,Eigenbewerbung,2013,
O002025,,AIO-Wissenschaftspreis,de,AIO Science Prize,ORAP,AIO-Wissenschaftspreis,Webseite,Deutsche Krebsgesellschaft,wissenschaftlicher Sektor,DE,https://www.aio-portal.de/aio-wissenschaftspreis.html,Forschung,Wissenschaftlicher Preis,Nein,1000,EUR,DACH,Deutschland,Eigenbewerbung,2002,
O002028,Q2638465,Albert Maucher-Preis für Geowissenschaften,de,Albert Maucher Prize in Geoscience,Webseite,Albert Maucher-Preis für Geowissenschaften,Webseite,Deutsche Forschungsgemeinschaft,wissenschaftlicher Sektor,DE,https://www.dfg.de/de/gefoerderte-projekte/wissenschaftliche-preise/maucher-preis,Forschung,Wissenschaftlicher Preis,Ja,10000,EUR,DACH,Deutschland,Nominierung eingeschränkt,2001,2014
O002035,,Alfred Gerardi Gedächtnispreis,de,Alfred Gerardi Memorial Prize,ORAP,Alfred Gerardi Gedächtnispreis,Webseite,Deutscher Dialogmarketing Verband,Sonstige,DE,https://www.alfredgerardi-gedaechtnispreis.de/aggp-preis.html,Forschung,Wissenschaftlicher Preis,Ja,7500,EUR,DACH,Deutschland; Österreich; Schweiz,Eigenbewerbung,1985,
O002038,,Aloys-Fischer-Grundschulforschungspreis,de,Aloys Fischer Primary School Research Prize,ORAP,Aloys-Fischer-Grundschulforschungspreis,Webseite,Deutsche Gesellschaft für Erziehungswissenschaft,wissenschaftlicher Sektor,DE,https://www.dgfe.de/sektionen-kommissionen-ag/sektion-5-schulpaedagogik/kommission-grundschulforschung-und-paedagogik-der-primarstufe/aloys-fischer-grundschulforschungspreis,Forschung,Wissenschaftlicher Preis,Ja,Keine Angabe,Keine Angabe,DACH,Deutschland,Eigenbewerbung,2008,
O002039,,Alpenländerpreis,de,Alpine Countries Award,ORAP,Alpenländerpreis,Webseite,Deutsche Gesellschaft für Nuklearmedizin,wissenschaftlicher Sektor,DE,https://www.nuklearmedizin.de/de/leistungen/preistraeger,Forschung,Wissenschaftlicher Preis,Ja,Keine Angabe,Keine Angabe,DACH,Deutschland; Österreich; Schweiz,Keine Angabe,,
O002040,,Preis der Lehre,de,Teaching Award,Webseite,Preis der Lehre,Webseite,Münchner Volkswirte Alumni Club,Sonstige,DE,https://www.lmu.de/alumni-econ/de/auszeichnungen/preis-der-lehre/,Lehre,Wissenschaftlicher Preis,Nein,Keine Angabe,Keine Angabe,Einrichtungs- oder organisationsgebunden,Deutschland | Bayern | München,Nominierung eingeschränkt,1999,
O002053,,Annelie-Frohn-Preis,de,Annelie Frohn Prize,ORAP,Annelie-Frohn-Preis,Webseite,Deutsche Gesellschaft für Phoniatrie und Pädaudiologie,wissenschaftlicher Sektor,DE,https://dgpp.de/cms/pages/de/profibereich/auszeichnungen.php#3,Forschung,Wissenschaftlicher Preis,Nein,5000,EUR,DACH,Deutschland; Österreich,Keine Angabe,1994,2016
O002060,,Aortenpreis,de,Aortic Award,ORAP,Aortenpreis,Webseite,Deutsche Gesellschaft für Gefäßchirurgie und Gefäßmedizin,wissenschaftlicher Sektor,DE,https://www.gefaesschirurgie.de/wissenschaft-qualitaet/preise-und-stipendien/aortenpreis,Forschung,Wissenschaftlicher Preis,Nein,4000,EUR,Einrichtungs- oder organisationsgebunden,Deutschland,Eigenbewerbung,2009,
O002061,,APKO Preis,de,APKO Prize,ORAP,APKO Preis,Webseite,"Arbeitsgemeinschaft Plastische, rekonstruktive und ästhetische Kopf-Hals-Chirugie",Sonstige,DE,https://apko.hno.org/apko_preis.html,Forschung,Wissenschaftlicher Preis,Nein,500,EUR,Einrichtungs- oder organisationsgebunden,Deutschland,Eigenbewerbung,2006,
O002063,,Armin Schmitt Preis für biblische Textforschung,de,Armin Schmitt Prize for Biblical Textual Research,ORAP,Armin Schmitt Preis für biblische Textforschung,Webseite,Armin Schmitt Stiftung für biblische Textforschung,wissenschaftlicher Sektor,DE,http://www.arminschmittstiftung.de/ausschreibung,Forschung,Wissenschaftlicher Preis,Ja,5000,EUR,DACH,Deutschland; Österreich; Schweiz,Eigenbewerbung,2008,
O002069,,ATOS-MEDICAL-Preis für Rehabilitation in der Phoniatrie und Pädaudiologie,de,ATOS-MEDICAL Award for Rehabilitation in Phoniatrics and Pediatric Audiology,ORAP,ATOS-MEDICAL-Preis für Rehabilitation in der Phoniatrie und Pädaudiologie,Webseite,Deutsche Gesellschaft für Phoniatrie und Pädaudiologie,wissenschaftlicher Sektor,DE,https://dgpp.de/de/preise-und-auszeichnungen/atos-medical-preis-fuer-rehabilitation-in-der-phoniatrie-und-paedaudiologie/,Forschung,Wissenschaftlicher Preis,Ja,1000,EUR,DACH,Deutschland,Keine Angabe,2004,2013
O002092,Q760576,Augsburger Wissenschaftspreis für Interkulturelle Studien,de,Augsburg Science Prize for Intercultural Studies,ORAP,Augsburger Wissenschaftspreis für Interkulturelle Studien,Webseite,Universität Augsburg; Forum Interkulturelles Leben und Lernen; Friedensstadt Augsburg,wissenschaftlicher Sektor; Sonstige; öffentlicher Sektor,DE; DE; DE,https://www.uni-augsburg.de/de/ueber-uns/ehrungen/preise/augsburger-wisspreis-interkulturell/,Forschung,Wissenschaftlicher Preis,Ja,5000,EUR,DACH,Deutschland,Nominierung eingeschränkt,1997,
O002094,,August-Bier-Preis,de,August Bier Prize,ORAP,August-Bier-Preis,Webseite,Deutsche Gesellschaft für Anästhesiologie und Intensivmedizin,wissenschaftlicher Sektor,DE,https://www.dgai.de/wissenschaft-expertengruppen/preise/august-bier-preis.html,Forschung,Wissenschaftlicher Preis,Nein,2500,EUR,Einrichtungs- oder organisationsgebunden,Deutschland,Eigenbewerbung,1998,
O002099,,Barbara und Piergiuseppe Scardigli-Preis für die kleinen geisteswissenschaftlichen Fächer,de,Barbara and Piergiuseppe Scardigli Prize for the small humanities subjects,ORAP,Barbara und Piergiuseppe Scardigli-Preis für die kleinen geisteswissenschaftlichen Fächer,Webseite,Goethe-Universität Frankfurt am Main,wissenschaftlicher Sektor,DE,https://www.uni-frankfurt.de/88884674/Preise_der_Stiftungen_der_VFF,Forschung,Wissenschaftlicher Preis,Ja,3000,EUR,Einrichtungs- oder organisationsgebunden,Deutschland | Hessen | Frankfurt am Main,Keine Angabe,2005,
O002104,,Bayerischer Maximiliansorden für Wissenschaft und Kunst,de,Bavarian Maximilian Medal for Science and Art,ORAP,Bayerischer Maximiliansorden für Wissenschaft und Kunst,Webseite,Bayerische Staatsregierung,öffentlicher Sektor,DE,https://www.bayern.de/staatsregierung/orden-und-ehrenzeichen/,Forschung,Wissenschaftlicher Preis,Nein,Keine Angabe,Keine Angabe,DACH,Deutschland,Nominierung eingeschränkt,1980,
O002107,,Berliner Preis für Versicherungswissenschaft,de,Berlin Prize for Insurance Science,ORAP,Berliner Preis für Versicherungswissenschaft,Webseite,Verein zur Förderung der Versicherungswissenschaft in Berlin,wissenschaftlicher Sektor,DE,https://www.versicherungswissenschaft-berlin.de/foerderung/,Forschung,Wissenschaftlicher Preis,Ja,8000,EUR,DACH,Deutschland; Österreich; Schweiz,Nominierung eingeschränkt,1997,
O002110,,Bernhard Rensch-Preis,de,Bernhard Rensch Prize,Webseite,Bernhard Rensch-Preis,Webseite,Gesellschaft für Biologische Systematik,wissenschaftlicher Sektor,DE,https://www.gfbs-home.de/ueber-uns/auszeichnungen/vergabe-und-bewerbung,Forschung,Wissenschaftlicher Preis,Ja,1500,EUR,Keine Einschränkung,Keine Einschränkung,Eigenbewerbung,2004,
O002141,,Borchers-Plakette,de,Borchers Medallion,Webseite,Borchers-Plakette,Webseite,Rheinisch-Westfälische Technische Hochschule Aachen,wissenschaftlicher Sektor,DE,https://prorwth.de/de/projekte-und-aktivitaeten/auszeichnungen-und-ehrungen/,Forschung,Wissenschaftlicher Preis,Ja,Kein Preisgeld,Kein Preisgeld,Einrichtungs- oder organisationsgebunden,Deutschland | Nordrhein-Westfalen | Aachen,Nominierung Einrichtung / Gremium,1909,
O002145,Q278778,Buber-Rosenzweig-Medaille,de,Buber-Rosenzweig Medal,ORAP,Buber-Rosenzweig-Medaille,Webseite,Deutscher Koordinierungsrat der Gesellschaften für Christlich-Jüdische Zusammenarbeit,Stiftungen,DE,https://www.deutscher-koordinierungsrat.de/node/1039,Forschung,Wissenschaftlicher Preis,Nein,Kein Preisgeld,Kein Preisgeld,Keine Einschränkung,Keine Einschränkung,Nominierung Einrichtung / Gremium,1968,
O002156,,CDG Preis für Forschung und Innovation,de,CDG Prize for Research and Innovation,ORAP,CDG Preis für Forschung und Innovation,Webseite,Bundesvereinigung CDG-Syndrom,Stiftungen,DE,https://www.cdg.ac.at/cdg-preis,Forschung,Wissenschaftlicher Preis,Nein,40000,EUR,DACH,Österreich,Keine Angabe,2020,
O002161,,Christian-Lauritzen-Preis,de,Christian Lauritzen Prize,ORAP,Christian-Lauritzen-Preis,Webseite,Deutsche Menopause Gesellschaft,Sonstige,DE,https://www.menopause-gesellschaft.de/fur-arzte/christian-lauritzen-preis/,Forschung,Wissenschaftlicher Preis,Ja,5000,EUR,DACH,Deutschland; Österreich; Schweiz,Eigenbewerbung,2000,
O002182,,Dagmar-Eißner-Preis,de,Dagmar Eißner Prize,ORAP,Dagmar-Eißner-Preis,Webseite,Mittelrheinische Gesellschaft für Nuklearmedizin,wissenschaftlicher Sektor,DE,https://www.nuklearmedizin.de/leistungen/forschungspreise/f_preise_eissner.php?navId=60,Forschung,Wissenschaftlicher Preis,Nein,2500,EUR,DACH,Deutschland,Eigenbewerbung,1996,
O002192,,Deutscher Studienpreis für Archäologie,de,German Study Award for Archaeology,ORAP,Deutscher Studienpreis für Archäologie,Webseite,Deutsche Gesellschaft für Ur- und Frühgeschichte,wissenschaftlicher Sektor,DE,https://dguf.de/fachgesellschaft/deutscher-studienpreis-fuer-archaeologie,Forschung,Wissenschaftlicher Preis,Ja,Kein Preisgeld,Kein Preisgeld,DACH,Deutschland,Eigenbewerbung und Nominierung,2013,
O002196,,DGNR-Interventionspreis,de,DGNR Intervention Prize,ORAP,DGNR-Interventionspreis,Webseite,Deutsche Gesellschaft für Neuroradiologie,wissenschaftlicher Sektor,DE,https://www.dgnr.org/de-DE/61/dgnr-interventionspreis,Forschung,Wissenschaftlicher Preis,Nein,2500,EUR,Einrichtungs- oder organisationsgebunden,Deutschland,Eigenbewerbung,2013,
O002199,,Preis für Philosophie und Ethik in Psychiatrie und Psychotherapie,de,Prize for Philosophy and Ethics in Psychiatry and Psychotherapy,ORAP,Preis für Philosophie und Ethik in Psychiatrie und Psychotherapie,Webseite,"Deutsche Gesellschaft für Psychiatrie und Psychotherapie, Psychosomatik und Nervenheilkunde",wissenschaftlicher Sektor,DE,https://www.dgppn.de/preise/preis-fuer-philosophie-und-ethik-in-psychiatrie-und-psychotherapie.html,Forschung,Wissenschaftlicher Preis,Nein,6000,EUR,Keine Einschränkung,Keine Einschränkung,Eigenbewerbung,2005,
O002200,,Promotionspreis – Hans-Heimann-Preis,de,Doctoral Prize - Hans Heimann Prize,ORAP,Promotionspreis – Hans-Heimann-Preis,Webseite,"Deutsche Gesellschaft für Psychiatrie und Psychotherapie, Psychosomatik und Nervenheilkunde; Stiftung für Seelische Gesundheit",wissenschaftlicher Sektor; Stiftungen,DE; DE,https://www.dgppn.de/preise/promotionspreis-hans-heimann-preis.html,Forschung,Wissenschaftlicher Preis,Ja,6000,EUR,Keine Einschränkung,Keine Einschränkung,Eigenbewerbung,2009,
O002205,,Dieter-Klaus-Förderpreis,de,Dieter Klaus Award,ORAP,Dieter-Klaus-Förderpreis,Webseite,Deutsche Hypertonie Stiftung,Stiftungen,DE,https://www.hochdruckliga.de/pressemitteilung/wissenschaftspreise-der-deutschen-hochdruckliga-2022,Forschung,Wissenschaftlicher Preis,Ja,2500,EUR,International,Europa,Eigenbewerbung,1989,
O002214,,DVPW-Dissertationspreis,de,DVPW Dissertation Prize,ORAP,DVPW-Dissertationspreis,Webseite,Deutsche Vereinigung für Politikwissenschaft,wissenschaftlicher Sektor,DE,https://www.dvpw.de/wissenschaftspreise/dissertationspreis,Forschung,Wissenschaftlicher Preis,Ja,1000,EUR,Einrichtungs- oder organisationsgebunden,Deutschland,Eigenbewerbung und Nominierung,2003,
O002232,,DOSB-Wissenschaftspreis,de,DOSB Science Award,ORAP,DOSB-Wissenschaftspreis,Webseite,Deutscher Olympischer Sportbund,Sonstige,DE,https://www.dosb.de/ueber-uns/auszeichnungen,Forschung,Wissenschaftlicher Preis,Ja,12000,EUR,DACH,Deutschland,Eigenbewerbung,1953,
O002240,,Dr.-Heinz-Sebiger-Preis,de,Dr. Heinz Sebiger Prize,ORAP,Dr.-Heinz-Sebiger-Preis,Webseite,DATEV-Stiftung Zukunft,Stiftungen,DE,https://www.datev-stiftung.de/wie-wir-foerdern/dr-heinz-sebiger-preis/,Forschung,Wissenschaftlicher Preis,Ja,10000,EUR,International,Europa,Eigenbewerbung,2018,
O002241,Q29879893,Dr.-Herbert-Stolzenberg-Preis,de,Dr. Herbert Stolzenberg Prizes,Webseite,Dr.-Herbert-Stolzenberg-Preis,Webseite,Justus-Liebig-Universität Gießen,wissenschaftlicher Sektor,DE,https://www.uni-giessen.de/de/org/admin/stab/stf/dl/preise/dr-herbert-stolzenberg-pr,Forschung,Wissenschaftlicher Preis,Ja,3000,EUR,Einrichtungs- oder organisationsgebunden,Deutschland | Hessen | Giessen,Nominierung eingeschränkt,2001,
O002244,,Drei-Länder-Wundpreis,de,Three-country wound prize,ORAP,Drei-Länder-Wundpreis,Webseite,Fondation Urgo,Stiftungen,FR,https://www.urgo.de/gesundheitsexperten/3-laender-wundpreis/,Forschung,Wissenschaftlicher Preis,Nein,20000,EUR,DACH,Deutschland; Österreich; Schweiz,Eigenbewerbung,2010,
O002250,,Eberhard-Gerstel-Preis,de,Eberhard-Gerstel Award,Webseite,Eberhard-Gerstel-Preis,Webseite,Gesellschaft Deutscher Chemiker,wissenschaftlicher Sektor,DE,https://www.gdch.de/netzwerk-strukturen/fachstrukturen/analytische-chemie/arbeitskreise/ak-separation-science/eberhard-gerstel-preis.html,Forschung,Wissenschaftlicher Preis,Ja,2000,EUR,Keine Einschränkung,Keine Einschränkung,Eigenbewerbung und Nominierung,2010,
O002254,,Egon-Macher-Preis der ADF,de,Egon Macher Award of the ADF,Webseite,Egon-Macher-Preis der ADF,Webseite,Arbeitsgemeinschaft Dermatologische Forschung,wissenschaftlicher Sektor,DE,https://www.adf-online.de/s-preise/?stpsingle=egon-macher-preis-der-adf,Forschung,Wissenschaftlicher Preis,Ja,7500,EUR,Einrichtungs- oder organisationsgebunden,International,Eigenbewerbung,2003,
O002286,,Elisabeth-Gössmann-Preis,de,Elisabeth Goessmann Prize,ORAP,Elisabeth-Gössmann-Preis,Webseite,Universität Graz,wissenschaftlicher Sektor,AT,https://genderforschung-theologie.uni-graz.at/de/,Forschung,Wissenschaftlicher Preis,Nein,Keine Angabe,Keine Angabe,DACH,Österreich,Eigenbewerbung,2001,
O002287,,Elise Richter Preis,de,Elise Richter Prize,ORAP,Elise Richter Preis,Webseite,Deutscher Romanistikverband,wissenschaftlicher Sektor,DE,https://www.deutscher-romanistikverband.de/preise-und-foerderlinien/elise-richter-preis/,Forschung,Wissenschaftlicher Preis,Ja,Keine Angabe,Keine Angabe,Keine Einschränkung,Keine Einschränkung,Nominierung eingeschränkt,1999,
O002316,Q125147617,Ernst E. Boesch Preis,de,Ernst E. Boesch Prize,ORAP,Ernst E. Boesch Preis,Webseite,Gesellschaft für Kulturpsychologie,wissenschaftlicher Sektor,DE,http://kulturpsychologie.de/ernst-e-boesch-preis/,Forschung,Wissenschaftlicher Preis,Ja,3000,EUR,Keine Einschränkung,Keine Einschränkung,Nominierung eingeschränkt,2015,
O002318,,Ernst Otto Fischer-Lehrpreis,de,Ernst Otto Fischer Teaching Award,Webseite,Ernst Otto Fischer-Lehrpreis,Webseite,Technische Universität München,wissenschaftlicher Sektor,DE,https://www.tum.de/studium/lehre/chancen-fuer-die-lehre/lehrpreise/ernst-otto-fischer-lehrpreis,Lehre,Wissenschaftlicher Preis,Nein,Kein Preisgeld,Kein Preisgeld,Einrichtungs- oder organisationsgebunden,Deutschland | Bayern | München,Eigenbewerbung und Nominierung,2011,2021
O002320,,Ernst-Derra-Preis,de,Ernst Derra Prize,ORAP,Ernst-Derra-Preis,Webseite,"Deutsche Gesellschaft für Thorax-, Herz- und Gefäßchirurgie",wissenschaftlicher Sektor,DE,https://dgthg.de/ernst-derra-preis/,Forschung,Wissenschaftlicher Preis,Nein,7500,EUR,Einrichtungs- oder organisationsgebunden,International,Eigenbewerbung,2022,
O002321,Q1339919,Ernst-Hellmut-Vits-Preis,de,Ernst Hellmut Vits Prize,ORAP,Ernst-Hellmut-Vits-Preis,Webseite,Universitätsgesellschaft Münster,wissenschaftlicher Sektor,DE,https://www.uni-muenster.de/Foerderer/foerdern/vits-preis.html,Forschung,Wissenschaftlicher Preis,Nein,20000,EUR,DACH,Deutschland; Österreich; Schweiz,Nominierung Einrichtung / Gremium,1970,
O002322,,Ernst Rabel Preis,de,Ernst Rabel Prize,ORAP,Ernst Rabel Preis,Webseite,Gesellschaft für Rechtsvergleichung,wissenschaftlicher Sektor,DE,https://www.gfr.jura.uni-bayreuth.de/de/preise/,Forschung,Wissenschaftlicher Preis,Ja,2000,EUR,DACH,Deutschland,Eigenbewerbung und Nominierung,2013,
O002323,,Ernst-Reuter-Preis,de,Ernst Reuter Prize,ORAP,Ernst-Reuter-Preis,Webseite,"Ernst-Reuter-Gesellschaft der Freunde, Förderer und Ehemaligen der Freien Universität Berlin",Stiftungen,DE,https://www.fu-berlin.de/sites/erg/foerderaktivitaeten/ernst-reuter-preise/,Forschung,Wissenschaftlicher Preis,Ja,10000,EUR,Einrichtungs- oder organisationsgebunden,Deutschland | Berlin,Nominierung eingeschränkt,1985,
O002324,Q1521784,Ernst-von-Rebeur-Paschwitz-Medaille,de,Ernst von Rebeur Paschwitz Medal,ORAP,Ernst-von-Rebeur-Paschwitz-Medaille,Webseite,Deutsche Geophysikalische Gesellschaft,wissenschaftlicher Sektor,DE,https://dgg-online.de/ernst-von-rebeur-paschwitz/,Forschung,Wissenschaftlicher Preis,Nein,Keine Angabe,Keine Angabe,Keine Einschränkung,Keine Einschränkung,Eigenbewerbung,2004,
O002333,Q1372368,Eugen und Ilse Seibold-Preis,de,Eugen and Ilse Seibold-Prize,Webseite,Eugen und Ilse Seibold-Preis,Webseite,Deutsche Forschungsgemeinschaft,wissenschaftlicher Sektor,DE,https://www.dfg.de/de/gefoerderte-projekte/wissenschaftliche-preise/seibold-preis,Forschung,Wissenschaftlicher Preis,Nein,10000,EUR,International,Deutschland; Japan,Keine Angabe,1997,2020
O002345,,Evonik-Preis,de,Evonik Prize,ORAP,Evonik-Preis,Webseite,JungChemikerForum Münster,wissenschaftlicher Sektor,DE,https://jcf.io/muenster,Forschung,Wissenschaftlicher Preis,Ja,1500,EUR,Einrichtungs- oder organisationsgebunden,Deutschland | Nordrhein-Westfalen | Münster,Keine Angabe,,
O002346,,Ewald Wicke-Preis,de,Ewald Wicke Prize,Webseite,Ewald Wicke-Preis,Webseite,Deutsche Bunsen-Gesellschaft für physikalische Chemie; Ewald Wicke-Stiftung,wissenschaftlicher Sektor; Stiftungen,DE; DE,https://www.uni-muenster.de/Foerderer/werwirsind/stiftungen/wicke_stiftung.html,Forschung,Wissenschaftlicher Preis,Ja,Keine Angabe,Keine Angabe,DACH,Deutschland; Österreich; Schweiz,Nominierung offen,2013,
O002355,,Fachgruppenpreis Analytische Chemie,de,Division Award Prize for Analytical Chemistry,Webseite,Fachgruppenpreis Analytische Chemie,Webseite,Gesellschaft Deutscher Chemiker,wissenschaftlicher Sektor,DE,https://www.gdch.de/netzwerk-strukturen/fachstrukturen/analytische-chemie/preise-ehrungen/fachgruppenpreis.html,Forschung,Wissenschaftlicher Preis,Ja,2000,EUR,Keine Einschränkung,Keine Einschränkung,Nominierung eingeschränkt,2001,
O002367,,Felix Martin Oberländer-Preis,de,Felix Martin Oberlaender Prize,ORAP,Felix Martin Oberländer-Preis,Webseite,Deutsche Gesellschaft für Urologie,wissenschaftlicher Sektor,DE,https://www.urocolleg.de/felix-martin-oberlaender/,Forschung,Wissenschaftlicher Preis,Nein,5000,EUR,Einrichtungs- oder organisationsgebunden,International,Nominierung eingeschränkt,1997,
O002369,,Felix-Jerusalem-Preis,de,Felix Jerusalem Prize,ORAP,Felix-Jerusalem-Preis,Webseite,Deutsche Gesellschaft für Muskelkranke,Stiftungen,DE,https://www.dgm.org/forschung/forschungspreise,Forschung,Wissenschaftlicher Preis,Nein,7500,EUR,DACH,Deutschland; Österreich; Schweiz,Keine Angabe,2004,
O002370,,Eugenie-und-Felix-Wachsmann-Preis,de,Eugenie and Felix Wachsmann Prize,ORAP,Eugenie-und-Felix-Wachsmann-Preis,Webseite,Deutsche Röntgengesellschaft,wissenschaftlicher Sektor,DE,https://drg.de/die-drg/preise/eugenie-und-felix-wachsmann-preis/,Lehre,Wissenschaftlicher Preis,Nein,500,EUR,Einrichtungs- oder organisationsgebunden,Deutschland,Nominierung Einrichtung / Gremium,2001,
O002383,,Ferdinand Cohn-Medaille,de,Ferdinand Cohn Medal,ORAP,Ferdinand Cohn-Medaille,Webseite,Deutsche Gesellschaft für Hygiene und Mikrobiologie,wissenschaftlicher Sektor,DE,https://www.dghm.org/startseite/dghm-stiftung/voraussetzungen-und-ehemalige-preistraeger-innen/ferdinand-cohn-medaille/,Forschung,Wissenschaftlicher Preis,Nein,Keine Angabe,Keine Angabe,Keine Einschränkung,Keine Einschränkung,Nominierung eingeschränkt,1985,
O002385,,Ferdinand-von-Lindemann-Preis,de,Ferdinand-von-Lindemann Prizes,Webseite,Ferdinand-von-Lindemann-Preis,Webseite,Albert-Ludwigs-Universität Freiburg,wissenschaftlicher Sektor,DE,https://www.math.uni-freiburg.de/auszeichnungen/ferdinand-von-lindemann.html?l=de,Forschung,Wissenschaftlicher Preis,Ja,Keine Angabe,Keine Angabe,Einrichtungs- oder organisationsgebunden,Deutschland | Baden-Württemberg | Freiburg,Nominierung eingeschränkt,1989,
O002388,,Fleur Hiege-Gedächtnispreis,de,Fleur Hiege Memorial Prize,ORAP,Fleur Hiege-Gedächtnispreis,Webseite,Hiege-Stiftung,Stiftungen,DE,https://hautkrebsstiftung.de/gedaechtnispreis/,Forschung,Wissenschaftlicher Preis,Ja,10000,EUR,DACH,Deutschland,Eigenbewerbung,2007,
O002391,,Förderpreis der IAKH,de,IAKH sponsorship award,ORAP,Förderpreis der IAKH,Webseite,Interdisziplinäre Arbeitsgemeinschaft für klinische Hämotherapie,wissenschaftlicher Sektor,DE,https://www.iakh.de/foerderpreis-funding-iakh.html,Forschung,Wissenschaftliche Auszeichnung,Nein,3000,EUR,Einrichtungs- oder organisationsgebunden,Deutschland,Eigenbewerbung,2016,
O002397,,Förderpreis der Fachgruppe Stochastik,de,Sponsorship award of the stochastics group,ORAP,Förderpreis der Fachgruppe Stochastik,Webseite,Deutsche Mathematiker-Vereinigung,wissenschaftlicher Sektor,DE,http://www.fg-stochastik.de/foerderpreis-der-fachgruppe.html,Forschung,Wissenschaftlicher Preis,Ja,Keine Angabe,Keine Angabe,DACH,Deutschland,Eigenbewerbung und Nominierung,1996,
O002400,,Förderpreis der Hans und Gertie Fischer-Stiftung,de,Sponsorship award from the Hans and Gertie Fischer Foundation,ORAP,Förderpreis der Hans und Gertie Fischer-Stiftung,Webseite,Hans und Gertie Fischer-Stiftung,Stiftungen,DE,https://www.hgf-stiftung.de/f%C3%B6rderpreis,Forschung,Wissenschaftlicher Preis,Nein,10000,EUR,DACH,Deutschland | Nordrhein-Westfalen,Eigenbewerbung,,
O002403,,Förderpreis der Nürnberger Steuergespräche,de,Sponsorship award of the Nuremberg Tax Talks,ORAP,Förderpreis der Nürnberger Steuergespräche,Webseite,Nürnberger Steuergespräche e.V.,wirtschaftlicher Sektor,DE,https://nuernberger-steuergespraeche.de/foerderpreis-der-nuernberger-steuergespraeche-e-v/,Forschung,Wissenschaftlicher Preis,Ja,1500,EUR,DACH,Deutschland,Nominierung eingeschränkt,2000,
O002409,,Förderpreis Geriatrische Onkologie,de,Geriatric Oncology Award,ORAP,Förderpreis Geriatrische Onkologie,Webseite,Arbeitsgruppe Geriatrische Onkologie der Deutschen Gesellschaft für Geriatrie,wissenschaftlicher Sektor,DE,https://www.dggeriatrie.de/ueber-uns/arbeitsgruppen/145-interdisziplinaere-arbeitsgruppe-geriatrische-onkologie,Forschung,Wissenschaftlicher Preis,Ja,10000,EUR,Keine Einschränkung,Keine Einschränkung,Eigenbewerbung,2007,2019
O002415,,Forschungspreis der Fürst Donnersmarck-Stiftung,de,Research Prize of the Fuerst Donnersmarck Foundation,Webseite,Forschungspreis der Fürst Donnersmarck-Stiftung,Webseite,Fürst Donnersmarck-Stiftung,Stiftungen,DE,https://www.fdst.de/forschungspreis/,Forschung,Wissenschaftlicher Preis,Nein,30000,EUR,Keine Einschränkung,Keine Einschränkung,Eigenbewerbung,2006,
O002431,,Friedrich-August-von-Hayek-Preis,de,Friedrich August von Hayek Prize,ORAP,Friedrich-August-von-Hayek-Preis,Webseite,Albert-Ludwigs-Universität Freiburg,wissenschaftlicher Sektor,DE,https://uni-freiburg.de/universitaet/herausragende-leistungen/freiburger-foerderpreise-fuer-wissenschaftlerinnen-in-fruehen-karrierephasen/wirtschafts-und-verhaltenswissenschaftliche-fakultaet/#Friedrich-August-von-Hayek-Preis,Forschung,Wissenschaftlicher Preis,Ja,2000,EUR,Einrichtungs- oder organisationsgebunden,Deutschland | Baden-Württemberg | Freiburg,Nominierung eingeschränkt,1999,
O002434,,Friedrich-Meinecke-Preis,de,Friedrich Meinecke Prize,ORAP,Friedrich-Meinecke-Preis,Webseite,Freie Universität Berlin,wissenschaftlicher Sektor,DE,https://www.fu-berlin.de/presse/informationen/fup/2001/fup_01_139/,Forschung,Wissenschaftlicher Preis,Ja,Keine Angabe,Keine Angabe,Einrichtungs- oder organisationsgebunden,Deutschland | Berlin,Nominierung eingeschränkt,2001,
O002436,,Friedrich-Wilhelm-Preis,de,Friedrich Wilhelm Prize,Webseite,Friedrich-Wilhelm-Preis,Webseite,Friedrich-Wilhelm-Stiftung,Stiftungen,DE,https://www.rwth-aachen.de/cms/root/die-rwth/rwth-events/wuerdigung-unserer-absolvierenden-und-un/~bejcnm/friedrich-wilhelm-preis/,Forschung,Wissenschaftlicher Preis,Ja,2000,EUR,Einrichtungs- oder organisationsgebunden,Deutschland | Nordrhein-Westfalen | Aachen,Nominierung Einrichtung / Gremium,1986,
O002439,,G.K. Steigleder-Preis,de,G.K. Steigleder Prize,ORAP,G.K. Steigleder-Preis,Webseite,Arbeitsgemeinschaft Dermatologische Histologie; Deutsche Dermatologische Gesellschaft,wissenschaftlicher Sektor; wissenschaftlicher Sektor,DE; DE,https://adh-online.de/steigleder-preistraeger.php,Forschung,Wissenschaftlicher Preis,Nein,1000,EUR,Einrichtungs- oder organisationsgebunden,Deutschland,Nominierung offen,2015,
O002441,,Gallitzin Preis,de,Gallitzin Prize,ORAP,Gallitzin Preis,Webseite,Amalie-von-Gallitzin-Stiftung,wissenschaftlicher Sektor,DE,https://www.gallitzin-stiftung.de/,Forschung,Wissenschaftlicher Preis,Nein,4000,EUR,DACH,Deutschland | Nordrhein-Westfalen | Westfalen,Eigenbewerbung,1991,
O002449,,New Methods,en,New Methods,Webseite,Neue Methoden,ORAP,Deutsche Gesellschaft für Nuklearmedizin,wissenschaftlicher Sektor,DE,https://www.nuklearmedizin.de/leistungen/forschungspreise/f_preise_hevesy.php?navId=60,Forschung,Wissenschaftlicher Preis,Nein,3000,EUR,DACH,Deutschland,Eigenbewerbung,2003,
O002452,,Geschichtspreis der Museumsgesellschaft Ulm,de,History Award of the Museum Community of Ulm,Webseite,Geschichtspreis der Museumsgesellschaft Ulm,Webseite,Museumsgesellschaft Ulm,Sonstige,DE,https://cris.uni-muenster.de/portal/prize/9167639,Forschung,Wissenschaftlicher Preis,Ja,5000,EUR,DACH,Deutschland,Eigenbewerbung,2010,
O002453,,Geschichtspreis des Mindener Geschichtsvereins,de,History prize of the Minden History Society,ORAP,Geschichtspreis des Mindener Geschichtsvereins,Webseite,Mindener Geschichtsverein - Historischer Verein für den Kreis Minden-Lübbecke,Sonstige,DE,https://www.mindener-geschichtsverein.de/aktuelles/geschichtspreis/,Forschung,Wissenschaftlicher Preis,Nein,2500,EUR,DACH,Deutschland,Eigenbewerbung,1999,
O002457,,gif Immobilien-Forschungspreis,de,gif Real Estate Research Prize,ORAP,gif Immobilien-Forschungspreis,Webseite,Gesellschaft für Immobilienwirtschaftliche Forschung,Sonstige,DE,https://gif-ev.com/immobilien-forschungspreis/,Forschung,Wissenschaftlicher Preis,Ja,12500,EUR,DACH,Deutschland,Eigenbewerbung,1995,
O002491,,Hamburger Lehrpreis,de,Hamburg Teaching Prize,Webseite,Hamburger Lehrpreis,Webseite,"Behörde für Wissenschaft, Forschung, Gleichstellung und Bezirke",öffentlicher Sektor,DE,https://www.uni-hamburg.de/campuscenter/lehrpreis.html,Lehre,Wissenschaftlicher Preis,Nein,Keine Angabe,Keine Angabe,DACH,Deutschland | Hamburg,Nominierung eingeschränkt,2009,
O002493,Q63052457,Hanns-Lilje-Preis,de,Hanns Lilje Prize,ORAP,Hanns-Lilje-Preis,Webseite,Niedersächsische Akademie der Wissenschaften zu Göttingen,wissenschaftlicher Sektor,DE,https://adw-goe.de/preise/kategorien/hanns-lilje-preis/,Forschung,Wissenschaftlicher Preis,Ja,Keine Angabe,Keine Angabe,DACH,Deutschland; Österreich; Schweiz,Eigenbewerbung,1988,
O002494,,Hanns-Lilje-Stiftungspreis Freiheit und Verantwortung,de,Hanns Lilje Foundation Prize Freedom and Responsibility,ORAP,Hanns-Lilje-Stiftungspreis Freiheit und Verantwortung,Webseite,Hanns-Lilje-Stiftung,Stiftungen,DE,https://www.hanns-lilje-stiftung.de/projekte/hl_stiftungspreis/stiftungspreis2025,Forschung,Wissenschaftlicher Preis,Nein,20000,EUR,DACH,Deutschland,Eigenbewerbung,2010,
O002495,Q1428551,Hans-Cloos-Preis,de,Hans Cloos Prize,ORAP,Hans-Cloos-Preis,Webseite,Deutsche Geologische Gesellschaft – Geologische Vereinigung,wissenschaftlicher Sektor,DE,https://www.dggv.de/ueber-uns/ehrungen-und-preise/,Forschung,Wissenschaftlicher Preis,Ja,Keine Angabe,Keine Angabe,DACH,Deutschland,Nominierung offen,2000,
O002496,,Hans-Creutzig-Preis,de,Hans Creutzig Prize,ORAP,Hans-Creutzig-Preis,Webseite,Rheinisch-Westfälische Gesellschaft für Nuklearmedizin,wissenschaftlicher Sektor,DE,https://www.rwgn.de/hans-creutzig-preis/ausschreibung-hans-creutzig-preis-2025.html,Forschung,Wissenschaftlicher Preis,Ja,2500,EUR,DACH,Deutschland,Eigenbewerbung,,
O002499,,Hans-Liniger-Preis,de,Hans Liniger Prize,ORAP,Hans-Liniger-Preis,Webseite,Deutsche Gesellschaft für Unfallchirurgie,wissenschaftlicher Sektor,DE,https://dgou.de/preise-stipendien/preise/grundlagenforschung/hans-liniger-preis,Forschung,Wissenschaftlicher Preis,Ja,10000,EUR,Keine Angabe,Keine Angabe,Eigenbewerbung,1956,
O002500,Q17353643,Hans-Löhrl-Preis,de,Hans Loehrl Prize,ORAP,Hans-Löhrl-Preis,Webseite,Deutsche Ornithologen-Gesellschaft,wissenschaftlicher Sektor,DE,https://www.do-g.de/foerdern/preise-und-auszeichnungen/hans-loehrl-preis,Forschung,Wissenschaftlicher Preis,Nein,3500,EUR,Keine Einschränkung,Keine Einschränkung,Nominierung eingeschränkt,2007,
O002502,,Harry-Westermann-Preis,de,Harry Westermann Prize,ORAP,Harry-Westermann-Preis,Webseite,Universitätsgesellschaft Münster,wissenschaftlicher Sektor,DE,https://www.uni-muenster.de/Foerderer/werwirsind/stiftungen/westermann_preis.html,Forschung,Wissenschaftlicher Preis,Ja,Keine Angabe,Keine Angabe,Einrichtungs- oder organisationsgebunden,Deutschland | Nordrhein-Westfalen | Münster,Nominierung eingeschränkt,1990,
O002503,Q26882935,Hauptpreis der Deutschen Gesellschaft für Hygiene und Mikrobiologie,de,Main prize of the German Society for Hygiene and Microbiology,ORAP,Hauptpreis der Deutschen Gesellschaft für Hygiene und Mikrobiologie,Webseite,Stiftung der Deutschen Gesellschaft für Hygiene und Mikrobiologie,wissenschaftlicher Sektor,DE,https://www.dghm.org/aktivitaeten/preise-ehrungen/,Forschung,Wissenschaftlicher Preis,Nein,Keine Angabe,Keine Angabe,DACH,Deutschland,Eigenbewerbung und Nominierung,1980,
O002505,,Heigl-Preis,de,Heigl Award,Webseite,Heigl-Preis,Webseite,Gesellschaft von Freunden und Förderern der Heinrich-Heine-Universität Düsseldorf,wissenschaftlicher Sektor,DE,https://www.unifreunde-duesseldorf.de/de/wettbewerbe/heigl-preis,Forschung,Wissenschaftlicher Preis,Nein,10000,EUR,Keine Einschränkung,Keine Einschränkung,Eigenbewerbung und Nominierung,2004,
O002506,,Heinrich-Büssing-Preis,de,Heinrich Buessing Prize,ORAP,Heinrich-Büssing-Preis,Webseite,Stiftung zur Förderung der Wissenschaften an der Carolo-Wilhelmina,wissenschaftlicher Sektor,DE,https://www.braunschweigischer-hochschulbund.de/foerderungen-4/heinrich-buessing-preis/ziel-und-antragstellung/,Forschung,Wissenschaftlicher Preis,Ja,10000,EUR,Einrichtungs- oder organisationsgebunden,Deutschland | Niedersachsen | Braunschweig,Nominierung Einrichtung / Gremium,1997,
O002510,,Heinrich-Dräger-Preis,de,Heinrich Draeger Prize,ORAP,Heinrich-Dräger-Preis,Webseite,Deutsche Gesellschaft für Anästhesiologie und Intensivmedizin,wissenschaftlicher Sektor,DE,https://www.dgai.de/wissenschaft-expertengruppen/preise/heinrich-draeger-preis.html,Forschung,Wissenschaftlicher Preis,Nein,2500,EUR,Einrichtungs- oder organisationsgebunden,Deutschland,Eigenbewerbung,2005,
O002516,,Helmut-Kollhosser-Preis,de,Helmut Kollhosser Prize,ORAP,Helmut-Kollhosser-Preis,Webseite,Universität Münster,wissenschaftlicher Sektor,DE,https://www.jura.uni-muenster.de/de/fakultaet/fakultaetsnahe-einrichtungen/forschungsstelle-fuer-versicherungswesen/forschung/helmut-kollhosser-preis/,Forschung,Wissenschaftlicher Preis,Ja,2500,EUR,DACH,Deutschland; Österreich; Schweiz,Nominierung eingeschränkt,2007,
O002521,,Hermann-Abert-Preis,de,Hermann Abert Prize,ORAP,Hermann-Abert-Preis,Webseite,Gesellschaft für Musikforschung,wissenschaftlicher Sektor,DE,https://www.musikforschung.de/hermann-abert-preis/,Forschung,Wissenschaftlicher Preis,Ja,2500,EUR,DACH,Deutschland; Österreich; Schweiz,Nominierung eingeschränkt,1993,
O002523,,Hermann-Seippel-Preis – Deutscher Forschungspreis für Kinderheilkunde,de,Hermann Seippel Prize - German Research Prize for Pediatrics,ORAP,Hermann-Seippel-Preis – Deutscher Forschungspreis für Kinderheilkunde,Webseite,Stiftung Universitätsmedizin Essen,wissenschaftlicher Sektor,DE,https://www.universitaetsmedizin.de/preisauszeichnungen/kinderheilkunde/,Forschung,Wissenschaftliche Auszeichnung,Nein,200000,EUR,Einrichtungs- oder organisationsgebunden,Deutschland | Nordrhein-Westfalen | Essen,Eigenbewerbung,2016,
O002527,,Hilde-Ulrichs-Stiftungspreis,de,Hilde Ulrichs Foundation Prize,ORAP,Hilde-Ulrichs-Stiftungspreis,Webseite,Hilde-Ulrichs-Stiftung für Parkinsonforschung,wissenschaftlicher Sektor,DE,https://www.aktive-parkinsonstiftung.de/foerdern/hilde-ulrichs-stiftungspreis/,Forschung,Wissenschaftlicher Preis,Nein,10000,EUR,DACH,Deutschland,Keine Angabe,1998,
O002529,,Hintermann & Weber – Forschungspreis für Natur- und Landschaftsschutz,de,Hintermann and Weber Research Prize for nature and landscape protection,ORAP,Hintermann & Weber – Forschungspreis für Natur- und Landschaftsschutz,Webseite,Hintermann & Weber AG,wirtschaftlicher Sektor,CH,https://hintermannweber.ch/forschungspreis,Forschung,Wissenschaftlicher Preis,Ja,5000,CHF,DACH,Deutschland; Schweiz,Eigenbewerbung und Nominierung,2003,
O002538,,Horst-Sendler-Preis des Bundesverwaltungsgerichts,de,Horst Sendler Prize of the Federal Administrative Court,ORAP,Horst-Sendler-Preis des Bundesverwaltungsgerichts,Webseite,Bundesverwaltungsgericht,öffentlicher Sektor,DE,https://www.bverwg.de/das-gericht/projekte/horst-sendler-preis,Forschung,Wissenschaftlicher Preis,Ja,Keine Angabe,Keine Angabe,DACH,Deutschland,Eigenbewerbung,2021,
O002539,,Hugo-Schottmüller Preis,de,Hugo Schottmueller Prize,ORAP,Hugo-Schottmüller Preis,Webseite,Deutsche Sepsis-Gesellschaft,wissenschaftlicher Sektor,DE,https://www.sepsis-gesellschaft.de/hugo-schottmueller-preis/,Forschung,Wissenschaftlicher Preis,Nein,3000,EUR,DACH,Deutschland; Österreich; Schweiz,Eigenbewerbung,2002,
O002547,Q15819900,Ignaz-Theodor-Liborius-Meyer-Preis,de,Ignaz Theodor Liborius Meyer Prize,ORAP,Ignaz-Theodor-Liborius-Meyer-Preis,Webseite,Verein für Geschichte und Altertumskunde Westfalens,wissenschaftlicher Sektor,DE,https://altertumsverein-paderborn.de/meyer-preis/,Forschung,Wissenschaftlicher Preis,Ja,2500,EUR,DACH,Deutschland,Eigenbewerbung und Nominierung,1991,
O002549,,Ilse-Lichtenstein-Rother-Preis,de,Ilse Lichtenstein-Rother Prize,ORAP,Ilse-Lichtenstein-Rother-Preis,Webseite,Gesellschaft für Didaktik des Sachunterrichts,wissenschaftlicher Sektor,DE,https://gdsu.de/auszeichnungen,Forschung,Wissenschaftlicher Preis,Ja,1000,EUR,DACH,Deutschland; Österreich; Schweiz,Eigenbewerbung,,
O002555,,Innovationspreis,de,Innovation Award,ORAP,Innovationspreis,Webseite,Berufsverband Deutscher Markt- und Sozialforscher,Sonstige,DE,https://www.bvm.org/unser-beruf/preis-der-deutschen-marktforschung/innovationspreis/,Forschung,Wissenschaftlicher Preis,Nein,Keine Angabe,Keine Angabe,DACH,Deutschland,Eigenbewerbung und Nominierung,2005,
O002556,,Innovationspreis Medizinisch/Pharmazeutischer Chemie,de,Medicinal/Pharmaceutical Chemistry Innovation Award,Webseite,Innovationspreis Medizinisch/Pharmazeutischer Chemie,Webseite,Gesellschaft Deutscher Chemiker,wissenschaftlicher Sektor,DE,https://www.gdch.de/netzwerk-strukturen/fachstrukturen/medizinische-chemie/preise-ehrungen/innovationspreis.html,Forschung,Wissenschaftlicher Preis,Ja,5000,EUR,Keine Einschränkung,Keine Einschränkung,Eigenbewerbung und Nominierung,1998,
O002563,,Ismar Boas-Preis,de,Ismar Boas Prize,ORAP,Ismar Boas-Preis,Webseite,"Deutsche Gesellschaft für Gastroenterologie, Verdauungs- und Stoffwechselkrankheiten",wissenschaftlicher Sektor,DE,https://www.dgvs.de/award/ismar-boas-preis/,Forschung,Wissenschaftlicher Preis,Ja,5000,EUR,Keine Einschränkung,Keine Einschränkung,Eigenbewerbung,1977,
O002580,,Johannes Wenner Preis,de,Johannes Wenner Prize,ORAP,Johannes Wenner Preis,Webseite,Deutsche Lungenstiftung; Gesellschaft für Pädiatrische Pneumologie,Stiftungen; wissenschaftlicher Sektor,DE; DE,https://www.paediatrische-pneumologie.eu/uber-uns/preise/ausschreibungen/,Forschung,Wissenschaftliche Auszeichnung,Nein,15000,EUR,Einrichtungs- oder organisationsgebunden,Deutschland; Österreich; Schweiz,Eigenbewerbung,2012,
O002598,Q29841295,Karl Heinz Beckurts-Preis,de,Karl Heinz Beckurts Prize,ORAP,Karl Heinz Beckurts-Preis,Webseite,Karl Heinz Beckurts-Stiftung,Stiftungen,DE,https://www.beckurts-stiftung.de/karl-heinz-beckurts-preis/,Transfer,Wissenschaftlicher Preis,Nein,30000,EUR,DACH,Deutschland,Nominierung Einrichtung / Gremium,1989,
O002602,Q16216279,Karl-Heinrich-Heitfeld-Preis,de,Karl Heinrich Heitfeld Prize,ORAP,Karl-Heinrich-Heitfeld-Preis,Webseite,GeoUnion Alfred-Wegener-Stiftung,wissenschaftlicher Sektor,DE,http://www.geo-union.de/preisverleihungen/karl-heinrich-heitfeld-preis.html,Forschung,Wissenschaftliche Auszeichnung,Nein,10000,EUR,DACH,Deutschland,Nominierung offen,1995,
O002603,,Karl-Oberdisse-Preis,de,Karl Oberdisse Prize,ORAP,Karl-Oberdisse-Preis,Webseite,Nordrhein-Westfälische Gesellschaft für Endokrinologie und Diabetologie,wissenschaftlicher Sektor,DE,http://www.endodiab-nrw.de/Oberdisse-Preis/,Forschung,Wissenschaftlicher Preis,Nein,2500,EUR,DACH,Deutschland | Nordrhein-Westfalen,Eigenbewerbung und Nominierung,1997,
O002604,,Karl-Storz-Preis für Lehre in der Phoniatrie und Pädaudiologie,de,Karl Storz Prize for teaching in phoniatrics and pedaudiology,ORAP,Karl-Storz-Preis für Lehre in der Phoniatrie und Pädaudiologie,Webseite,Deutsche Gesellschaft für Phoniatrie und Pädaudiologie,wissenschaftlicher Sektor,DE,https://dgpp.de/de/preise-und-auszeichnungen/karl-storz-preis-fuer-lehre-in-der-phoniatrie-und-paedaudiologie/,Lehre,Wissenschaftlicher Preis,Nein,250,EUR,DACH,Deutschland,Eigenbewerbung und Nominierung,2003,
O002605,,Karl-Thomas-Preis,de,Karl Thomas Prize,ORAP,Karl-Thomas-Preis,Webseite,Deutsche Gesellschaft für Anästhesiologie und Intensivmedizin,wissenschaftlicher Sektor,DE,https://www.dgai.de/wissenschaft-expertengruppen/preise/karl-thomas-preis.html,Forschung,Wissenschaftlicher Preis,Nein,2500,EUR,Einrichtungs- oder organisationsgebunden,Deutschland,Eigenbewerbung,1971,
O002609,,Kind-Philipp-Preis für pädiatrisch-onkologische Forschung,de,Kind-Philipp Prize for pediatric oncology research,ORAP,Kind-Philipp-Preis für pädiatrisch-onkologische Forschung,Webseite,Kind-Philipp-Stiftung für pädiatrisch-onkologische Forschung,wissenschaftlicher Sektor,DE,https://www.gpoh.de/kinderkrebsinfo/content/news/wissenschaftspreise/kind_philipp_preis/index_ger.html,Forschung,Wissenschaftlicher Preis,Nein,10000,EUR,DACH,Deutschland; Österreich; Schweiz,Eigenbewerbung,1972,
O002610,,Promotionspreis der KIND Hörstiftung,de,Dissertation Award of the KIND Hearing Foundation,ORAP,Promotionspreis der KIND Hörstiftung,Webseite,Deutsche Gesellschaft für Phoniatrie und Pädaudiologie,wissenschaftlicher Sektor,DE,https://dgpp.de/de/preise-und-auszeichnungen/promotionspreis-der-kind-hoerstiftung/,Forschung,Wissenschaftlicher Preis,Ja,1500,EUR,DACH,Deutschland,Eigenbewerbung und Nominierung,2002,
O002612,,Klaus von Bismarck-Preis,de,Klaus von Bismarck Prize,ORAP,Klaus von Bismarck-Preis,Webseite,Stiftung Sozialer Protestantismus,Stiftungen,DE,http://www.stiftung-sozialer-protestantismus.de/stiftungspreis,Forschung,Wissenschaftlicher Preis,Nein,5000,EUR,DACH,Deutschland,Keine Angabe,1991,
O002613,,Klinisch-Wissenschaftlicher Forschungspreis,de,Clinical-Scientific Research Award,ORAP,Klinisch-Wissenschaftlicher Forschungspreis,Webseite,Deutsche Gesellschaft für Anästhesiologie und Intensivmedizin,wissenschaftlicher Sektor,DE,https://www.dgai.de/wissenschaft-expertengruppen/preise/ehemalige-preise/klinisch-wissenschaftlicher-forschungspreis.html,Forschung,Wissenschaftlicher Preis,Nein,20000,EUR,DACH,Deutschland,Keine Angabe,2007,2012
O002615,Q55788426,Konrad-Händel-Stiftungspreis für Rechtsmedizin,de,Konrad Haendel Foundation Prize for Forensic Medicine,ORAP,Konrad-Händel-Stiftungspreis für Rechtsmedizin,Webseite,Deutsche Gesellschaft für Rechtsmedizin,wissenschaftlicher Sektor,DE,https://www.dgrm.de/die-dgrm/ehrungen,Forschung,Wissenschaftlicher Preis,Nein,Keine Angabe,Keine Angabe,DACH,Deutschland; Österreich; Schweiz,Nominierung eingeschränkt,1997,
O002627,,IDEAward,en,IDEAward,Webseite,Lehrpreis IDEAward,Webseite,Technische Universität Dortmund,wissenschaftlicher Sektor,DE,https://doprofil.tu-dortmund.de/projekt/lehrpreis/,Lehre,Wissenschaftlicher Preis,Nein,500,EUR,Einrichtungs- oder organisationsgebunden,Deutschland | Nordrhein-Westfalen | Dortmund,Eigenbewerbung und Nominierung,2017,
O002651,,Marie-Elisabeth-Lüders-Wissenschaftspreis,de,Marie-Elisabeth Lueders Science Prize,ORAP,Marie-Elisabeth-Lüders-Wissenschaftspreis,Webseite,Deutscher Juristinnenbund,Sonstige,DE,https://www.djb.de/marie-elisabeth-lueders-preis,Forschung,Wissenschaftlicher Preis,Ja,3000,EUR,DACH,Deutschland,Eigenbewerbung,2009,
O002652,,Gender-Forschungspreis,de,Gender Research Prize,ORAP,Gender-Forschungspreis,Webseite,Freie Universität Berlin,wissenschaftlicher Sektor,DE,https://www.ewi-psy.fu-berlin.de/verwaltung-service/frauenbeauftragte/Gender-Forschungspreis/,Forschung,Wissenschaftlicher Preis,Ja,Keine Angabe,Keine Angabe,Einrichtungs- oder organisationsgebunden,Deutschland | Berlin,Eigenbewerbung,2013,
O002657,,Martin-Luther-Preis,de,Martin Luther Prize,ORAP,Martin-Luther-Preis,Webseite,Luther-Gesellschaft,Stiftungen,DE,https://www.luther-gesellschaft.de/martin-luther-preis.html,Forschung,Wissenschaftlicher Preis,Ja,5000,EUR,DACH,Deutschland,Eigenbewerbung,1995,
O002665,,Maximilian Nitze-Preis,de,Maximilian Nitze Prize,ORAP,Maximilian Nitze-Preis,Webseite,Deutsche Gesellschaft für Urologie,wissenschaftlicher Sektor,DE,https://www.urologenportal.de/fachbesucher/urologische-kongresse/74-dgu-kongress/preise-und-ehrungen/ausschreibungen-2022/maximilian-nitze-preis.html,Forschung,Wissenschaftlicher Preis,Nein,5000,EUR,Keine Einschränkung,Keine Einschränkung,Eigenbewerbung,1953,
O002666,Q1912039,Max-Planck-Forschungspreis,de,Max Planck Research Award,Webseite,Max-Planck-Forschungspreis,Webseite,Alexander von Humboldt-Stiftung,wissenschaftlicher Sektor,DE,https://www.mpg.de/preise/max-planck-forschungspreis,Forschung,Wissenschaftlicher Preis,Nein,750000,EUR,Keine Einschränkung,Keine Einschränkung,Nominierung Einrichtung / Gremium,2004,2016
O002675,Q1253990,Meyer-Struckmann-Wissenschaftspreis,de,Meyer-Struckmann Science Prize,ORAP,Meyer-Struckmann-Wissenschaftspreis,Webseite,Brandenburgische Technische Universität; Meyer-Struckmann-Stiftung,wissenschaftlicher Sektor; Stiftungen,DE; DE,http://www.stifterservice.de/meyer-struckmann/wissenschaftspreis/cottbus/,Forschung,Wissenschaftlicher Preis,Ja,15000,EUR,DACH,Deutschland,Eigenbewerbung,1998,2012
O002692,,Multiple-Sklerose-Preis der Eva-und-Helmer-Lehmann-Stiftung,de,Multiple Sclerosis Prize of the Eva and Helmer Lehmann Foundation,ORAP,Multiple-Sklerose-Preis der Eva-und-Helmer-Lehmann-Stiftung,Webseite,Deutsche Gesellschaft für Neurologie; Kompetenznetz Multiple Sklerose,wissenschaftlicher Sektor; wissenschaftlicher Sektor,DE; DE,https://dgn.org/uber-uns/preise-ehrungen,Forschung,Wissenschaftlicher Preis,Ja,5000,EUR,DACH,Deutschland,Eigenbewerbung,2012,
O002702,,Nachwuchspreis der DGGN,de,DGGN Young Scientist Award,Webseite,Nachwuchspreis der DGGN,Webseite,Deutsche Gesellschaft für Geschichte der Nervenheilkunde,wissenschaftlicher Sektor,DE,https://www.dggn.de/nachwuchspreis/,Forschung,Wissenschaftlicher Preis,Ja,500,EUR,DACH,Deutschland; Österreich; Schweiz,Eigenbewerbung,2015,
O002705,,Nachwuchspreis,de,Young Talent Award,ORAP,Nachwuchspreis,Webseite,Georg-Agricola-Gesellschaft für Technikgeschichte und Industriekultur,wissenschaftlicher Sektor,DE,https://www.georg-agricola-gesellschaft.de/nachwuchsfoerderpreis.html,Forschung,Wissenschaftlicher Preis,Ja,700,EUR,DACH,Deutschland,Eigenbewerbung,1989,
O002706,,Nachwuchspreis der Kriminologischen Gesellschaft,de,Young Talent Award of the Criminological Society,ORAP,Nachwuchspreis der Kriminologischen Gesellschaft,Webseite,Kriminologische Gesellschaft,wissenschaftlicher Sektor,DE,http://www.krimg.de/drupal/node/413,Forschung,Wissenschaftlicher Preis,Ja,Keine Angabe,Keine Angabe,DACH,Deutschland; Österreich; Schweiz,Nominierung eingeschränkt,2015,
O002713,,Nernst-Haber-Bodenstein-Preis,de,Nernst-Haber-Bodenstein Prize,Webseite,Nernst-Haber-Bodenstein-Preis,Webseite,Deutsche Bunsen-Gesellschaft für physikalische Chemie,wissenschaftlicher Sektor,DE,https://bunsen.de/auszeichnungen/preise,Forschung,Wissenschaftlicher Preis,Ja,Keine Angabe,Keine Angabe,DACH,Deutschland; Österreich; Schweiz,Nominierung offen,1953,
O002714,,Wissenschaftspreis „Neues aus der Wissenschaft“,de,"Science Award ""News from the world of science""",ORAP,Wissenschaftspreis „Neues aus der Wissenschaft“,Webseite,Deutsche Menopause Gesellschaft,Sonstige,DE,https://www.menopause-gesellschaft.de/fur-arzte/wissenschaftspreis-neues-aus-der-wissenschaft/,Forschung,Wissenschaftlicher Preis,Nein,1250,EUR,DACH,Deutschland; Österreich; Schweiz,Eigenbewerbung,2010,
O002717,,Niedersächsischer Gesundheitspreis,de,Lower Saxony Health Award,ORAP,Niedersächsischer Gesundheitspreis,Webseite,"Niedersächsisches Ministerium für Soziales, Arbeit, Gesundheit und Gleichstellung; Niedersächsisches Ministerium für Wirtschaft, Verkehr, Bauen und Digitalisierung; Kassenärztliche Vereinigung Niedersachsen; AOK Niedersachsen; Apothekerkammer Niedersachsen",öffentlicher Sektor; öffentlicher Sektor; öffentlicher Sektor; öffentlicher Sektor; Sonstige,DE; DE; DE; DE; DE,https://www.gesundheitspreis-niedersachsen.de/,Sonstiges,Wissenschaftlicher Preis,Nein,5000,EUR,DACH,Deutschland | Niedersachsen,Eigenbewerbung und Nominierung,2011,
O002722,Q1800101,Offermann-Hergarten-Preis,de,Offermann-Hergarten Prize,Webseite,Offermann-Hergarten-Preis,Webseite,Offermann-Hergarten-Stiftung; Universität zu Köln,Stiftungen; wissenschaftlicher Sektor,DE; DE,https://phil-fak.uni-koeln.de/forschung/auszeichnungen-und-preise/offermann-hergarten-preis,Forschung,Wissenschaftlicher Preis,Ja,5000,EUR,Einrichtungs- oder organisationsgebunden,Deutschland | Nordrhein-Westfalen | Köln,Eigenbewerbung,1994,
O002724,,Ommo Grupe-Preis,de,Ommo Grupe Prize,ORAP,Ommo Grupe-Preis,Webseite,Deutsche Vereinigung für Sportwissenschaft; Meyer & Meyer Verlag,wissenschaftlicher Sektor; wirtschaftlicher Sektor,DE; DE,https://www.sportwissenschaft.de/dvs-news-archiv/news/ausschreibung-ommo-grupe-preis-2023/,Forschung,Wissenschaftlicher Preis,Ja,1000,EUR,Keine Angabe,Keine Angabe,Eigenbewerbung,2007,
O002726,Q24008352,ORCHEM-Preis für den wissenschaftlichen Nachwuchs,de,ORCHEM Prize for Young Scientists,Webseite,ORCHEM-Preis für den wissenschaftlichen Nachwuchs,Webseite,Gesellschaft Deutscher Chemiker,wissenschaftlicher Sektor,DE,https://www.gdch.de/netzwerk-strukturen/fachstrukturen/liebig-vereinigung-fuer-organische-chemie/orchem-preis.html,Forschung,Wissenschaftlicher Preis,Ja,2500,EUR,DACH,Deutschland; Österreich; Schweiz,Eigenbewerbung und Nominierung,2000,
O002737,,Paul-Langerhans-Preis der ADF,de,Paul Langerhans Award of the ADF,Webseite,Paul-Langerhans-Preis der ADF,Webseite,Arbeitsgemeinschaft Dermatologische Forschung,wissenschaftlicher Sektor,DE,https://www.adf-online.de/s-preise/?stpsingle=paul-langerhans-preis-der-adf,Forschung,Wissenschaftlicher Preis,Nein,15000,EUR,Einrichtungs- oder organisationsgebunden,Deutschland; Österreich; Schweiz,Eigenbewerbung,2004,
O002740,Q101084032,Paul–Schürmann–Preis,de,Paul Schürmann Prize,ORAP,Paul–Schürmann–Preis,Webseite,Deutsche Gesellschaft für Wehrmedizin und Wehrpharmazie,Sonstige,DE,https://dgwmp.de/2022/05/12/paul-schuerrmann-preis/,Forschung,Wissenschaftlicher Preis,Ja,7500,EUR,DACH,Deutschland,Eigenbewerbung,1968,
O002746,,Peter von Polenz-Preis,de,Peter von Polenz Prize,ORAP,Peter von Polenz-Preis,Webseite,Gesellschaft für germanistische Sprachgeschichte,wissenschaftlicher Sektor,DE,https://www.germanistische-sprachgeschichte.de/peter-von-polenz-preis/,Forschung,Wissenschaftlicher Preis,Ja,1000,EUR,Einrichtungs- oder organisationsgebunden,International,Nominierung eingeschränkt,2013,
O002750,Q1554462,Philip Morris Forschungspreis,de,Philip Morris Research Award,ORAP,Philip Morris Forschungspreis,Webseite,Philip Morris Stiftung,Stiftungen,DE,https://www.philipmorris-stiftung.de/category/preistrager/,Forschung,Wissenschaftlicher Preis,Nein,100000,EUR,DACH,Deutschland; Österreich; Schweiz,Eigenbewerbung,1988,2007
O002752,,Philippika-Preis,de,Philippika Prize,ORAP,Philippika-Preis,Webseite,Harrassowitz Verlag,wirtschaftlicher Sektor,DE,https://www.harrassowitz-verlag.de/philippikapreis.ahtml,Forschung,Wissenschaftlicher Preis,Ja,Kein Preisgeld,Kein Preisgeld,DACH,Deutschland,Eigenbewerbung und Nominierung,2011,
O002753,,Dissertationspreis der DGMP,de,Dissertation Award of the DGMP,ORAP,Dissertationspreis der DGMP,Webseite,Deutsche Gesellschaft für Medizinische Physik,wissenschaftlicher Sektor,DE,https://www.dgmp.de/de-DE/459/dissertationspreis/,Forschung,Wissenschaftlicher Preis,Ja,1000,EUR,DACH,Deutschland; Österreich; Schweiz,Eigenbewerbung und Nominierung,2016,
O002759,,Polytechnik-Preis,de,Polytechnic Prize,ORAP,Polytechnik-Preis,Webseite,Stiftung Polytechnische Gesellschaft Frankfurt am Main,Stiftungen,DE,https://polytechnik-preis.de/,Forschung,Wissenschaftlicher Preis,Nein,50000,EUR,DACH,Deutschland; Österreich; Schweiz,Nominierung Einrichtung / Gremium,2011,
O002775,,Präventionspreis der DGIM,de,DGIM Prevention Award,ORAP,Präventionspreis der DGIM,Webseite,Deutsche Gesellschaft für Innere Medizin; Deutsche Gesellschaft für Innere Medizin,wissenschaftlicher Sektor; wissenschaftlicher Sektor,DE; DE,https://www.dgim.de/ueber-uns/ehrungen-und-preise/praeventionspreis/,Forschung,Wissenschaftlicher Preis,Nein,10000,EUR,DACH,Deutschland; Österreich; Schweiz,Eigenbewerbung,,
O002777,,Preis der Hildegard und Karl-Heinrich Heitfeld Stiftung,de,Prize of the Hildegard and Karl-Heinrich Heitfeld Foundation,ORAP,Preis der Hildegard und Karl-Heinrich Heitfeld Stiftung,Webseite,Hildegard und Karl-Heinrich Heitfeld Stiftung,wissenschaftlicher Sektor,DE,https://www.uni-muenster.de/GeoPalaeontologie/heitfeld.html,Forschung,Wissenschaftlicher Preis,Ja,3000,EUR,Einrichtungs- oder organisationsgebunden,Deutschland | Nordrhein-Westfalen | Münster,Keine Angabe,2001,
O002782,,Preis des Landkreises Konstanz zur Förderung des Wissenschaftlichen Nachwuchses an der Universität Konstanz,de,Konstanz County Prize to Promote Early Career Researchers at the University of Konstanz,Webseite,Preis des Landkreises Konstanz zur Förderung des Wissenschaftlichen Nachwuchses an der Universität Konstanz,Webseite,Stadt Konstanz,öffentlicher Sektor,DE,https://www.uni-konstanz.de/universitaet/ueber-die-universitaet-konstanz/preise-und-auszeichnungen/externe-preise-und-auszeichnungen/preis-des-landkreises-konstanz-zur-foerderung-des-wissenschaftlichen-nachwuchses-an-der-universitaet-konstanz/,Forschung,Wissenschaftlicher Preis,Ja,2000,EUR,DACH,Deutschland | Baden-Württemberg | Konstanz,Nominierung Einrichtung / Gremium,1986,2023
O002785,Q1629806,Preis des Historischen Kollegs,de,Prize of the Historisches Kolleg,ORAP,Preis des Historischen Kollegs,Webseite,Historisches Kolleg,wissenschaftlicher Sektor,DE,https://www.historischeskolleg.de/historikerpreis/,Forschung,Wissenschaftlicher Preis,Nein,30000,EUR,Keine Einschränkung,Keine Einschränkung,Nominierung eingeschränkt,1983,
O002791,,Preis für Krankenhaushygiene und Infektionsprävention,de,Award for Hospital Hygiene and Infection Prevention,Webseite,Preis für Krankenhaushygiene und Infektionsprävention,Webseite,Robert-Koch-Stiftung,wissenschaftlicher Sektor,DE,https://www.robert-koch-stiftung.de/preise/preis-fuer-krankenhaushygiene-und-infektionspraevention,Forschung,Wissenschaftlicher Preis,Nein,50000,EUR,Keine Einschränkung,Keine Einschränkung,Eigenbewerbung,2013,
O002792,,Preis für niedersächsische Landesgeschichte,de,Prize for the history of Lower Saxony,ORAP,Preis für niedersächsische Landesgeschichte,Webseite,Historische Kommission für Niedersachsen und Bremen,Sonstige,DE,https://www.historische-kommission.niedersachsen.de/startseite/aktuelles_veranstaltungen/jahrestagung_mitgliederversammlung/preis_niedersaechsische_landesgeschichte/preis-fuer-niedersaechsische-landesgeschichte-113686.html,Forschung,Wissenschaftlicher Preis,Ja,5000,EUR,Keine Einschränkung,Keine Einschränkung,Eigenbewerbung und Nominierung,2008,
O002793,,Preis für Patientensicherheit in der Medizintechnik,de,Award for patient safety in medical technology,ORAP,Preis für Patientensicherheit in der Medizintechnik,Webseite,Deutsche Gesellschaft für Biomedizinische Technik im VDE,wissenschaftlicher Sektor,DE,https://www.vde.com/de/dgbmt/preise-ehrungen/preis-fuer-patientensicherheit,Forschung,Wissenschaftlicher Preis,Ja,5000,EUR,DACH,Deutschland,Eigenbewerbung,2012,
O002798,,Preis für Massenspektrometrie in den Biowissenschaften,de,Mass Spectrometry in the Life Sciences Award,Webseite,Preis für Massenspektrometrie in den Biowissenschaften,Webseite,Deutsche Gesellschaft für Massenspektrometrie,wissenschaftlicher Sektor,DE,https://dgms.eu/de/auszeichnungen/zusammenstellung-preistraeger-der-dgms/preistraeger-ms-in-den-biowissenschaften/,Forschung,Wissenschaftlicher Preis,Nein,5000,EUR,Keine Einschränkung,Keine Einschränkung,Nominierung eingeschränkt,2009,2024
O002799,,Preis zur Förderung der Versorgungsforschung in Orthopädie und Unfallchirurgie,de,Prize for the promotion of healthcare research in orthopaedics and trauma surgery,ORAP,Preis zur Förderung der Versorgungsforschung in Orthopädie und Unfallchirurgie,Webseite,Deutsche Gesellschaft für Orthopädie und Unfallchirurgie,wissenschaftlicher Sektor,DE,https://dgou.de/preise-stipendien/preise/versorgungsforschung/preis-zur-foerderung-der-versorgungsforschung,Forschung,Wissenschaftlicher Preis,Nein,5000,EUR,Keine Einschränkung,Keine Einschränkung,Eigenbewerbung,2011,
O002818,,PRO-SCIENTIA-Förderpreis,de,PRO-SCIENTIA Sponsorship Award,ORAP,PRO-SCIENTIA-Förderpreis,Webseite,Eckhart-Buddecke-Stiftung zur Förderung der Medizinischen Grundlagenforschung,wissenschaftlicher Sektor,DE,https://ebst.uni-muenster.de/preis.html,Forschung,Wissenschaftlicher Preis,Nein,10000,EUR,DACH,Deutschland,Eigenbewerbung,2004,
O002823,Q21715537,Liesegang-Preis,de,Liesegang Prize,Webseite,Liesegang-Preis,Webseite,Kolloid-Gesellschaft,wissenschaftlicher Sektor,DE,https://kolloid-gesellschaft.de/auszeichnungen/liesegang-preis/,Forschung,Wissenschaftlicher Preis,Nein,Kein Preisgeld,Kein Preisgeld,Keine Einschränkung,Keine Einschränkung,Keine Angabe,1998,
O002827,,Reimund-Stadler-Preis der GDCh-Fachgruppe Makromolekulare Chemie,de,Reimund-Stadler Award of the GDCh Division of Macromolecular Chemistry,Webseite,Reimund-Stadler-Preis der GDCh-Fachgruppe Makromolekulare Chemie,Webseite,Gesellschaft Deutscher Chemiker,wissenschaftlicher Sektor,DE,https://www.gdch.de/netzwerk-strukturen/fachstrukturen/makromolekulare-chemie/preise-ehrungen/reimund-stadler-preis.html,Forschung,Wissenschaftlicher Preis,Ja,5000,EUR,DACH,Deutschland,Nominierung Einrichtung / Gremium,2002,
O002828,,Reinhard-Daugs-Förderpreis,de,Reinhard Daugs Sponsorship Award,ORAP,Reinhard-Daugs-Förderpreis,Webseite,Deutsche Vereinigung für Sportwissenschaft,wissenschaftlicher Sektor,DE,https://www.sportwissenschaft.de/sportmotorik/sportmotorik-reinhard-daugs-foerderpreis/,Forschung,Wissenschaftlicher Preis,Ja,3000,EUR,DACH,Deutschland; Österreich; Schweiz,Eigenbewerbung,2005,
O002834,,DOG-Retina-Förderpreis,de,DOG Retina Sponsorship Award,ORAP,DOG-Retina-Förderpreis,Webseite,Deutsche Ophthalmologische Gesellschaft,wissenschaftlicher Sektor,DE,https://www.dog.org/die-dog/foerderungen-und-preise/ausschreibungen,Forschung,Wissenschaftlicher Preis,Ja,5000,EUR,Keine Angabe,Keine Angabe,Eigenbewerbung,2018,
O002835,Q2146550,Reuchlinpreis,de,Reuchlin Prize,ORAP,Reuchlinpreis,Webseite,Stadt Pforzheim,öffentlicher Sektor,DE,https://www.pforzheim.de/stadt/stadtgeschichte/gedenken-friedenskultur/reuchlin.html,Forschung,Wissenschaftlicher Preis,Nein,Keine Angabe,Keine Angabe,DACH,Deutschland; Österreich; Schweiz,Nominierung Einrichtung / Gremium,1955,
O002838,,Ritter von Frisch-Preis,de,Ritter von Frisch Prize,ORAP,Ritter von Frisch-Preis,Webseite,Deutsche Gesellschaft für Urologie,wissenschaftlicher Sektor,DE,https://www.urologenportal.de/fachbesucher/urologische-kongresse/74-dgu-kongress/preise-und-ehrungen/ausschreibungen-2022/ritter-von-frisch-preis.html,Forschung,Wissenschaftlicher Preis,Nein,10000,EUR,DACH,Deutschland; Österreich; Schweiz,Nominierung Einrichtung / Gremium,1996,
O002840,,Förderpreis der Stadt Clausthal-Zellerfeld,de,Advancement Award of the city of Clausthal-Zellerfeld,Webseite,Förderpreis der Stadt Clausthal-Zellerfeld,Webseite,Robert-Koch-Stiftung,wissenschaftlicher Sektor,DE,https://www.robert-koch-stiftung.de/preise/foerderpreis-der-stadt-clausthal-zellerfeld,Forschung,Wissenschaftlicher Preis,Nein,5000,EUR,DACH,Deutschland,Nominierung Einrichtung / Gremium,1981,
O002845,,Wilhelm-Conrad-Röntgen-Preis,de,Wilhelm Conrad Röntgen Prize,Webseite,Wilhelm-Conrad-Röntgen-Preis,Webseite,Julius-Maximilians-Universität Würzburg,wissenschaftlicher Sektor,DE,https://www.physik.uni-wuerzburg.de/aktuelles/veranstaltungen-aus-der-physik/akademische-feier-preisverleihung/infos-und-kriterien-roentgen-preise/,Forschung,Wissenschaftlicher Preis,Ja,250,EUR,Einrichtungs- oder organisationsgebunden,Deutschland | Bayern | Würzburg,Nominierung Einrichtung / Gremium,2003,
O002867,,Sigrid Peyerimhoff-Promotionspreis für Theoretische Chemie,de,Sigrid Peyerimhoff Doctoral Prize for Theoretical Chemistry,ORAP,Sigrid Peyerimhoff-Promotionspreis für Theoretische Chemie,Webseite,Arbeitsgemeinschaft Theoretische Chemie,wissenschaftlicher Sektor,AT,https://agtc.univie.ac.at/?page_id=405,Forschung,Wissenschaftlicher Preis,Ja,2000,EUR,DACH,Deutschland; Österreich; Schweiz,Eigenbewerbung,2020,
O002875,Q1605179,Sofja Kovalevskaja-Preis,de,Sofja Kovalevskaja Award,Webseite,Sofja Kovalevskaja-Preis,Webseite,Alexander von Humboldt-Stiftung,wissenschaftlicher Sektor,DE,https://www.humboldt-foundation.de/bewerben/foerderprogramme/sofja-kovalevskaja-preis,Forschung,Wissenschaftliche Auszeichnung,Ja,1650000,EUR,International,alle Länder (außer Deutschland),Eigenbewerbung,2001,2026
O002895,,Stockmeyer Wissenschaftspreis,de,Stockmeyer Science Prize,ORAP,Stockmeyer Wissenschaftspreis,Webseite,Heinrich-Stockmeyer-Stiftung,Stiftungen,DE,https://www.stockmeyer-stiftung.de/wissenschaftspreis.html,Forschung,Wissenschaftlicher Preis,Nein,10000,EUR,DACH,Deutschland; Österreich; Schweiz,Eigenbewerbung,1996,
O002901,,Südwestmetall-Förderpreis,de,Südwestmetall Sponsorship Award,ORAP,Südwestmetall-Förderpreise,Webseite,Verband der Metall- und Elektroindustrie Baden-Württemberg,wirtschaftlicher Sektor,DE,https://www.suedwestmetall-macht-bildung.de/projekte/suedwestmetall-foerderpreise.html,Forschung,Wissenschaftlicher Preis,Ja,5000,EUR,Einrichtungs- oder organisationsgebunden,Deutschland | Baden-Württemberg,Nominierung Einrichtung / Gremium,1989,
O002919,Q2447600,Tractatus – der Essaypreis des Philosophicum Lech,de,Tractatus - the essay prize of the Philosophicum Lech,ORAP,Tractatus – der Essaypreis des Philosophicum Lech,Webseite,Philosophicum Lech,wissenschaftlicher Sektor,AT,https://www.philosophicum.com/tractatus/der-tractatus,Forschung,Wissenschaftlicher Preis,Nein,25000,EUR,DACH,Deutschland; Österreich; Schweiz,Nominierung Einrichtung / Gremium,2009,
O002921,,Translational Research-Preis,en,Translational Research-Award,Webseite,Translational Research-Preis,Webseite,Arbeitsgemeinschaft Dermatologische Forschung,wissenschaftlicher Sektor,DE,https://www.adf-online.de/s-preise/?stpsingle=translational-research-preis-keine-vergabe-in-2013,Forschung,Wissenschaftlicher Preis,Ja,2500,EUR,Keine Einschränkung,Keine Einschränkung,Eigenbewerbung,2006,
O002923,,Ulrich Brodeßer-FSHD-Forschungspreis,de,Ulrich Brodesser FSHD Research Prize,ORAP,Ulrich Brodeßer-FSHD-Forschungspreis,Webseite,Deutsche Gesellschaft für Muskelkranke,Stiftungen,DE,https://www.dgm.org/forschung/forschungspreise,Forschung,Wissenschaftlicher Preis,Nein,10000,EUR,DACH,Deutschland,Eigenbewerbung,2018,
O002934,,Verdienstmedaille der DGPP,de,Medal of Merit of the DGPP,ORAP,Verdienstmedaille der DGPP,Webseite,Deutsche Gesellschaft für Phoniatrie und Pädaudiologie,wissenschaftlicher Sektor,DE,https://dgpp.de/de/preise-und-auszeichnungen/verdienstmedaille-der-dgpp/,Forschung,Wissenschaftlicher Preis,Nein,Keine Angabe,Keine Angabe,Einrichtungs- oder organisationsgebunden,International,Keine Angabe,2011,
O002945,,Walter-Schunack-Preis,de,Walter Schunack Prize,ORAP,Walter-Schunack-Preis,Webseite,Deutsche Pharmazeutische Gesellschaft,wissenschaftlicher Sektor,DE,https://www.dphg.de/artikel/ausschreibung-walter-schnunack-preis-2023,Forschung,Wissenschaftlicher Preis,Ja,750,EUR,DACH,Deutschland,Eigenbewerbung,2013,
O002946,Q2547038,Walther-Arndt-Forschungspreis,de,Walther Arndt Research Prize,ORAP,Walther-Arndt-Forschungspreis,Webseite,Deutsche Zoologische Gesellschaft,wissenschaftlicher Sektor,DE,https://www.dzg-ev.de/ehrungen-preise/walther-arndt-preis/ausschreibung/,Forschung,Wissenschaftlicher Preis,Nein,5000,EUR,Keine Einschränkung,Keine Einschränkung,Eigenbewerbung und Nominierung,1991,
O002955,,Wichern-Preis,de,Wichern Prize,ORAP,Wichern-Preis,Webseite,Institut für Diakoniewissenschaft; Universität Bielefeld,wissenschaftlicher Sektor; wissenschaftlicher Sektor,DE; DE,https://www.wichern-institut.de/themen/wichern-preis/ueberblick/,Forschung,Wissenschaftlicher Preis,Nein,10000,EUR,Keine Angabe,Keine Angabe,Keine Angabe,,
O002958,,Wilhelm-Conrad-Röntgen-Preis,de,Wilhelm Conrad Röntgen Prize,ORAP,Wilhelm-Conrad-Röntgen-Preis,Webseite,Deutsche Röntgengesellschaft,wissenschaftlicher Sektor,DE,https://drg.de/die-drg/preise/wilhelm-conrad-roentgen-preis/,Forschung,Wissenschaftlicher Preis,Nein,10000,EUR,Einrichtungs- oder organisationsgebunden,Deutschland,Eigenbewerbung,1984,
O002962,,William-Stern-Preis,de,William Stern Prize,ORAP,William-Stern-Preis,Webseite,Deutsche Gesellschaft für Psychologie,wissenschaftlicher Sektor,DE,https://www.dgps.de/fachgruppen/fgdf/aktivitaeten/preise-ehrungen/,Forschung,Wissenschaftlicher Preis,Ja,250,EUR,Einrichtungs- oder organisationsgebunden,International,Eigenbewerbung und Nominierung,1997,
O002969,,Wissenschaftspreis der EHI Stiftung und der GS1 Germany,de,Science Prize of the EHI Foundation and the GS1 Germany,ORAP,Wissenschaftspreis der EHI Stiftung und der GS1 Germany,Webseite,EHI Stiftung; GS1 Germany,Stiftungen; wirtschaftlicher Sektor,DE; DE,https://www.wissenschaftspreis.org/,Transfer,Wissenschaftlicher Preis,Ja,10000,EUR,DACH,Deutschland; Österreich; Schweiz,Nominierung eingeschränkt,2008,
O002972,,GNPI-Wissenschaftspreis,de,GNPI Science Prize,ORAP,GNPI-Wissenschaftspreis,Webseite,Gesellschaft für Neonatologie und Pädiatrische Intensivmedizin,wissenschaftlicher Sektor,DE,https://gnpi.de/wissenschaft/gnpi-wissenschaftspreis/,Forschung,Wissenschaftlicher Preis,Nein,2000,EUR,Einrichtungs- oder organisationsgebunden,International,Eigenbewerbung,2016,
O002975,Q2586291,Wissenschaftspreis des Industrie-Clubs,de,Industrie-Club's Science Award,Webseite,Wissenschaftspreis des Industrie-Clubs,Webseite,Industrie-Club Düsseldorf,wirtschaftlicher Sektor,DE,https://www.industrie-club.de/club-leben/engagement,Forschung,Wissenschaftlicher Preis,Ja,20000,EUR,DACH,Deutschland | Nordrhein-Westfalen,Eigenbewerbung,1998,
O002979,,Wolffram Kopfschmerzpreis,de,Wolffram Headache Prize,ORAP,Wolffram Kopfschmerzpreis,Webseite,Deutsche Migräne- und Kopfschmerzgesellschaft,wissenschaftlicher Sektor,DE,https://www.dmkg.de/dmkg/forschungsfoerderung/wolfframpreis,Forschung,Wissenschaftlicher Preis,Nein,5000,EUR,DACH,Deutschland,Eigenbewerbung,1993,
O002985,,Wulf-Vater-Dihydropyridine-Preis,de,Wulf Vater Dihydropyridine Prize,ORAP,Wulf-Vater-Dihydropyridine-Preis,Webseite,Wulf Vater-Stiftung,Stiftungen,DE,https://www.deutsches-stiftungszentrum.de/stiftungen/dr-wulf-vater-ged%C3%A4chtnis-stiftung,Forschung,Wissenschaftlicher Preis,Nein,25000,EUR,DACH,Deutschland,Eigenbewerbung,1996,
O002995,,Zarnekow-Förderpreis für Rehabilitationsforschung,de,Zarnekow Prize for Rehabilitation Research,ORAP,Zarnekow-Förderpreis für Rehabilitationsforschung,Webseite,Illa und Werner Zarnekow Stiftung,Stiftungen,DE,https://www.dgrw-online.de/forschung-foerderung/zarnekow-foerderpreis/,Forschung,Wissenschaftlicher Preis,Ja,5000,EUR,DACH,Deutschland,Eigenbewerbung und Nominierung,2002,
O004002,Q336370,Aby Warburg-Preis,de,Aby Warburg Prize,ORAP,Aby Warburg-Preis,Webseite,Stadtstaat Hamburg,öffentlicher Sektor,DE,https://www.hamburg.de/politik-und-verwaltung/behoerden/behoerde-fuer-kultur-und-medien/themen/kulturfoerderung/aby-warburg-preis-108606,Forschung,Wissenschaftlicher Preis,Nein,25000,EUR,Keine Einschränkung,Keine Einschränkung,Nominierung Einrichtung / Gremium,1980,
O004005,,AGNP-Preis für Forschung in der Psychopharmakologie,de,AGNP prize for research in psychopharmacology,ORAP,AGNP-Preis für Forschung in der Psychopharmakologie,Webseite,Arbeitsgemeinschaft für Neuropsychopharmakologie und Pharmakopsychiatrie,wissenschaftlicher Sektor,DE,https://agnp.de/1287-2/,Forschung,Wissenschaftlicher Preis,Nein,5000,EUR,Keine Einschränkung,Keine Einschränkung,Eigenbewerbung,1991,
O004013,,GMM Early Career Research Award,en,GMM Early Career Research Award,Webseite,GMM-Forschungspreis zur Förderung junger Wissenschaftler/-innen,ORAP,"VDE/VDI-Gesellschaft Mikroelektronik, Mikrosystem- und Feinwerktechnik",Sonstige,DE,https://www.vde.com/de/gmm/preise-ehrungen/alfred-kuhlenkamp-preis,Forschung,Wissenschaftlicher Preis,Ja,3000,EUR,Einrichtungs- oder organisationsgebunden,Deutschland,Eigenbewerbung,1994,
O004015,,Anatol-Rapoport-Preis,de,Anatol Rapoport Prize,ORAP,Anatol-Rapoport-Preis,Webseite,Deutsche Gesellschaft für Soziologie,wissenschaftlicher Sektor,DE,https://www.dgs-modsim.de/anatol-rapoport-preis,Forschung,Wissenschaftlicher Preis,Nein,500,EUR,DACH,Deutschland; Österreich; Schweiz,Eigenbewerbung und Nominierung,2008,
O004018,Q694715,Arnold-Eucken-Preis,de,Arnold Eucken Prize,ORAP,Arnold-Eucken-Preis,Webseite,VDI-Gesellschaft Verfahrenstechnik und Chemieingenieurwesen,Sonstige,DE,https://www.vdi.de/tg-fachgesellschaften/vdi-gesellschaft-verfahrenstechnik-und-chemieingenieurwesen/arnold-eucken-preis,Forschung,Wissenschaftlicher Preis,Ja,5000,EUR,DACH,Deutschland,Nominierung eingeschränkt,1956,
O004019,,Arnold-Vogt-Preis für Museumspädagogik,de,Arnold Vogt Prize for Museum Education,ORAP,Arnold-Vogt-Preis für Museumspädagogik,Webseite,"Hochschule für Technik, Wirtschaft und Kultur Leipzig",wissenschaftlicher Sektor,DE,https://fim.htwk-leipzig.de/studium/bachelorstudiengaenge/museologie/museologie-willkommen-im-studiengang/museologie-vernetzt/arnold-vogt-preis,Forschung,Wissenschaftlicher Preis,Ja,1000,EUR,DACH,Deutschland; Österreich; Schweiz,Eigenbewerbung,2006,2022
O004024,,August-Wöhler-Medaille,de,August Woehler Medal,ORAP,August-Wöhler-Medaille,Webseite,Deutscher Verband für Materialforschung und -prüfung,wissenschaftlicher Sektor,DE,https://dvm-berlin.de/ueber-den-dvm/ehrungen,Transfer,Wissenschaftlicher Preis,Nein,Keine Angabe,Keine Angabe,DACH,Deutschland,Keine Angabe,2001,
O004028,,Bader-Preis für Kunstgeschichte,de,Bader Award for Art History,Webseite,Bader-Preis für Kunstgeschichte,Webseite,Österreichische Akademie der Wissenschaften,wissenschaftlicher Sektor,AT,https://stipendien.oeaw.ac.at/preise/geisteswissenschaften/bader-preis-fuer-kunstgeschichte,Forschung,Wissenschaftlicher Preis,Ja,36000,USD,International,Bosnien-Herzegowina; Kroatien; Polen; Rumänien; Serbien; Slowakei; Slowenien; Tschechien; Ungarn; Ukraine; Österreich,Eigenbewerbung,2007,
O004031,,Benz-Daimler-Maybach-Ehrenmedaille,de,Benz-Daimler-Maybach Medal of Honor,ORAP,Benz-Daimler-Maybach-Ehrenmedaille,Webseite,VDI-Gesellschaft Fahrzeug- und Verkehrstechnik,Sonstige,DE,https://www.vdi.de/ueber-uns/organisation/ehrungen,Forschung,Wissenschaftlicher Preis,Nein,Kein Preisgeld,Kein Preisgeld,Einrichtungs- oder organisationsgebunden,Deutschland,Keine Angabe,1986,
O004047,Q992951,Bruno-Snell-Preis,de,Bruno Snell Prize,ORAP,Bruno-Snell-Preis,Webseite,Mommsen-Gesellschaft,wissenschaftlicher Sektor,DE,https://www.mommsen-gesellschaft.de/foerderung/bruno-snell-preis,Forschung,Wissenschaftliche Auszeichnung,Ja,3000,EUR,DACH,Deutschland; Österreich; Schweiz,Nominierung eingeschränkt,1989,
O004050,Q653445,Cantor-Medaille,de,Georg Cantor Medal,Webseite,Cantor-Medaille,Webseite,Deutsche Mathematiker-Vereinigung,wissenschaftlicher Sektor,DE,https://www.mathematik.de/preistraeger/preise-und-auszeichnungen,Forschung,Wissenschaftlicher Preis,Nein,4000,EUR,Keine Einschränkung,Keine Einschränkung,Nominierung eingeschränkt,1990,
O004053,Q52414727,Carl-Friedrich-von-Weizsäcker-Preis,de,Carl-Friedrich-von-Weizsaecker-Prize,Webseite,Carl-Friedrich-von-Weizsäcker-Preis,Webseite,Stifterverband für die Deutsche Wissenschaft; Deutsche Akademie der Naturforscher Leopoldina,wissenschaftlicher Sektor; wissenschaftlicher Sektor,DE; DE,https://www.leopoldina.org/ueber-uns/auszeichnungen/preise-und-ehrungen/carl-friedrich-von-weizsaecker-preis/,Forschung,Wissenschaftlicher Preis,Nein,30000,EUR,Keine Einschränkung,Keine Einschränkung,Nominierung Einrichtung / Gremium,2009,
O004068,Q15803787,Conrad-Matschoß-Preis des VDI für Technikgeschichte,de,Conrad Matschoß Prize of the VDI for the History of Technology,ORAP,Conrad-Matschoß-Preis des VDI für Technikgeschichte,Webseite,Verein Deutscher Ingenieure,Sonstige,DE,https://www.vdi.de/ueber-uns/organisation/ehrungen,Forschung,Wissenschaftlicher Preis,Nein,2000,EUR,DACH,Deutschland; Österreich; Schweiz,Eigenbewerbung,2007,
O004079,,Demografie-Preis,de,Demography Prize,Webseite,Demografie-Preis,Webseite,Stiftung für die Rechte zukünftiger Generationen; Intergenerational Foundation,Stiftungen; Stiftungen,DE; GB,https://generationengerechtigkeit.info/demografie-preis/,Forschung,Wissenschaftlicher Preis,Ja,10000,EUR,Keine Einschränkung,Keine Einschränkung,Eigenbewerbung,2006,2019
O004083,,Deubner-Preis,de,Deubner Prize of the German Association for Art History,ORAP,Deubner-Preis des Deutschen Verbandes für Kunstgeschichte,Webseite,Deutscher Verband für Kunstgeschichte,wissenschaftlicher Sektor,DE,https://kunstgeschichte.org/verband/deubner-preis/,Forschung,Wissenschaftlicher Preis,Ja,2500,EUR,DACH,Deutschland,Eigenbewerbung,2011,
O004086,,Deutscher Forstwissenschaftspreis,de,German Forest Science Award,Webseite,Deutscher Forstwissenschaftspreis,Webseite,Eva Mayr-Stihl Stiftung,Stiftungen,DE,https://eva-mayr-stihl-stiftung.de/foerderschwerpunkte/wissenschaft-forschung/deutscher-forstwissenschaftspreis,Forschung,Wissenschaftlicher Preis,Ja,15000,EUR,DACH,Deutschland,Nominierung Einrichtung / Gremium,2000,
O004091,Q537286,Deutscher Zukunftspreis,de,German Future Prize,ORAP,Deutscher Zukunftspreis,Webseite,Bundespräsident der Bundesrepublik Deutschland,öffentlicher Sektor,DE,https://www.deutscher-zukunftspreis.de/de,Transfer,Wissenschaftliche Auszeichnung,Nein,250000,EUR,DACH,Deutschland,Nominierung Einrichtung / Gremium,1997,
O004098,,Preis der DGKK,de,Prize of the DGKK,ORAP,Preis der DGKK,Webseite,Deutsche Gesellschaft für Kristallwachstum und Kristallzüchtung,wissenschaftlicher Sektor,DE,https://www.dgkk.de/de/profil/preis-der-dgkk,Forschung,Wissenschaftlicher Preis,Nein,3000,EUR,Keine Einschränkung,Keine Einschränkung,Nominierung eingeschränkt,1986,
O004099,,DGM-Ehrenmitgliedschaft,de,DGM Honorary Membership,Webseite,DGM-Ehrenmitgliedschaft,Webseite,Deutsche Gesellschaft für Materialkunde,wissenschaftlicher Sektor,DE,https://dgm.de/de/die-dgm/ehrungen-auszeichnungen/dgm-ehrenmitgliedschaft,Forschung,Wissenschaftliche Auszeichnung,Nein,Keine Angabe,Keine Angabe,Einrichtungs- oder organisationsgebunden,Deutschland,Nominierung Einrichtung / Gremium,1921,
O004100,,DGM-Nachwuchspreis,de,DGM Prize for Young Talent,Webseite,DGM-Nachwuchspreis,Webseite,Deutsche Gesellschaft für Materialkunde,wissenschaftlicher Sektor,DE,https://dgm.de/de/die-dgm/ehrungen-auszeichnungen/dgm-nachwuchspreis,Forschung,Wissenschaftlicher Preis,Ja,500,EUR,DACH,Deutschland,Eigenbewerbung und Nominierung,1994,
O004101,,DGM-Pionier,de,DGM Pioneer,Webseite,DGM-Pionier,Webseite,Deutsche Gesellschaft für Materialkunde,wissenschaftlicher Sektor,DE,https://dgm.de/de/die-dgm/ehrungen-auszeichnungen/dgm-pionier,Transfer,Wissenschaftlicher Preis,Nein,Keine Angabe,Keine Angabe,Einrichtungs- oder organisationsgebunden,Deutschland,Nominierung eingeschränkt,2014,
O004102,,DGM-Preis,de,DGM Prize,Webseite,DGM-Preis,Webseite,Deutsche Gesellschaft für Materialkunde,wissenschaftlicher Sektor,DE,https://dgm.de/de/die-dgm/ehrungen-auszeichnungen/dgm-preis,Forschung,Wissenschaftlicher Preis,Nein,Keine Angabe,Keine Angabe,Einrichtungs- oder organisationsgebunden,Deutschland,Nominierung Einrichtung / Gremium,2011,
O004103,,DGPh-Forschungspreis für Photographiegeschichte,de,DGPh History of Photography Research Award,Webseite,DGPh-Forschungspreis für Photographiegeschichte,Webseite,Deutsche Gesellschaft für Photographie,Stiftungen,DE,https://www.dgph.de/dgph-forschungspreis-photographiegeschichte,Forschung,Wissenschaftlicher Preis,Nein,Keine Angabe,Keine Angabe,DACH,Deutschland,Eigenbewerbung,1978,2018
O004104,,DGPuK-Zeitschriftenpreis,de,DGPuK Journal Prize,ORAP,DGPuK-Zeitschriftenpreis,Webseite,Deutsche Gesellschaft für Publizistik- und Kommunikationswissenschaft,wissenschaftlicher Sektor,DE,https://www.dgpuk.de/de/ueber-die-dgpuk/preise-und-ausgezeichnete/zeitschriftenpreis,Forschung,Wissenschaftlicher Preis,Nein,Keine Angabe,Keine Angabe,DACH,Deutschland,Keine Angabe,2004,
O004109,,Dissertationspreis der DVRW,de,DVRW dissertation prize,ORAP,Dissertationspreis der DVRW,Webseite,Deutsche Vereinigung für Religionswissenschaft,wissenschaftlicher Sektor,DE,https://www.dvrw.uni-hannover.de/de/dvrw/dissertationspreis,Forschung,Wissenschaftlicher Preis,Ja,2000,EUR,DACH,Deutschland,Nominierung eingeschränkt,2005,
O004116,,Dr. Holger Müller-Preis,de,Dr. Holger Mueller Prize,ORAP,Dr. Holger Müller-Preis,Webseite,Care-for-Rare Foundation; Dr. Holger Müller Stiftung,Stiftungen; Stiftungen,DE; DE,https://www.care-for-rare.org/dr-holger-mueller-preis/,Forschung,Wissenschaftlicher Preis,Ja,5000,EUR,DACH,Deutschland; Österreich; Schweiz,Eigenbewerbung,2011,
O004119,,Dr.-Klaus-Körper-Preis,de,Dr.-Klaus-Körper Prize,Webseite,Dr.-Klaus-Körper-Preis,Webseite,Gesellschaft fuer Angewandte Mathematik und Mechanik,wissenschaftlicher Sektor,DE,https://www.gamm.org/informationen/stiftungen-preise/dr-klaus-korper-preis/,Forschung,Wissenschaftlicher Preis,Ja,250,EUR,Keine Einschränkung,Keine Einschränkung,Nominierung eingeschränkt,2013,
O004122,,DVM-Juniorpreis,de,DVM Junior Prize,ORAP,DVM-Juniorpreis,Webseite,Deutscher Verband für Materialforschung und -prüfung,wissenschaftlicher Sektor,DE,https://dvm-berlin.de/ueber-den-dvm/ehrungen,Forschung,Wissenschaftlicher Preis,Ja,Keine Angabe,Keine Angabe,Keine Einschränkung,Keine Einschränkung,Keine Angabe,2011,
O004125,,Edgar-Ungeheuer-Preis,de,Edgar Ungeheuer Prize,ORAP,Edgar-Ungeheuer-Preis,Webseite,Deutsche Gesellschaft für Chirurgie,wissenschaftlicher Sektor,DE,https://www.dgch.de/index.php?id=65#c244,Forschung,Wissenschaftlicher Preis,Nein,3000,EUR,DACH,Deutschland,Nominierung Einrichtung / Gremium,1995,
O004141,Q1335771,Emil-Wiechert-Medaille,de,Emil Wiechert Medal,ORAP,Emil-Wiechert-Medaille,Webseite,Deutsche Geophysikalische Gesellschaft,wissenschaftlicher Sektor,DE,https://dgg-online.de/emil-wiechert-medaille/,Forschung,Wissenschaftlicher Preis,Nein,Kein Preisgeld,Kein Preisgeld,Keine Einschränkung,Keine Einschränkung,Nominierung offen,1955,
O004148,,Erich-Siebel-Gedenkmünze,de,Erich Siebel commemorative coin,ORAP,Erich-Siebel-Gedenkmünze,Webseite,Deutscher Verband für Materialforschung und -prüfung; Europäische Forschungsgesellschaft Blechverarbeitung,wissenschaftlicher Sektor; wissenschaftlicher Sektor,DE; DE,https://dvm-berlin.de/ueber-den-dvm/ehrungen,Forschung,Wissenschaftlicher Preis,Nein,Keine Angabe,Keine Angabe,DACH,Deutschland,Keine Angabe,1965,
O004150,Q29886474,Jung-Karriere-Förderpreis,de,Jung Career Advancement Award,Webseite,Jung-Karriere-Förderpreis,Webseite,Jung-Stiftung für Wissenschaft und Forschung,wissenschaftlicher Sektor,DE,https://jung-stiftung.de/die-preise/jung-karriere-foerderpreis/,Forschung,Wissenschaftliche Auszeichnung,Ja,210000,EUR,DACH,Deutschland,Eigenbewerbung,2006,
O004151,Q29886440,Jung-Preis für Medizin,de,Jung Prize for Medicine,Webseite,Jung-Preis für Medizin,Webseite,Jung-Stiftung für Wissenschaft und Forschung,wissenschaftlicher Sektor,DE,https://jung-stiftung.de/die-preise/jung-preis-fuer-medizin/,Forschung,Wissenschaftlicher Preis,Nein,300000,EUR,Keine Einschränkung,Keine Einschränkung,Nominierung eingeschränkt,1976,
O004155,,Ernst-Waldschmidt-Preis,de,Ernst Waldschmidt Prize,ORAP,Ernst-Waldschmidt-Preis,Webseite,Stiftung Preußischer Kulturbesitz,Stiftungen,DE,https://www.preussischer-kulturbesitz.de/schwerpunkte/wissenschaft-und-forschung/forschungsunterstuetzung/ernst-waldschmidt-preis.html,Forschung,Wissenschaftlicher Preis,Ja,5000,EUR,DACH,Deutschland,Eigenbewerbung und Nominierung,1989,
O004158,Q1372359,Eugen-Hartmann-Preis,de,Eugen Hartmann Prize,ORAP,Eugen-Hartmann-Preis,Webseite,VDI/VDE-Gesellschaft Mess- und Automatisierungstechnik,wissenschaftlicher Sektor,DE,https://www.vdi.de/news/detail/bewerbungsphase-fuer-den-eugen-hartmann-preis-2026-gestartet,Forschung,Wissenschaftlicher Preis,Ja,2000,EUR,DACH,Deutschland; Österreich; Schweiz,Eigenbewerbung und Nominierung,1976,
O004161,Q1379567,Eva und Klaus Grohe-Preis,de,Eva and Klaus Grohe Prize,ORAP,Eva und Klaus Grohe-Preis,Webseite,Berlin-Brandenburgische Akademie der Wissenschaften,wissenschaftlicher Sektor,DE,https://www.bbaw.de/die-akademie/auszeichnungen/ehemals-verliehene-preise/eva-und-klaus-grohe-preis-der-akademie,Forschung,Wissenschaftliche Auszeichnung,Nein,20000,EUR,DACH,Deutschland,Nominierung Einrichtung / Gremium,2003,2015
O004163,,Felicien-Steichen-Preis,de,Felicien Steichen Prize,ORAP,Felicien-Steichen-Preis,Webseite,Deutsche Gesellschaft für Chirurgie,wissenschaftlicher Sektor,DE,https://www.dgch.de/index.php?id=65#c239,Forschung,Wissenschaftlicher Preis,Nein,5000,EUR,DACH,Deutschland,Eigenbewerbung,2001,
O004164,,Felix Hoppe-Seyler-Preis,de,Felix Hoppe-Seyler Prize,Webseite,Felix Hoppe-Seyler-Preis,Webseite,Deutsche Gesellschaft für Klinische Chemie und Laboratoriumsmedizin,wissenschaftlicher Sektor,DE,https://dgkl.de/auszeichnungen/felix-hoppe-seyler-preis/,Forschung,Wissenschaftlicher Preis,Nein,10000,EUR,DACH,Deutschland,Eigenbewerbung und Nominierung,1985,
O004170,,Figdor Preis für Sprach- und Literaturwissenschaft,de,Gustav Figdor Award for Linguistics and Literary Studies,Webseite,Figdor Preis für Sprach- und Literaturwissenschaft,Webseite,Österreichische Akademie der Wissenschaften,wissenschaftlicher Sektor,AT,https://stipendien.oeaw.ac.at/preise/geisteswissenschaften/figdor-preis-fuer-sprach-und-literaturwissenschaften,Forschung,Wissenschaftlicher Preis,Ja,4000,EUR,DACH,Deutschland; Österreich; Schweiz,Eigenbewerbung,2018,
O004174,,Nachwuchspreis für Wissenschaftlerinnen oder Wissenschaftler der GTFCh,de,Young scientist Award,Webseite,Nachwuchspreis für Wissenschaftlerinnen oder Wissenschaftler der GTFCh,Webseite,Gesellschaft für Toxikologische und Forensische Chemie,wissenschaftlicher Sektor,DE,https://www.gtfch.org/cms/index.php/stas-preistraeger-mw-2,Forschung,Wissenschaftlicher Preis,Ja,Keine Angabe,Keine Angabe,Einrichtungs- oder organisationsgebunden,Deutschland; Österreich; Schweiz,Eigenbewerbung,1987,
O004176,,Förderpreis Kunstwissenschaft,de,Art History Award,ORAP,Förderpreis Kunstwissenschaft,Webseite,Vereinigung der Kunsthistorikerinnen und Kunsthistoriker in der Schweiz,wissenschaftlicher Sektor,CH,https://www.vkks.ch/de/aktivitaeten/foerderpreis,Forschung,Wissenschaftlicher Preis,Ja,6000,CHF,DACH,Schweiz,Eigenbewerbung,2005,
O004179,,Forschungspreis Angewandte Kunst,de,Award for Early Career Research in the Applied Arts,Webseite,Forschungspreis Angewandte Kunst,Webseite,Verein der Freunde des Zentralinstituts für Kunstgeschichte,wissenschaftlicher Sektor,DE,https://www.zikg.eu/fellowships/internationale-foerderpreise/forschungspreis-angewandte-kunst,Forschung,Wissenschaftliche Auszeichnung,Ja,7000,EUR,Keine Einschränkung,Keine Einschränkung,Eigenbewerbung,1998,
O004181,,Forschungspreis Ethnographie,de,Research Award Ethnography,ORAP,Forschungspreis Ethnographie,Webseite,Deutsche Gesellschaft für Soziologie,wissenschaftlicher Sektor,DE,https://soziologie.de/sektionen/news/forschungspreis-ethnographie-1,Forschung,Wissenschaftlicher Preis,Nein,1500,EUR,DACH,Deutschland; Österreich; Schweiz,Eigenbewerbung und Nominierung,2016,
O004184,Q57584004,Frege-Preis,de,Frege Award,Webseite,Frege-Preis,Webseite,Gesellschaft für Analytische Philosophie,wissenschaftlicher Sektor,DE,https://www.gap-im-netz.de/de/preise/frege-preis.html,Forschung,Wissenschaftlicher Preis,Nein,Keine Angabe,Keine Angabe,DACH,Deutschland; Österreich; Schweiz,Keine Angabe,2009,
O004186,Q1462893,Friedrich Wilhelm Bessel-Forschungspreis,de,Friedrich Wilhelm Bessel Research Award,Webseite,Friedrich Wilhelm Bessel-Forschungspreis,Webseite,Alexander von Humboldt-Stiftung,wissenschaftlicher Sektor,DE,https://www.humboldt-foundation.de/bewerben/foerderprogramme/friedrich-wilhelm-bessel-forschungspreis,Forschung,Wissenschaftliche Auszeichnung,Nein,60000,EUR,International,alle Länder (außer Deutschland),Nominierung eingeschränkt,2001,
O004188,Q1457858,Friedrich-Weller-Preis,de,Friedrich Weller Prize,ORAP,Friedrich-Weller-Preis,Webseite,Sächsische Akademie der Wissenschaften zu Leipzig,wissenschaftlicher Sektor,DE,https://www.saw-leipzig.de/de/ueber-die-akademie/Friedrich-Weller-Preis,Forschung,Wissenschaftlicher Preis,Nein,2500,EUR,Keine Einschränkung,Keine Einschränkung,Eigenbewerbung und Nominierung,1985,
O004192,,Fritz-Linder-Preis,de,Fritz Linder Prize,ORAP,Fritz-Linder-Preis,Webseite,Deutsche Gesellschaft für Chirurgie,wissenschaftlicher Sektor,DE,https://www.dgch.de/index.php?id=65#c238,Forschung,Wissenschaftlicher Preis,Nein,2500,EUR,DACH,Deutschland; Österreich; Schweiz,Eigenbewerbung,1991,
O004194,Q51135217,Fritz-Winter-Preis,de,Fritz-Winter-Scholarship,Webseite,Fritz-Winter-Preis,Webseite,Fritz-Winter-Stiftung,Stiftungen,DE,https://www.fritz-winter-stiftung.de/de/fritz-winter-preis,Forschung,Wissenschaftlicher Preis,Nein,20000,EUR,Keine Einschränkung,Keine Einschränkung,Nominierung Einrichtung / Gremium,1986,
O004195,,Fulbright American Studies Award,en,Fulbright American Studies Award,Webseite,Fulbright-Preis für Amerikanistik,ORAP,Deutsche Gesellschaft für Amerikastudien e. V.,wissenschaftlicher Sektor,DE,https://dgfa.de/opportunities/fulbright-american-studies-award/,Forschung,Wissenschaftliche Auszeichnung,Ja,10000,EUR,DACH,Deutschland,Eigenbewerbung,1946,
O004196,,Gábor-Szász-Preis,de,Gábor-Szász Prize,Webseite,Gábor-Szász-Preis,Webseite,Deutsche Gesellschaft für Klinische Chemie und Laboratoriumsmedizin,wissenschaftlicher Sektor,DE,https://www.dgkl.de/die-dgkl/auszeichnungen/gabor-szasz-preis,Forschung,Wissenschaftlicher Preis,Nein,15000,EUR,DACH,Deutschland,Nominierung eingeschränkt,1981,
O004205,,Georg-Rudolf-Lind-Förderpreis für Lusitanistik,de,Georg Rudolf Lind Prize for Lusitanian Studies,ORAP,Georg-Rudolf-Lind-Förderpreis für Lusitanistik,Webseite,Deutscher Lusitanistenverband,wissenschaftlicher Sektor,DE,http://lusitanistenverband.de/foerderpreis/,Forschung,Wissenschaftlicher Preis,Ja,500,EUR,DACH,Deutschland; Österreich; Schweiz,Eigenbewerbung,2011,
O004208,,Gerhard-Kittel-Medaille zur Förderung des wissenschaftlichen Nachwuchses,de,Gerhard Kittel Medal for the promotion of young scientists,ORAP,Gerhard-Kittel-Medaille zur Förderung des wissenschaftlichen Nachwuchses,Webseite,Deutsche Gesellschaft für Phoniatrie und Pädaudiologie,wissenschaftlicher Sektor,DE,https://dgpp.de/de/preise-und-auszeichnungen/gerhard-kittel-medaille-zur-foerderung-des-wissenschaftlichen-nachwuchses/,Forschung,Wissenschaftlicher Preis,Ja,1000,EUR,DACH,Deutschland,Nominierung eingeschränkt,2004,2018
O004214,,Preis der GMM,de,Price of the GMM,ORAP,Preis der GMM,Webseite,"VDE/VDI-Gesellschaft Mikroelektronik, Mikrosystem- und Feinwerktechnik",Sonstige,DE,https://www.vde.com/de/gmm/preise-ehrungen/gmm-preis,Forschung,Wissenschaftlicher Preis,Ja,2500,EUR,Einrichtungs- oder organisationsgebunden,Deutschland,Eigenbewerbung und Nominierung,,
O004220,,GSCO-Preis,de,GSCO Prize,ORAP,GSCO-Preis,Webseite,Gesellschaft zum Studium des Christlichen Ostens,wissenschaftlicher Sektor,DE,https://www.gsco.info/de/gsco-preis,Forschung,Wissenschaftlicher Preis,Ja,2000,EUR,DACH,Deutschland; Österreich; Schweiz,Eigenbewerbung,2009,
O004222,,Günter Bock Preis,de,Guenter Bock Prize,ORAP,Günter Bock Preis,Webseite,Deutsche Geophysikalische Gesellschaft,wissenschaftlicher Sektor,DE,https://dgg-online.de/guenter-bock-preis/,Forschung,Wissenschaftlicher Preis,Ja,1000,EUR,DACH,Deutschland; Österreich; Schweiz,Nominierung eingeschränkt,2006,
O004223,,Gustav-Niemann-Förderpreis des VDI,de,Gustav Niemann Award of the VDI,ORAP,Gustav-Niemann-Förderpreis des VDI,Webseite,VDI-Gesellschaft Produkt- und Prozessgestaltung,Sonstige,DE,https://www.vdi.de/ueber-uns/organisation/ehrungen,Forschung,Wissenschaftlicher Preis,Nein,Keine Angabe,Keine Angabe,Keine Angabe,Keine Angabe,Keine Angabe,1995,2010
O004227,,Hannelore Kohl Förderpreis,de,Hannelore Kohl Sponsorship Award,ORAP,Hannelore Kohl Förderpreis,Webseite,Hannelore Kohl Stiftung,Stiftungen,DE,https://www.hannelore-kohl-stiftung.de/projektfoerderung/forschungsfoerderung/hannelore-kohl-foerderpreis/,Forschung,Wissenschaftlicher Preis,Ja,10000,EUR,DACH,Deutschland,Eigenbewerbung,1993,
O004228,Q63052514,Hans-Janssen-Preis,de,Hans Janssen Prize,Webseite,Hans-Janssen-Preis,Webseite,Niedersächsische Akademie der Wissenschaften zu Göttingen,wissenschaftlicher Sektor,DE,https://adw-goe.de/preise/kategorien/hans-janssen-preis/,Forschung,Wissenschaftlicher Preis,Ja,Keine Angabe,Keine Angabe,DACH,Deutschland; Österreich; Schweiz,Eigenbewerbung und Nominierung,1992,
O004233,,Heinz-Mittelmeier-Forschungspreis,de,Heinz Mittelmeier Research Prize,ORAP,Heinz-Mittelmeier-Forschungspreis,Webseite,Deutsche Gesellschaft für Orthopädie und Orthopädische Chirurgie,wissenschaftlicher Sektor,DE,https://dgou.de/preise-stipendien/preise/grundlagenforschung/heinz-mittelmeier-forschungspreis,Forschung,Wissenschaftlicher Preis,Ja,5000,EUR,Keine Einschränkung,Keine Einschränkung,Eigenbewerbung,2003,
O004234,Q130416477,Heinz-Schmidkunz-Preis,de,Heinz Schmidkunz Prize,Webseite,Heinz-Schmidkunz-Preis,Webseite,Gesellschaft Deutscher Chemiker,wissenschaftlicher Sektor,DE,https://www.gdch.de/gdch/preise-und-auszeichnungen/gdch-preise/heinz-schmidkunz-preis.html,Forschung,Wissenschaftlicher Preis,Nein,7500,EUR,DACH,Deutschland,Nominierung offen,2015,
O004236,,Herbert-Lauterbach-Preis,de,Herbert Lauterbach Prize,ORAP,Herbert-Lauterbach-Preis,Webseite,Deutsche Gesellschaft für Unfallchirurgie,wissenschaftlicher Sektor,DE,https://www.bg-kliniken.de/ueber-uns/unser-auftrag/forschung/herbert-lauterbach-preis/,Forschung,Wissenschaftlicher Preis,Nein,15000,EUR,Keine Einschränkung,Keine Einschränkung,Eigenbewerbung,,
O004237,,Hermann-Emminghaus-Preis,de,Hermann Emminghaus Prize,ORAP,Hermann-Emminghaus-Preis,Webseite,"Deutsche Gesellschaft für Kinder- und Jugendpsychiatrie, Psychosomatik und Psychotherapie",wissenschaftlicher Sektor,DE,https://www.dgkjp.de/die-dgkjp/hermann-emminghaus-preis/,Forschung,Wissenschaftlicher Preis,Ja,10000,EUR,DACH,Deutschland; Österreich; Schweiz,Eigenbewerbung und Nominierung,1984,
O004238,,Hermann-Gutzmann-Medaille,de,Hermann Gutzmann Medal,ORAP,Hermann-Gutzmann-Medaille,Webseite,Deutsche Gesellschaft für Phoniatrie und Pädaudiologie,wissenschaftlicher Sektor,DE,https://dgpp.de/de/preise-und-auszeichnungen/hermann-gutzmann-medaille/,Forschung,Wissenschaftlicher Preis,Nein,Kein Preisgeld,Kein Preisgeld,DACH,Deutschland,Keine Angabe,1980,
O004243,,Heyn-Denkmünze,de,The Heyn Commemorative Medal,Webseite,Heyn-Denkmünze,Webseite,Deutsche Gesellschaft für Materialkunde,wissenschaftlicher Sektor,DE,https://dgm.de/de/die-dgm/ehrungen-auszeichnungen/heyn-denkmuenze,Forschung,Wissenschaftlicher Preis,Nein,Keine Angabe,Keine Angabe,Einrichtungs- oder organisationsgebunden,Deutschland,Nominierung Einrichtung / Gremium,1929,
O004310,,Preis der Deutschen Hochschulmedizin,de,Prize of the German University Medicine,ORAP,Preis der Deutschen Hochschulmedizin,Webseite,Deutsche Hochschulmedizin,wissenschaftlicher Sektor,DE,https://www.deutsche-hochschulmedizin.de/themen/preis-der-deutschen-hochschulmedizin-neu/,Forschung,Wissenschaftlicher Preis,Ja,25000,EUR,DACH,Deutschland,Eigenbewerbung,2014,
O004320,,Ivar-Trautschold-Nachwuchsförderpreis,de,Ivar Trautschold Young Scentist Award,Webseite,Ivar-Trautschold-Nachwuchsförderpreis,Webseite,Deutsche Gesellschaft für Klinische Chemie und Laboratoriumsmedizin,wissenschaftlicher Sektor,DE,https://dgkl.de/auszeichnungen/ivar-trautschold-nachwuchsfoerderpreis/,Forschung,Wissenschaftlicher Preis,Ja,10000,EUR,DACH,Deutschland,Eigenbewerbung,1991,
O004322,,JaDe-Preis,de,JaDe Prize,ORAP,JaDe-Preis,Webseite,Stiftung zur Förderung japanisch-deutscher Wissenschafts- und Kulturbeziehungen,Stiftungen,DE,https://www.jadestiftung.org/jade-preis/informationen,Forschung,Wissenschaftlicher Preis,Nein,Keine Angabe,Keine Angabe,International,Deutschland; Japan,Nominierung offen,2000,
O004328,,Johann Peter Süßmilch-Medaille,de,Johann Peter Süßmilch Medal,ORAP,Johann Peter Süßmilch-Medaille,Webseite,"Deutsche Gesellschaft für Medizinische Informatik, Biometrie und Epidemiologie",wissenschaftlicher Sektor,DE,https://www.gmds.de/preise-ehrungen/traeger-der-johann-peter-suessmilch-medaille/,Forschung,Wissenschaftlicher Preis,Ja,2500,EUR,DACH,Deutschland,Eigenbewerbung,1987,
O004332,,Joseph Beuys Preis für Forschung,de,Joseph Beuys Prize for Research,Webseite,Joseph Beuys Preis für Forschung,Webseite,Stiftung Museum Schloss Moyland; Förderverein Museum Schloss Moyland; Volksbank Kleverland,Stiftungen; Stiftungen; wirtschaftlicher Sektor,DE; DE; DE,https://moyland.de/joseph-beuys-archiv/joseph-beuys-preis/,Forschung,Wissenschaftlicher Preis,Ja,10000,EUR,Keine Einschränkung,Keine Einschränkung,Eigenbewerbung,2011,
O004337,,Juliana-Anicia-Preis,de,Juliana Anicia Prize,ORAP,Juliana-Anicia-Preis,Webseite,Verein Spätantike Archäologie und Byzantinische Kunstgeschichte,wissenschaftlicher Sektor,DE,https://sabkmuenchen.com/juliana-anicia-preis/,Forschung,Wissenschaftlicher Preis,Ja,1500,EUR,Keine Einschränkung,Keine Einschränkung,Nominierung eingeschränkt,2002,
O004339,,Julius-Klinkhardt-Preis,de,Julius Klinkhardt Prize,ORAP,Julius-Klinkhardt-Preis,Webseite,Deutsche Gesellschaft für Erziehungswissenschaft,wissenschaftlicher Sektor,DE,https://www.dgfe.de/sektionen-kommissionen-ag/sektion-1-historische-bildungsforschung/julius-klinkhardt-preis,Forschung,Wissenschaftlicher Preis,Ja,1000,EUR,DACH,Deutschland,Keine Angabe,2002,
O004340,Q1729680,Karl-Abetz-Preis,de,Karl Abetz Prize,ORAP,Karl-Abetz-Preis,Webseite,Albert-Ludwigs-Universität Freiburg,wissenschaftlicher Sektor,DE,https://uni-freiburg.de/universitaet/herausragende-leistungen/freiburger-foerderpreise-fuer-wissenschaftlerinnen-in-fruehen-karrierephasen/foerderpreise-der-fakultaet-fuer-umwelt-und-natuerliche-ressourcen/#karl-abetz-preis,Forschung,Wissenschaftlicher Preis,Nein,5000,EUR,Keine Einschränkung,Keine Einschränkung,Keine Angabe,1972,2011
O004343,,Karl-Heinrich-Bauer-Preis,de,Karl Heinrich Bauer Prize,ORAP,Karl-Heinrich-Bauer-Preis,Webseite,Deutsche Gesellschaft für Chirurgie,wissenschaftlicher Sektor,DE,https://www.dgch.de/index.php?id=65#c237,Forschung,Wissenschaftlicher Preis,Nein,4000,EUR,DACH,Deutschland,Eigenbewerbung,1981,
O004344,,Karl-Polanyi-Preis,de,Karl Polanyi Prize,ORAP,Karl-Polanyi-Preis,Webseite,Deutsche Gesellschaft für Soziologie,wissenschaftlicher Sektor,DE,https://soziologie.de/sektionen/wirtschaftssoziologie/karl-polanyi-preis,Forschung,Wissenschaftlicher Preis,Nein,500,EUR,Keine Einschränkung,Keine Einschränkung,Eigenbewerbung und Nominierung,2008,
O004347,Q775898,Karl-Zoeppritz-Preis,de,Karl Zoeppritz Prize,ORAP,Karl-Zoeppritz-Preis,Webseite,Deutsche Geophysikalische Gesellschaft,wissenschaftlicher Sektor,DE,https://dgg-online.de/karl-zoeppritz-preis/,Forschung,Wissenschaftlicher Preis,Ja,1000,EUR,Keine Einschränkung,Keine Einschränkung,Nominierung eingeschränkt,2003,
O004355,Q1793295,Kurt-Hartwig-Siemers-Wissenschaftspreis,de,Kurt Hartwig Siemers Science Prize,ORAP,Kurt-Hartwig-Siemers-Wissenschaftspreis,Webseite,Hamburgische Wissenschaftliche Stiftung,wissenschaftlicher Sektor,DE,https://h-w-s.org/preise/,Forschung,Wissenschaftlicher Preis,Ja,30000,EUR,Einrichtungs- oder organisationsgebunden,Deutschland | Hamburg,Eigenbewerbung,1970,
O004356,,Kurt von Rümker-Preis,de,Kurt von Ruemker Prize,ORAP,Kurt von Rümker-Preis,Webseite,Gesellschaft für Pflanzenbauwissenschaften,wissenschaftlicher Sektor,DE,https://gpz-online.de/home/kurt-von-rumker-preis/,Forschung,Wissenschaftlicher Preis,Ja,Keine Angabe,Keine Angabe,DACH,Deutschland,Eigenbewerbung,1985,
O004358,,Langener Wissenschaftspreis,de,Langen Science Prize,ORAP,Langener Wissenschaftspreis,Webseite,Verein zur Förderung des Langener Wissenschaftsspreises,wissenschaftlicher Sektor,DE,http://www.langener-wissenschaftspreis.de/,Forschung,Wissenschaftlicher Preis,Nein,15000,EUR,DACH,Deutschland,Eigenbewerbung,1993,
O004364,,Ludwig-Wilhelm-Ries-Preis,de,Ludwig Wilhelm Ries Prize,ORAP,Ludwig-Wilhelm-Ries-Preis,Webseite,VDI-Gesellschaft Technologies of Life Sciences,Sonstige,DE,https://www.vdi.de/ueber-uns/organisation/ehrungen,Forschung,Wissenschaftlicher Preis,Ja,750,EUR,DACH,Deutschland; Österreich; Schweiz,Eigenbewerbung und Nominierung,1982,
O004372,,Masing-Gedächtnispreis,de,Masing Memorial Prize,Webseite,Masing-Gedächtnispreis,Webseite,Deutsche Gesellschaft für Materialkunde,wissenschaftlicher Sektor,DE,https://dgm.de/de/die-dgm/ehrungen-auszeichnungen/masing-gedaechtnispreis,Forschung,Wissenschaftlicher Preis,Ja,Keine Angabe,Keine Angabe,Einrichtungs- oder organisationsgebunden,Deutschland,Nominierung Einrichtung / Gremium,1957,
O004373,,Metallographie-Preis,de,Materialography Prize,Webseite,Metallographie-Preis,Webseite,Deutsche Gesellschaft für Materialkunde,wissenschaftlicher Sektor,DE,https://dgm.de/de/die-dgm/ehrungen-auszeichnungen/metallographie-preis,Forschung,Wissenschaftlicher Preis,Nein,1700,EUR,DACH,Deutschland,Nominierung eingeschränkt,,
O004374,Q1912134,Max-Weber-Preis,de,Max Weber Prize,Webseite,Max-Weber-Preis,Webseite,Bayerische Akademie der Wissenschaften,wissenschaftlicher Sektor,DE,https://badw.de/gelehrtengemeinschaft/preise-und-medaillen.html,Forschung,Wissenschaftlicher Preis,Ja,4000,EUR,DACH,Deutschland,Nominierung eingeschränkt,1994,
O004380,,Wolfgang-Müller-Osten-Preis,de,Wolfgang Müller Osten Prize,ORAP,Wolfgang-Müller-Osten-Preis,Webseite,Deutsche Gesellschaft für Chirurgie,wissenschaftlicher Sektor,DE,https://www.dgch.de/index.php?id=65&L=288#c242,Forschung,Wissenschaftlicher Preis,Nein,8000,EUR,DACH,Deutschland,Eigenbewerbung,2001,
O004381,,Förderpreis der DGfE,de,GERA Emerging Researchers Award,Webseite,Förderpreis der DGfE,Webseite,Deutsche Gesellschaft für Erziehungswissenschaft,wissenschaftlicher Sektor,DE,https://www.dgfe.de/dgfe-wir-ueber-uns/foerderpreis,Forschung,Wissenschaftlicher Preis,Ja,1500,EUR,DACH,Deutschland; Österreich; Schweiz,Nominierung offen,1986,
O004386,,DGKK-Preis für Nachwuchswissenschaftler,de,DGKK prize for young scientists,ORAP,DGKK-Preis für Nachwuchswissenschaftler,Webseite,Deutsche Gesellschaft für Kristallwachstum und Kristallzüchtung,wissenschaftlicher Sektor,DE,https://www.dgkk.de/de/junge-dgkk/nachwuchspreis-junge-dgkk,Forschung,Wissenschaftlicher Preis,Ja,2500,EUR,DACH,Deutschland,Nominierung eingeschränkt,2003,
O004387,,"Nachwuchspreis für herausragende Dissertationen im Bereich der Körper-, Bewegungs- und Sportsoziologie",de,"Award for outstanding dissertations in the field of the sociology of the body, movement and sports",Webseite,"Nachwuchspreis für herausragende Dissertationen im Bereich der Körper-, Bewegungs- und Sportsoziologie",Webseite,Deutsche Gesellschaft für Soziologie,wissenschaftlicher Sektor,DE,https://soziologie.de/sektionen/soziologie-des-koerpers-und-des-sports/dissertationspreis,Forschung,Wissenschaftlicher Preis,Ja,500,EUR,Einrichtungs- oder organisationsgebunden,International,Eigenbewerbung,2012,
O004398,,Novartis-Preis der DGP,de,Novartis Prize of the DGP,ORAP,Novartis-Preis der DGP,Webseite,Deutsche Gesellschaft für Pathologie,wissenschaftlicher Sektor,DE,https://www.pathologie-dgp.de/nachwuchs/preise-und-ausschreibungen-der-dgp/,Forschung,Wissenschaftlicher Preis,Nein,10000,EUR,DACH,Deutschland; Österreich; Schweiz,Eigenbewerbung,2012,
O004401,,Otto-Borst-Preis zur Förderung des wissenschaftlichen Nachwuchses,de,Otto Borst Prize for the promotion of young scientists,ORAP,Otto-Borst-Preis zur Förderung des wissenschaftlichen Nachwuchses,Webseite,Forum Stadt - Netzwerk historischer Städte,Sonstige,DE,http://www.forum-stadt.eu/start/Otto_Borst_Preis/Wissenschaftspreis.html,Forschung,Wissenschaftlicher Preis,Ja,3000,EUR,DACH,Deutschland; Österreich; Schweiz,Eigenbewerbung,2005,
O004406,,Otto-Winkler-Ehrenmedaille,de,Otto Winkler Medal of Honor,ORAP,Otto-Winkler-Ehrenmedaille,Webseite,VDI/VDE-Gesellschaft Mess- und Automatisierungstechnik,wissenschaftlicher Sektor,DE,https://www.vdi.de/ueber-uns/organisation/ehrungen,Forschung,Wissenschaftlicher Preis,Nein,Kein Preisgeld,Kein Preisgeld,Keine Angabe,Keine Angabe,Eigenbewerbung und Nominierung,1998,
O004424,,Preis der Akademie - gestiftet von der Monika Kutzner Stiftung,de,Prize of the Berlin-Brandenburg Academy of Sciences and Humanities - donated by the Monika Kutzner Foundation for the Advancement of Cancer Research -,Webseite,Preis der Akademie - gestiftet von der Monika Kutzner Stiftung,Webseite,Berlin-Brandenburgische Akademie der Wissenschaften,wissenschaftlicher Sektor,DE,https://www.bbaw.de/die-akademie/auszeichnungen/preise/preis-der-akademie-gestiftet-von-der-monika-kutzner-stiftung,Forschung,Wissenschaftlicher Preis,Nein,10000,EUR,Keine Einschränkung,Keine Einschränkung,Nominierung eingeschränkt,1998,
O004430,,Preis der Fritz Thyssen Stiftung für sozialwissenschaftliche Aufsätze,de,Fritz Thyssen Foundation Prize for essays in the social sciences,ORAP,Preis der Fritz Thyssen Stiftung für sozialwissenschaftliche Aufsätze,Webseite,Fritz Thyssen Stiftung,wissenschaftlicher Sektor,DE,https://www.fritz-thyssen-stiftung.de/fundings/preis-der-fritz-thyssen-stiftung-fuer-sozialwissenschaftliche-aufsaetze/,Forschung,Wissenschaftlicher Preis,Nein,3000,EUR,DACH,Deutschland; Österreich; Schweiz,Nominierung eingeschränkt,1981,
O004437,,Preis für Geisteswissenschaften,de,Prize for the Humanities,ORAP,Preis für Geisteswissenschaften,Webseite,Niedersächsische Akademie der Wissenschaften zu Göttingen,wissenschaftlicher Sektor,DE,https://adw-goe.de/preise/kategorien/preis-fuer-geisteswissenschaften/,Forschung,Wissenschaftlicher Preis,Ja,Keine Angabe,Keine Angabe,Keine Einschränkung,Keine Einschränkung,Nominierung eingeschränkt,2007,
O004438,,Preis für herausragende Leistungen auf dem Gebiet der öffentlichen Wirksamkeit der Soziologie,de,Prize for outstanding achievements in the field of public effectiveness in sociology,ORAP,Preis für herausragende Leistungen auf dem Gebiet der öffentlichen Wirksamkeit der Soziologie,Webseite,Deutsche Gesellschaft für Soziologie,wissenschaftlicher Sektor,DE,https://soziologie.de/dgs/preise/preis-fuer-herausragende-leistungen-auf-dem-gebiet-der-oeffentlichen-wirksamkeit-der-soziologie,Transfer,Wissenschaftlicher Preis,Nein,Keine Angabe,Keine Angabe,DACH,Deutschland,Nominierung offen,2000,
O004441,,Preis für Recht und Gesellschaft,de,Prize for Law and Society,ORAP,Preis für Recht und Gesellschaft,Webseite,Christa-Hoffmann-Riem-Stiftung; Vereinigung für Recht & Gesellschaft,Stiftungen; Sonstige,DE; DE,https://rechtssoziologie.info/aktivitaeten/preis-fuer-recht-und-gesellschaft/,Forschung,Wissenschaftlicher Preis,Nein,2500,EUR,Keine Einschränkung,Keine Einschränkung,Keine Angabe,2000,
O004455,,Promotionspreis der Sektion Medienpädagogik,de,Dissertation Award of the Division for Media Education,Webseite,Promotionspreis der Sektion Medienpädagogik,Webseite,Deutsche Gesellschaft für Erziehungswissenschaft,wissenschaftlicher Sektor,DE,https://www.dgfe.de/sektionen-kommissionen-ag/sektion-12-medienpaedagogik/promotionspreis,Forschung,Wissenschaftlicher Preis,Ja,500,EUR,DACH,Deutschland; Österreich; Schweiz,Nominierung eingeschränkt,2011,
O004462,,René-König-Lehrbuchpreis,de,René Koenig Textbook Prize,ORAP,René-König-Lehrbuchpreis,Webseite,Deutsche Gesellschaft für Soziologie,wissenschaftlicher Sektor,DE,https://soziologie.de/dgs/preise/rene-koenig-lehrbuchpreis,Lehre,Wissenschaftlicher Preis,Nein,500,EUR,DACH,Deutschland; Österreich; Schweiz,Eigenbewerbung und Nominierung,1998,
O004465,,Richard Hamann-Preis für Kunstgeschichte,de,Richard Hamann Prize for Art History,ORAP,Richard Hamann-Preis für Kunstgeschichte,Webseite,Philipps-Universität Marburg,wissenschaftlicher Sektor,DE,https://www.uni-marburg.de/de/universitaet/profil/universitaetundgesellschaft/auszeichnungen/uebersicht,Forschung,Wissenschaftlicher Preis,Nein,5000,EUR,DACH,Deutschland,Nominierung Einrichtung / Gremium,2009,2016
O004468,,Richard-Vieweg-Ehrenmedaille,de,Richard Vieweg Medal of Honor,ORAP,Richard-Vieweg-Ehrenmedaille,Webseite,VDI-Gesellschaft Materials Engineering,Sonstige,DE,https://www.vdi.de/ueber-uns/organisation/ehrungen,Forschung,Wissenschaftlicher Preis,Nein,Kein Preisgeld,Kein Preisgeld,Einrichtungs- oder organisationsgebunden,Deutschland,Keine Angabe,1978,
O004471,,Robert-Mayer-Preis,de,Robert Mayer Prize,ORAP,Robert-Mayer-Preis,Webseite,VDI-Gesellschaft Energie und Umwelt,Sonstige,DE,https://www.vdi.de/news/detail/preise-stipendien-wettbewerbe,Sonstiges,Wissenschaftlicher Preis,Nein,3000,EUR,DACH,Deutschland,Eigenbewerbung und Nominierung,1979,
O004472,,Roland-Mitsche-Preis,de,Roland Mitsche Prize,ORAP,Roland-Mitsche-Preis,Webseite,Fachverband der Metallindustrie der Österreichischen Bundeskammer der gewerblichen Wirtschaft; Austrian Society for Metallurgy and Materials; Deutsche Gesellschaft für Materialkunde,Sonstige; wissenschaftlicher Sektor; wissenschaftlicher Sektor,AT; AT; DE,https://asmet.org/ueber-uns/auszeichnungen/roland-mitsche-preis/,Forschung,Wissenschaftlicher Preis,Nein,2400,EUR,DACH,Deutschland; Österreich,Nominierung Einrichtung / Gremium,1984,
O004474,,Rolf-Kentner-Dissertationspreis,de,Rolf Kentner Dissertation Prize,Webseite,Rolf-Kentner-Dissertationspreis,Webseite,Universität Heidelberg,wissenschaftlicher Sektor,DE,https://www.hca.uni-heidelberg.de/forschung/kentnerpreis.html,Forschung,Wissenschaftlicher Preis,Ja,1000,EUR,DACH,Deutschland,Eigenbewerbung,2010,
O004475,,Romanikforschungspreis,de,Romanesque Research Prize,ORAP,Romanikforschungspreis,Webseite,Martin-Luther-Universität Halle-Wittenberg,wissenschaftlicher Sektor,DE,https://blogs.urz.uni-halle.de/romanikzentrum/romanik-forschungspreis/,Forschung,Wissenschaftlicher Preis,Ja,2000,EUR,Keine Einschränkung,Keine Einschränkung,Nominierung Einrichtung / Gremium,2011,
O004477,,Rudolf-Günther-Preis,de,Rudolf Günther Award,Webseite,Rudolf-Günther-Preis,Webseite,Deutsche Vereinigung für Verbrennungsforschung; Combustion Institute,wissenschaftlicher Sektor; wissenschaftlicher Sektor,DE; US,https://www.combustioninstitute.de/rgpreis.php,Forschung,Wissenschaftlicher Preis,Nein,Kein Preisgeld,Kein Preisgeld,DACH,Deutschland,Nominierung eingeschränkt,1997,
O004479,Q2172281,Rudolf-Virchow-Medaille,de,Rudolf Virchow Medal,ORAP,Rudolf-Virchow-Medaille,Webseite,Deutsche Gesellschaft für Pathologie,wissenschaftlicher Sektor,DE,https://www.pathologie-dgp.de/die-dgp/rudolf-virchow-stiftung/#c118,Forschung,Wissenschaftlicher Preis,Nein,Keine Angabe,Keine Angabe,DACH,Deutschland; Schweiz,Keine Angabe,1981,
O004480,,Rudolf-Virchow-Preis,de,Rudolf Virchow Prize,ORAP,Rudolf-Virchow-Preis,Webseite,Deutsche Gesellschaft für Pathologie,wissenschaftlicher Sektor,DE,https://www.pathologie-dgp.de/die-dgp/rudolf-virchow-stiftung/#c117,Forschung,Wissenschaftlicher Preis,Ja,5000,EUR,DACH,Deutschland; Schweiz,Eigenbewerbung,1980,
O004482,,Rüsch-Forschungspreis,de,Rüsch Research Prize,ORAP,Rüsch-Forschungspreis,Webseite,Deutscher Beton- und Bautechnik-Verein,Sonstige,DE,https://www.betonverein.de/ruesch-forschungspreis,Forschung,Wissenschaftlicher Preis,Ja,5000,EUR,DACH,Deutschland,Eigenbewerbung,1983,
O004489,,Scherer-Medaille,de,Scherer Medal,ORAP,Scherer-Medaille,Webseite,Deutsche Gesellschaft für Klinische Chemie und Laboratoriumsmedizin,wissenschaftlicher Sektor,DE,https://dgkl.de/auszeichnungen/scherer-medaille/,Forschung,Wissenschaftlicher Preis,Nein,Keine Angabe,Keine Angabe,Keine Einschränkung,Keine Einschränkung,Nominierung Einrichtung / Gremium,1978,
O004490,,Schilling Forschungspreis der Neurowissenschaftlichen Gesellschaft,de,Schilling Research Award of the GNS,Webseite,Schilling Forschungspreis der Neurowissenschaftlichen Gesellschaft,Webseite,Neurowissenschaftliche Gesellschaft,wissenschaftlicher Sektor,DE,https://nwg-info.de/de/karriere/preise/schilling/ausschreibung,Forschung,Wissenschaftlicher Preis,Ja,20000,EUR,DACH,Deutschland,Eigenbewerbung und Nominierung,2005,
O004502,,Stauferpreis,de,Staufer Prize,ORAP,Stauferpreis,Webseite,Stauferstiftung Göppingen,Stiftungen,DE,https://www.stauferstiftung.de/stauferpreis/stauferpreis-informationen/,Forschung,Wissenschaftlicher Preis,Ja,5000,EUR,Keine Einschränkung,Keine Einschränkung,Eigenbewerbung,1994,
O004503,,Stephan-Weiland-Preis,de,Stephan Weiland Prize,ORAP,Stephan-Weiland-Preis,Webseite,Deutsche Gesellschaft für Epidemiologie,wissenschaftlicher Sektor,DE,https://www.dgepi.de/de/tagungen-and-fortbildungen/preise-und-stipendien/,Forschung,Wissenschaftlicher Preis,Ja,1000,EUR,Einrichtungs- oder organisationsgebunden,Deutschland,Eigenbewerbung,2009,
O004506,Q1503429,Georg-Philipp-Telemann-Preis,de,Georg Philipp Telemann Prize,ORAP,Georg-Philipp-Telemann-Preis,Webseite,Stadt Magdeburg,öffentlicher Sektor,DE,http://www.magdeburg.de/Start/Bürger-Stadt/Stadt/Ehrungen-Preise/Georg-Philipp-Telemann-Preis,Forschung,Wissenschaftlicher Preis,Nein,2500,EUR,Keine Einschränkung,Keine Einschränkung,Nominierung Einrichtung / Gremium,1987,
O004519,,Themistocles-Gluck-Preis,de,Themistocles Gluck Prize,ORAP,Themistocles-Gluck-Preis,Webseite,Deutsche Gesellschaft für Orthopädie und Orthopädische Chirurgie,wissenschaftlicher Sektor,DE,https://dgou.de/preise-stipendien/preise/klinische-forschung/themistocles-gluck-preis,Forschung,Wissenschaftlicher Preis,Nein,5000,EUR,Keine Einschränkung,Keine Einschränkung,Eigenbewerbung,2000,
O004521,,Theodor-Fischer-Preis,de,Theodor Fischer Award,Webseite,Theodor-Fischer-Preis,Webseite,Verein der Freunde des Zentralinstituts für Kunstgeschichte,wissenschaftlicher Sektor,DE,https://www.zikg.eu/fellowships/internationale-foerderpreise/theodor-fischer-preis,Forschung,Wissenschaftliche Auszeichnung,Ja,7000,EUR,Keine Einschränkung,Keine Einschränkung,Eigenbewerbung,2002,
O004522,,Theorie- und Wissenschaftspreis der Kinder- und Jugendhilfe,de,Theory and science prize for child and youth welfare,ORAP,Theorie- und Wissenschaftspreis der Kinder- und Jugendhilfe,Webseite,Arbeitsgemeinschaft für Kinder- und Jugendhilfe,Stiftungen,DE,"https://www.agj.de/projekte/deutscher-kinder-und-jugendhilfepreis.html#:~:text=In%20der%20Kategorie%20Theorie%2D%20und,und%20Jugendhilfe%20neue%20Impulse%20geben.",Forschung,Wissenschaftlicher Preis,Ja,4000,EUR,DACH,Deutschland,Eigenbewerbung,1955,
O004527,Q30057596,Tiburtius-Preis - Preis der Berliner Hochschulen,de,Tiburtius Prize - Prize of the Berlin Universities,ORAP,Tiburtius-Preis - Preis der Berliner Hochschulen,Webseite,Landeskonferenz der Rektoren und Präsidenten der Berliner Hochschulen,wissenschaftlicher Sektor,DE,https://www.fu-berlin.de/sites/drs/funding/awards/tiburtius.html,Forschung,Wissenschaftlicher Preis,Ja,4000,EUR,DACH,Deutschland | Berlin,Nominierung eingeschränkt,2003,
O004540,,USEWARE-Preis,de,USEWARE Prize,ORAP,USEWARE-Preis,Webseite,VDI/VDE-Gesellschaft Mess- und Automatisierungstechnik,wissenschaftlicher Sektor,DE,https://www.vdi.de/ueber-uns/organisation/ehrungen,Forschung,Wissenschaftlicher Preis,Nein,Keine Angabe,Keine Angabe,DACH,Deutschland,Eigenbewerbung und Nominierung,2005,2016
O004541,,Klee-Preis,de,Klee Prize,ORAP,Klee-Preis,Webseite,VDE Verband der Elektrotechnik Elektronik Informationstechnik e.V.,Sonstige,DE,https://www.vde.com/de/dgbmt/preise-ehrungen/klee-preis,Forschung,Wissenschaftlicher Preis,Ja,6000,EUR,DACH,Deutschland,Eigenbewerbung,1997,
O004542,,VDE Ehrenmedaille,de,VDE Medal of Honor,ORAP,VDE Ehrenmedaille,Webseite,VDE Verband der Elektrotechnik Elektronik Informationstechnik e.V.,Sonstige,DE,https://www.vde.com/de/etg/preise-ehrungen/etg-ehrenmedaille-startseite,Sonstiges,Wissenschaftliche Auszeichnung,Nein,Kein Preisgeld,Kein Preisgeld,Keine Angabe,Keine Angabe,Nominierung eingeschränkt,2008,
O004545,,Johann-Philip-Reis-Preis,de,Johann-Philip-Reis-Prize,ORAP,Johann-Philip-Reis-Preis,Webseite,VDE Verband der Elektrotechnik Elektronik Informationstechnik e.V.,Sonstige,DE,https://www.vde.com/de/itg/preise-ehrungen/johann-philipp-reis-preis,Forschung,Wissenschaftlicher Preis,Ja,10000,EUR,DACH,Deutschland,Eigenbewerbung und Nominierung,1987,
O004546,,Wissenschaftspreis der Informations- und Kommunikationstechnik der ITG,de,ITG Science Prize for Information and Communication Technology,ORAP,Wissenschaftspreis der Informations- und Kommunikationstechnik der ITG,Webseite,VDE Verband der Elektrotechnik Elektronik Informationstechnik e.V.,Sonstige,DE,https://www.vde.com/de/itg/preise-ehrungen/wissenschaftspreis,Forschung,Wissenschaftlicher Preis,Nein,5000,EUR,DACH,Deutschland,Nominierung eingeschränkt,2014,
O004547,,VDE ITG Preis,de,VDE ITG Award,ORAP,VDE ITG Preis,Webseite,VDE Verband der Elektrotechnik Elektronik Informationstechnik e.V.,Sonstige,DE,https://www.vde.com/de/itg/preise-ehrungen/literaturpreis,Forschung,Wissenschaftlicher Preis,Nein,3000,EUR,Einrichtungs- oder organisationsgebunden,Deutschland,Eigenbewerbung,2014,
O004557,,Von-Langenbeck-Preis,de,Von Langenbeck Prize,ORAP,Von-Langenbeck-Preis,Webseite,Deutsche Gesellschaft für Chirurgie,wissenschaftlicher Sektor,DE,https://www.dgch.de/index.php?id=65#c235,Forschung,Wissenschaftlicher Preis,Nein,10500,EUR,Einrichtungs- oder organisationsgebunden,Deutschland; Österreich; Schweiz,Eigenbewerbung,1954,
O004558,,VSJF-Preis,de,VSJF Prize,ORAP,VSJF-Preis,Webseite,Vereinigung für sozialwissenschaftliche Japanforschung,wissenschaftlicher Sektor,DE,https://vsjf.net/die-vsjf/vsjf-preis/,Forschung,Wissenschaftlicher Preis,Ja,500,EUR,Keine Einschränkung,Keine Einschränkung,Eigenbewerbung und Nominierung,2011,
O004560,Q2543351,Walter-Kertz-Medaille,de,Walter Kertz Medal,ORAP,Walter-Kertz-Medaille,Webseite,Deutsche Geophysikalische Gesellschaft,wissenschaftlicher Sektor,DE,https://dgg-online.de/walter-kertz/,Forschung,Wissenschaftlicher Preis,Nein,Keine Angabe,Keine Angabe,Keine Einschränkung,Keine Einschränkung,Eigenbewerbung,2000,
O004568,Q2571570,Wilhelm-Wundt-Medaille,de,Wilhelm Wundt Medal,ORAP,Wilhelm-Wundt-Medaille,Webseite,Deutsche Gesellschaft für Psychologie,wissenschaftlicher Sektor,DE,https://www.dgps.de/die-dgps/preise-und-ehrungen/wilhelm-wundt-medaille/,Forschung,Wissenschaftlicher Preis,Nein,Keine Angabe,Keine Angabe,Einrichtungs- oder organisationsgebunden,Deutschland,Nominierung eingeschränkt,1952,
O004570,,Wissenschaftlicher Förderpreis des Botschafters der Republik Polen,de,Scientific Award of the Ambassador of the Republic of Poland,ORAP,Wissenschaftlicher Förderpreis des Botschafters der Republik Polen,Webseite,Botschafter der Republik Polen in der Bundesrepublik Deutschland,öffentlicher Sektor,PL,https://cbh.pan.pl/de/wissenschaftlicher-f%C3%B6rderpreis-des-botschafters-der-republik-polen-20222023,Forschung,Wissenschaftlicher Preis,Ja,Keine Angabe,Keine Angabe,DACH,Deutschland,Eigenbewerbung und Nominierung,2008,
O004577,,Wolfgang Hartmann Preis,de,Wolfgang Hartmann Prize,ORAP,Wolfgang Hartmann Preis,Webseite,Kuratorium Wolfgang Hartmann Preis,Stiftungen,DE,http://www.wolfganghartmannpreis.de/,Transfer,Wissenschaftliche Auszeichnung,Ja,3000,EUR,DACH,Deutschland,Eigenbewerbung,2003,2016
O004578,,Wolfgang-Kaupen-Preis,de,Wolfgang Kaupen Prize,ORAP,Wolfgang-Kaupen-Preis,Webseite,Deutsche Gesellschaft für Soziologie,wissenschaftlicher Sektor,DE,https://soziologie.de/sektionen/rechtssoziologie/wolfgang-kaupen-preis-der-sektion-rechtssoziologie,Forschung,Wissenschaftlicher Preis,Nein,500,EUR,Einrichtungs- oder organisationsgebunden,Deutschland; Österreich; Schweiz,Nominierung eingeschränkt,2009,
O004579,,Wolfgang-Ratjen-Preis,de,Wolfgang Ratjen Award,Webseite,Wolfgang-Ratjen-Preis,Webseite,Verein der Freunde des Zentralinstituts für Kunstgeschichte,wissenschaftlicher Sektor,DE,https://www.zikg.eu/fellowships/internationale-foerderpreise/wolfgang-ratjen-preis,Forschung,Wissenschaftliche Auszeichnung,Ja,7000,EUR,Keine Einschränkung,Keine Einschränkung,Eigenbewerbung,1995,
O004584,,Fraunhofer-Bessel-Forschungspreis,de,Fraunhofer-Bessel Research Award,Webseite,Fraunhofer-Bessel-Forschungspreis,Webseite,Alexander von Humboldt-Stiftung,wissenschaftlicher Sektor,DE,https://www.humboldt-foundation.de/bewerben/foerderprogramme/fraunhofer-bessel-forschungspreis,Forschung,Wissenschaftliche Auszeichnung,Nein,45000,EUR,International,alle Länder (außer Deutschland),Nominierung Einrichtung / Gremium,2006,
O004585,Q32668689,Georg Forster-Forschungspreis,de,Georg Forster Research Award,Webseite,Georg Forster-Forschungspreis,Webseite,Alexander von Humboldt-Stiftung,wissenschaftlicher Sektor,DE,https://www.humboldt-foundation.de/bewerben/foerderprogramme/georg-forster-forschungspreis,Forschung,Wissenschaftliche Auszeichnung,Nein,60000,EUR,International,Entwicklungs- und Schwellenländer,Nominierung eingeschränkt,2012,
O004586,Q873412,Humboldt-Forschungspreis,de,Humboldt Research Award,Webseite,Humboldt-Forschungspreis,Webseite,Alexander von Humboldt-Stiftung,wissenschaftlicher Sektor,DE,https://www.humboldt-foundation.de/bewerben/foerderprogramme/humboldt-forschungspreis,Forschung,Wissenschaftliche Auszeichnung,Nein,80000,EUR,International,alle Länder (außer Deutschland),Nominierung eingeschränkt,1972,
O004587,,Konrad Adenauer-Forschungspreis,de,Konrad Adenauer Research Award,Webseite,Konrad Adenauer-Forschungspreis,Webseite,Alexander von Humboldt-Stiftung,wissenschaftlicher Sektor,DE,https://www.humboldt-foundation.de/bewerben/foerderprogramme/konrad-adenauer-forschungspreis,Forschung,Wissenschaftliche Auszeichnung,Nein,80000,EUR,International,Kanada,Nominierung eingeschränkt,1989,
O004589,,Reimar Lüst-Preis für Internationale Wissenschafts- und Kulturvermittlung,de,Reimar Lüst Award for International Scholarly and Cultural Exchange,Webseite,Reimar Lüst-Preis für Internationale Wissenschafts- und Kulturvermittlung,Webseite,Alexander von Humboldt-Stiftung,wissenschaftlicher Sektor,DE,https://www.humboldt-foundation.de/bewerben/foerderprogramme/reimar-luest-preis,Forschung,Wissenschaftliche Auszeichnung,Nein,80000,EUR,International,alle Länder (außer Deutschland),Nominierung eingeschränkt,2007,
O010002,Q52679105,Ars legendi-Preis für exzellente Hochschullehre,de,Ars legendi prize for excellent university teaching,ORAP,Ars legendi-Preis für exzellente Hochschullehre,Webseite,Stifterverband für die Deutsche Wissenschaft; Hochschulrektorenkonferenz,wissenschaftlicher Sektor; wissenschaftlicher Sektor,DE; DE,https://www.stifterverband.org/ars-legendi-preis,Lehre,Wissenschaftlicher Preis,Nein,30000,EUR,DACH,Deutschland,Eigenbewerbung und Nominierung,2006,
O010023,Q27926786,Heinz-Maier-Leibnitz-Medaille,de,Heinz Maier-Leibnitz Medal,Webseite,Heinz-Maier-Leibnitz-Medaille,Webseite,Technische Universität München,wissenschaftlicher Sektor,DE,https://www.tum.de/ueber-die-tum/daten-und-fakten/auszeichnungen-und-ehrungen/auszeichnungen-der-universitaet/heinz-maier-leibnitz-medaille,Forschung,Wissenschaftlicher Preis,Nein,Kein Preisgeld,Kein Preisgeld,Einrichtungs- oder organisationsgebunden,Deutschland | Bayern | München,Keine Angabe,1997,
O010026,Q876438,Erwin Schrödinger-Preis,de,Erwin Schroedinger Award,Webseite,Erwin Schrödinger-Preis,Webseite,Österreichische Akademie der Wissenschaften,wissenschaftlicher Sektor,AT,https://stipendien.oeaw.ac.at/preise/naturwissenschaften/erwin-schroedinger-preis,Forschung,Wissenschaftlicher Preis,Nein,15000,EUR,DACH,Österreich,Nominierung eingeschränkt,1956,
O010032,Q19833995,Aachener Ingenieurpreis,de,Aachen Engineering Award,Webseite,Aachener Ingenieurpreis,Webseite,Rheinisch-Westfälische Technische Hochschule Aachen; Stadt Aachen,wissenschaftlicher Sektor; öffentlicher Sektor,DE; DE,https://www.ingenieurpreis-ac.de/de/preis/,Sonstiges,Wissenschaftlicher Preis,Nein,Kein Preisgeld,Kein Preisgeld,DACH,Deutschland,Nominierung Einrichtung / Gremium,2014,
O010045,Q110408462,Adalbert-Ricken-Preis,de,Adalbert Ricken Prize,ORAP,Adalbert-Ricken-Preis,Webseite,Deutsche Gesellschaft für Mykologie,wissenschaftlicher Sektor,DE,https://www.dgfm-ev.de/veranstaltungen-und-foerderpreise/ricken-preis,Forschung,Wissenschaftlicher Preis,Ja,1500,EUR,DACH,Deutschland,Nominierung eingeschränkt,1987,
O010050,Q360556,Adolf-Fick-Preis,de,Adolf Fick Prize,ORAP,Adolf-Fick-Preis,Webseite,Physikalisch-Medizinischen Gesellschaft Würzburg,wissenschaftlicher Sektor,DE,https://www.physiologische-gesellschaft.de/preise/adolf-fick-preis-2024/,Forschung,Wissenschaftlicher Preis,Nein,Keine Angabe,Keine Angabe,Keine Einschränkung,Keine Einschränkung,Nominierung eingeschränkt,1929,
O010051,Q78776304,Adolf-Juckenack-Medaille,de,Adolf Juckenack Medal,Webseite,Adolf-Juckenack-Medaille,Webseite,Gesellschaft Deutscher Chemiker,wissenschaftlicher Sektor,DE,https://www.gdch.de/netzwerk-strukturen/fachstrukturen/lebensmittelchemische-gesellschaft/preise-und-ehrungen.html,Sonstiges,Wissenschaftlicher Preis,Nein,Kein Preisgeld,Kein Preisgeld,DACH,Deutschland; Österreich; Schweiz,Nominierung Einrichtung / Gremium,1982,
O010065,Q16054252,Albert-Defant-Medaille,de,Albert Defant Medal,ORAP,Albert-Defant-Medaille,Webseite,Deutsche Meteorologische Gesellschaft,wissenschaftlicher Sektor,DE,https://www.dmg-ev.de/aktivitaeten/auszeichnungen/albert-defant-medaille/,Forschung,Wissenschaftlicher Preis,Nein,Kein Preisgeld,Kein Preisgeld,Keine Einschränkung,Keine Einschränkung,Nominierung eingeschränkt,1986,
O010066,Q17712,Albert Einstein-Medaille,de,Albert Einstein Medal,Webseite,Albert Einstein-Medaille,Webseite,Albert Einstein-Gesellschaft,wissenschaftlicher Sektor,CH,http://www.einstein-bern.ch/en/einstein-society,Forschung,Wissenschaftlicher Preis,Nein,Keine Angabe,Keine Angabe,Keine Einschränkung,Keine Einschränkung,Keine Angabe,1979,
O010071,Q48756402,Albrecht-von-Graefe-Medaille,de,Albrecht von Graefe Medal,ORAP,Albrecht-von-Graefe-Medaille,Webseite,Berliner Medizinische Gesellschaft,wissenschaftlicher Sektor,DE,https://berliner-medizinische-gesellschaft.de/ehrungen/albrecht-von-graefe-medaille/,Forschung,Wissenschaftlicher Preis,Nein,Keine Angabe,Keine Angabe,Keine Einschränkung,Keine Einschränkung,Keine Angabe,1980,
O010084,Q15782335,Alfred-Binet-Preis,de,Alfred Binet Prize,ORAP,Alfred-Binet-Preis,Webseite,Deutsche Gesellschaft für Psychologie,wissenschaftlicher Sektor,DE,https://www.dgps.de/fachgruppen/fgdf/aktivitaeten/preise-ehrungen/,Forschung,Wissenschaftlicher Preis,Nein,1500,EUR,DACH,Deutschland; Österreich; Schweiz,Nominierung eingeschränkt,2001,
O010092,Q29842705,Alzheimer-Forschungspreis,de,Alzheimer's Research Prize,ORAP,Alzheimer-Forschungspreis,Webseite,Hans und Ilse Breuer Stiftung,Stiftungen,DE,https://breuerstiftung.de/forschungspreis/,Forschung,Wissenschaftlicher Preis,Nein,100000,EUR,Keine Einschränkung,Keine Einschränkung,Nominierung Einrichtung / Gremium,2006,
O010104,Q56611537,Anneliese Maier-Forschungspreis,de,Anneliese Maier Research Award,Webseite,Anneliese Maier-Forschungspreis,Webseite,Alexander von Humboldt-Stiftung,wissenschaftlicher Sektor,DE,https://www.humboldt-foundation.de/entdecken/newsroom/dossier-anneliese-maier-forschungspreis,Forschung,Wissenschaftliche Auszeichnung,Nein,250000,EUR,International,alle Länder (außer Deutschland),Nominierung eingeschränkt,2012,2018
O010113,Q694738,Arnold-Sommerfeld-Preis,de,Arnold Sommerfeld Prize,ORAP,Arnold-Sommerfeld-Preis,Webseite,Bayerische Akademie der Wissenschaften,wissenschaftlicher Sektor,DE,https://badw.de/gelehrtengemeinschaft/preise-und-medaillen.html,Forschung,Wissenschaftlicher Preis,Ja,4000,EUR,DACH,Deutschland,Nominierung Einrichtung / Gremium,1994,
O010120,Q21834553,Artur-Pappenheim-Preis,de,Artur Pappenheim Prize,ORAP,Artur-Pappenheim-Preis,Webseite,Deutsche Gesellschaft für Hämatologie und Medizinische Onkologie,wissenschaftlicher Sektor,DE,https://www.dgho.de/aktuelles/preisausschreiben/artur-pappenheim-preis,Forschung,Wissenschaftlicher Preis,Ja,7500,EUR,DACH,Deutschland; Österreich; Schweiz,Eigenbewerbung und Nominierung,1971,
O010127,Q15116950,August-Wilhelm-von-Hofmann-Denkmünze,de,August Wilhelm von Hofmann Commemorative Medal,Webseite,August-Wilhelm-von-Hofmann-Denkmünze,Webseite,Gesellschaft Deutscher Chemiker,wissenschaftlicher Sektor,DE,https://www.gdch.de/gdch/preise-und-auszeichnungen/gdch-preise/august-wilhelm-von-hofmann-denkmuenze.html,Forschung,Wissenschaftlicher Preis,Nein,Kein Preisgeld,Kein Preisgeld,Keine Einschränkung,Keine Einschränkung,Keine Angabe,1903,
O010128,Q115625573,Johannes-Thurmair-Aventin-Medaille,de,Johannes Thurmair Aventin Medal,ORAP,Johannes-Thurmair-Aventin-Medaille,Webseite,Verband Bayerischer Geschichtsvereine,Sonstige,DE,https://www.verband-bayerischer-geschichtsvereine.de/ehrungen/aventinus-medaille.html,Forschung,Wissenschaftlicher Preis,Nein,Kein Preisgeld,Kein Preisgeld,DACH,Deutschland | Bayern,Keine Angabe,1968,
O010137,Q114989330,Barbara-Wengeler-Preis,de,Barbara Wengeler Prize,Webseite,Barbara-Wengeler-Preis,Webseite,Barbara-Wengeler-Stiftung,Stiftungen,DE,https://barbara-wengeler-stiftung.de/barbara-wengeler-preis/der-preis/,Forschung,Wissenschaftlicher Preis,Ja,10000,EUR,Keine Einschränkung,Keine Einschränkung,Eigenbewerbung,2006,
O010155,Q821879,Berliner Wissenschaftspreis,de,Berlin Science Prize,ORAP,Berliner Wissenschaftspreis,Webseite,Regierender Bürgermeister von Berlin,öffentlicher Sektor,DE,https://www.berlin.de/rbmskzl/aktuelles/veranstaltungen/auszeichnungen-und-ehrungen/berliner-wissenschaftspreis/artikel.6838.php,Forschung,Wissenschaftlicher Preis,Nein,40000,EUR,DACH,Deutschland | Berlin,Nominierung eingeschränkt,2008,
O010158,Q824659,Bernhard-Nocht-Medaille,de,Bernhard Nocht Medal,Webseite,Bernhard-Nocht-Medaille,Webseite,"Bernhard-Nocht-Institut für Tropenmedizin; Deutsche Gesellschaft für Tropenmedizin, Reisemedizin und Globale Gesundheit (DTG) e.V.",wissenschaftlicher Sektor; wissenschaftlicher Sektor,DE; DE,https://www.bnitm.de/alumni-und-freunde/vdf/foerderung/bernhard-nocht-medallie,Forschung,Wissenschaftlicher Preis,Nein,Kein Preisgeld,Kein Preisgeld,Keine Einschränkung,Keine Einschränkung,Keine Angabe,1925,
O010160,Q827986,Berthold Leibinger Zukunftspreis,de,Berthold Leibinger Future Prize,ORAP,Berthold Leibinger Zukunftspreis,Webseite,Berthold Leibinger Stiftung,Stiftungen,DE,https://www.leibinger-stiftung.de/preise-und-ausschreibungen/zukunftspreis,Forschung,Wissenschaftlicher Preis,Nein,50000,EUR,Keine Einschränkung,Keine Einschränkung,Nominierung eingeschränkt,2006,
O010172,Q889085,Bochumer Historikerpreis,de,Bochum Historians' Prize,ORAP,Bochumer Historikerpreis,Webseite,Ruhr-Universität Bochum; Stiftung der Sparkasse Bochum; Stiftung Geschichte des Ruhrgebiets; Evonik Industries AG,wissenschaftlicher Sektor; Stiftungen; Stiftungen; wirtschaftlicher Sektor,DE; DE; DE; DE,https://www.hgr.ruhr-uni-bochum.de/hgr/sgr/historikerpreis/,Forschung,Wissenschaftlicher Preis,Nein,30000,EUR,Keine Einschränkung,Keine Einschränkung,Keine Angabe,2002,
O010203,Q28498641,Carl-Duisberg-Plakette,de,Carl Duisberg Badge,Webseite,Carl-Duisberg-Plakette,Webseite,Gesellschaft Deutscher Chemiker,wissenschaftlicher Sektor,DE,https://www.gdch.de/gdch/preise-und-auszeichnungen/gdch-preise/carl-duisberg-plakette.html,Sonstiges,Wissenschaftlicher Preis,Nein,Kein Preisgeld,Kein Preisgeld,DACH,Deutschland,Nominierung Einrichtung / Gremium,1953,
O010204,Q1036444,Carl-Engler-Medaille,de,Carl-Engler-Medal,Webseite,Carl-Engler-Medaille,Webseite,"Deutsche Wissenschaftliche Gesellschaft für nachhaltige Energieträger, Mobilität und Kohlenstoffkreisläufe",wissenschaftlicher Sektor,DE,https://dgmk.de/forschung/ehrungen-und-preise/,Forschung,Wissenschaftlicher Preis,Nein,Kein Preisgeld,Kein Preisgeld,Keine Einschränkung,Keine Einschränkung,Nominierung eingeschränkt,1935,
O010207,Q1036524,Carl-Hermann-Medaille,de,Carl-Hermann-Medal,Webseite,Carl-Hermann-Medaille,Webseite,Deutsche Gesellschaft für Kristallographie,wissenschaftlicher Sektor,DE,https://dgk-home.de/intern/ehrenmitglieder-und-preistraeger/preistraeger-der-carl-hermann-medaille/,Forschung,Wissenschaftlicher Preis,Nein,Keine Angabe,Keine Angabe,Keine Einschränkung,Keine Einschränkung,Nominierung eingeschränkt,1996,
O010210,Q110647163,Carl-Mannich-Medaille,de,Carl Mannich Medal,ORAP,Carl-Mannich-Medaille,Webseite,Deutsche Pharmazeutische Gesellschaft,wissenschaftlicher Sektor,DE,https://www.dphg.de/aktivitaeten/forderung,Forschung,Wissenschaftlicher Preis,Nein,Keine Angabe,Keine Angabe,Keine Einschränkung,Keine Einschränkung,Keine Angabe,1961,
O010214,Q1046023,Carus-Medaille,de,Carus Medal,Webseite,Carus-Medaille,Webseite,Deutsche Akademie der Naturforscher Leopoldina,wissenschaftlicher Sektor,DE,https://www.leopoldina.org/ueber-uns/auszeichnungen/medaillen/carus-medaille/,Forschung,Wissenschaftlicher Preis,Nein,5000,EUR,Keine Einschränkung,Keine Einschränkung,Keine Angabe,1896,
O010249,Q1136626,Cothenius-Medaille,de,Cothenius Medal,Webseite,Cothenius-Medaille,Webseite,Deutsche Akademie der Naturforscher Leopoldina,wissenschaftlicher Sektor,DE,https://www.leopoldina.org/ueber-uns/auszeichnungen/medaillen/cothenius-medaille/,Forschung,Wissenschaftlicher Preis,Nein,Keine Angabe,Keine Angabe,Keine Einschränkung,Keine Einschränkung,Keine Angabe,1792,
O010257,Q48755970,Dalberg-Preis,de,Dalberg Prize,ORAP,Dalberg-Preis,Webseite,Akademie gemeinnütziger Wissenschaften zu Erfurt,wissenschaftlicher Sektor,DE,https://www.dalberg-stiftung.de/index.php/akademie/wissenschaftspreise,Forschung,Wissenschaftlicher Preis,Ja,2000,EUR,DACH,Deutschland; Österreich; Schweiz,Eigenbewerbung,2005,
O010260,Q1164466,Dannie-Heineman-Preis,de,Dannie Heineman Prize,Webseite,Dannie-Heineman-Preis,Webseite,Niedersächsische Akademie der Wissenschaften zu Göttingen,wissenschaftlicher Sektor,DE,https://adw-goe.de/preise/kategorien/dannie-heineman-preis/,Forschung,Wissenschaftlicher Preis,Ja,Keine Angabe,Keine Angabe,Keine Einschränkung,Keine Einschränkung,Nominierung Einrichtung / Gremium,1961,2024
O010269,Q1152913,DECHEMA-Medaille,de,DECHEMA Medal,Webseite,DECHEMA-Medaille,Webseite,DECHEMA - Gesellschaft für Chemische Technik und Biotechnologie; DECHEMA/VDI-Fachgruppe Hochdruckverfahrenstechnik,wissenschaftlicher Sektor; wissenschaftlicher Sektor,DE; DE,https://dechema.de/%C3%9Cber+uns/Ehrungen+und+Preise/DECHEMA_Medaille-p-20000650.html,Forschung,Wissenschaftlicher Preis,Nein,Kein Preisgeld,Kein Preisgeld,DACH,Deutschland,Keine Angabe,1951,
O010277,Q1205282,Deutscher Schmerzpreis,de,German Pain Award,ORAP,Deutscher Schmerzpreis,Webseite,Deutsche Gesellschaft für Schmerzmedizin; Deutsche Schmerzliga,Sonstige; Sonstige,DE; DE,https://www.dgschmerzmedizin.de/ueber-die-dgs/deutscher-schmerzpreis/,Forschung,Wissenschaftlicher Preis,Nein,5000,EUR,Keine Einschränkung,Keine Einschränkung,Eigenbewerbung und Nominierung,1986,
O010281,Q1576745,DGKN-Verdienstmedaille für das Lebenswerk im Bereich Neurophysiologie und Funktionelle Bildgebung,de,DGKN Medal of Merit for Lifetime Achievement in Neurophysiology and Functional Imaging,ORAP,DGKN-Verdienstmedaille für das Lebenswerk im Bereich Neurophysiologie und Funktionelle Bildgebung,Webseite,Deutsche Gesellschaft für Klinische Neurophysiologie und Funktionelle Bildgebung,wissenschaftlicher Sektor,DE,https://dgkn.de/dgkn/preise-und-stipendien,Forschung,Wissenschaftlicher Preis,Nein,Keine Angabe,Keine Angabe,DACH,Deutschland; Österreich; Schweiz,Keine Angabe,1960,
O010290,Q1253730,Dr.-Ernst-Fehrer-Preis,de,Dr. Ernst Fehrer Award,Webseite,Dr.-Ernst-Fehrer-Preis,Webseite,Technische Universität Wien,wissenschaftlicher Sektor,AT,https://www.tuwien.at/forschung/tuw-interne-foerdermoeglichkeiten/preise/fehrer-preistraeger-innen,Transfer,Wissenschaftlicher Preis,Ja,8000,EUR,Einrichtungs- oder organisationsgebunden,Österreich | Wien,Nominierung Einrichtung / Gremium,1982,
O010291,Q1253764,Dr.-Heinz-Cüppers-Preis,de,Dr. Heinz Cueppers Prize,ORAP,Dr.-Heinz-Cüppers-Preis,Webseite,Rheinisches Landesmuseum Trier,Stiftungen,DE,https://www.zentrum-der-antike.de/rheinisches-landesmuseum/ueber-uns/dr-heinz-cueppers-preis,Forschung,Wissenschaftlicher Preis,Ja,2000,EUR,DACH,Deutschland,Eigenbewerbung,2006,
O010611,Q1335764,Emil-von-Behring-Preis,de,Emil von Behring Prize,Webseite,Emil-von-Behring-Preis,Webseite,Philipps-Universität Marburg,wissenschaftlicher Sektor,DE,https://www.uni-marburg.de/de/universitaet/profil/universitaetundgesesellschaft/auszeichnungen,Forschung,Wissenschaftlicher Preis,Nein,20000,EUR,Keine Einschränkung,Keine Einschränkung,Nominierung Einrichtung / Gremium,1942,
O010621,Q93771993,Ernst-Friedrich-Pfeiffer-Preis,de,Ernst Friedrich Pfeiffer Prize,ORAP,Ernst-Friedrich-Pfeiffer-Preis,Webseite,Deutsche Diabetes Gesellschaft,wissenschaftlicher Sektor,DE,https://www.ddg.info/forschung/forschungspreise-1-1,Forschung,Wissenschaftlicher Preis,Ja,10000,EUR,Einrichtungs- oder organisationsgebunden,Deutschland; Österreich; Schweiz,Eigenbewerbung und Nominierung,1998,
O010623,Q29886456,Jung-Medaille für Medizin in Gold,de,Jung Gold Medal for Medicine,Webseite,Jung-Medaille für Medizin in Gold,Webseite,Jung-Stiftung für Wissenschaft und Forschung,wissenschaftlicher Sektor,DE,https://jung-stiftung.de/die-preise/jung-medaille/,Forschung,Wissenschaftlicher Preis,Nein,30000,EUR,Keine Einschränkung,Keine Einschränkung,Nominierung Einrichtung / Gremium,1990,
O010625,Q15808454,Ernst-Ruska-Preis,de,Ernst Ruska Prize,Webseite,Ernst-Ruska-Preis,Webseite,Deutsche Gesellschaft für Elektronenmikroskopie,wissenschaftlicher Sektor,DE,http://www.dge-homepage.de/erp.html,Forschung,Wissenschaftlicher Preis,Nein,Keine Angabe,Keine Angabe,Keine Einschränkung,Keine Einschränkung,Keine Angabe,1980,
O010626,Q1357249,Ernst-von-Bergmann-Plakette,de,Ernst von Bergmann plaque,ORAP,Ernst-von-Bergmann-Plakette,Webseite,Bundesärztekammer; Deutscher Ärztetag,öffentlicher Sektor; Sonstige,DE; DE,https://www.bundesaerztekammer.de/baek/ueber-uns/auszeichnungen,Sonstiges,Wissenschaftlicher Preis,Nein,Keine Angabe,Keine Angabe,DACH,Deutschland,Nominierung Einrichtung / Gremium,1962,
O010628,Q17353530,Erwin-Stresemann-Förderung,de,Erwin Stresemann sponsorship,ORAP,Erwin-Stresemann-Förderung,Webseite,Deutsche Ornithologen-Gesellschaft,wissenschaftlicher Sektor,DE,https://www.do-g.de/foerdern/preise-und-auszeichnungen/erwin-stresemann-foerderung-1,Forschung,Wissenschaftliche Auszeichnung,Ja,20000,EUR,Einrichtungs- oder organisationsgebunden,Deutschland,Eigenbewerbung,1969,
O010636,Q2204509,Europäischer Erfinderpreis,de,European Inventor Award,Webseite,Europäischer Erfinderpreis,Webseite,Europäisches Patentamt,öffentlicher Sektor,DE,https://www.epo.org/de/news-events/european-inventor-award/about-award,Forschung,Wissenschaftlicher Preis,Nein,Keine Angabe,Keine Angabe,Keine Einschränkung,Keine Einschränkung,Nominierung offen,2006,
O010688,Q60813632,Friedrich-Edding-Preis für Berufsbildungsforschung,de,Friedrich Edding Prize for Vocational Training Research,ORAP,Friedrich-Edding-Preis für Berufsbildungsforschung,Webseite,Arbeitsgemeinschaft Berufsbildungsforschungsnetz,wissenschaftlicher Sektor,DE,https://www.agbfn.de/de/agbfn_148616.php,Forschung,Wissenschaftlicher Preis,Ja,Keine Angabe,Keine Angabe,DACH,Deutschland,Eigenbewerbung,2013,
O010690,Q1457946,Friedrich-von-Alberti-Preis,de,Friedrich von Alberti Award,Webseite,Friedrich-von-Alberti-Preis,Webseite,Paläontologische Gesellschaft,wissenschaftlicher Sektor,DE,https://www.palaeontologische-gesellschaft.de/ueber-uns/auszeichnungen/friedrich-von-alberti-preis/,Forschung,Wissenschaftlicher Preis,Nein,10000,EUR,Keine Einschränkung,Keine Einschränkung,Nominierung Einrichtung / Gremium,1998,
O010691,Q1464423,Friedwart Bruckhaus-Preis,de,Friedwart Bruckhaus Prize,Webseite,Friedwart Bruckhaus-Preis,Webseite,Friedwart Bruckhaus-Stiftung,Stiftungen,DE,https://schleyer-stiftung.de/preise/friedwart-bruckhaus-foerderpreis/,Forschung,Wissenschaftlicher Preis,Ja,5000,EUR,Keine Einschränkung,Keine Einschränkung,Eigenbewerbung,1987,
O010708,Q1123299,Galenus-von-Pergamon-Preis,de,Galenus von Pergamon Prize,ORAP,Galenus-von-Pergamon-Preis,Webseite,Springer Medizin,wirtschaftlicher Sektor,DE,https://www.aerztezeitung.de/Specials/Fuer-eine-herausragende-Forschungsleistung-in-Deutschland-426147.html,Forschung,Wissenschaftlicher Preis,Nein,10000,EUR,DACH,Deutschland,Eigenbewerbung,1985,
O010721,Q116810551,Georg-Eckert-Forschungspreis,de,Georg Eckert Research Award,Webseite,Georg-Eckert-Forschungspreis,Webseite,Leibniz-Institut für Bildungsmedien – Georg-Eckert-Institut,wissenschaftlicher Sektor,DE,https://www.gei.de/wissenstransfer/preise/georg-eckert-forschungspreis,Forschung,Wissenschaftlicher Preis,Nein,5000,EUR,Keine Einschränkung,Keine Einschränkung,Eigenbewerbung und Nominierung,2010,
O010724,Q1395780,George-W.-Peters-Preis,de,George W. Peters Prize,ORAP,George-W.-Peters-Preis,Webseite,"missiotop - Evangelisches Forum für Mission, Kultur und Religion",Stiftungen,DE,http://www.missiologie.org/unsere-aktivitaeten.html,Forschung,Wissenschaftlicher Preis,Nein,Keine Angabe,Keine Angabe,Keine Einschränkung,Keine Einschränkung,Keine Angabe,1992,2015
O010725,Q15217927,Georg-Helm-Preis,de,Georg Helm Prize,Webseite,Georg-Helm-Preis,Webseite,Technische Universität Dresden,wissenschaftlicher Sektor,DE,https://tu-dresden.de/forschung-transfer/services-fuer-forschende/preise-fuer-forschende/universitaetspreise/georg-helm-preis,Forschung,Wissenschaftlicher Preis,Ja,Kein Preisgeld,Kein Preisgeld,Einrichtungs- oder organisationsgebunden,Deutschland | Sachsen | Dresden,Nominierung Einrichtung / Gremium,1995,
O010726,Q16215950,Georgi-Preis,de,Georgi Prize,ORAP,Georgi-Preis,Webseite,GeoUnion Alfred-Wegener-Stiftung; Deutsche Meteorologische Gesellschaft,wissenschaftlicher Sektor; wissenschaftlicher Sektor,DE; DE,https://www.dmg-ev.de/die-dmg/auszeichnungen-ehrungen-preise/georgi-preis/,Forschung,Wissenschaftlicher Preis,Nein,Keine Angabe,Keine Angabe,DACH,Deutschland,Nominierung eingeschränkt,1987,
O010727,Q1503411,Georg-Ludwig-Hartig-Preis,de,Georg Ludwig Hartig Prize,ORAP,Georg-Ludwig-Hartig-Preis,Webseite,Georg-Ludwig-Hartig-Stiftung,Stiftungen,DE,http://www.gl-hartig.de/stiftung/,Forschung,Wissenschaftlicher Preis,Nein,5000,EUR,DACH,Deutschland; Österreich; Schweiz,Keine Angabe,1990,
O010731,Q23785636,Georg-Uschmann-Preis für Wissenschaftsgeschichte,de,Georg Uschmann Award for the History of Science,Webseite,Georg-Uschmann-Preis für Wissenschaftsgeschichte,Webseite,Deutsche Akademie der Naturforscher Leopoldina,wissenschaftlicher Sektor,DE,https://www.leopoldina.org/ueber-uns/auszeichnungen/preise-und-ehrungen/georg-uschmann-preis-fuer-wissenschaftsgeschichte/,Forschung,Wissenschaftlicher Preis,Ja,2000,EUR,DACH,Deutschland; Österreich; Schweiz,Keine Angabe,1999,
O010735,Q1401988,Gerhard-Thoma-Ehrenpreis,de,Gerhard Thoma Honorary Award,ORAP,Gerhard-Thoma-Ehrenpreis,Webseite,Fachinstitut der Steuerberater e.V.,wissenschaftlicher Sektor,DE,https://fachinstitut-der-steuerberater.de/gerhard-thoma-ehrenpreis/,Forschung,Wissenschaftlicher Preis,Ja,Kein Preisgeld,Kein Preisgeld,DACH,Deutschland,Eigenbewerbung,1953,
O010738,Q99395377,Giessen-Preis,de,Giessen Prize,ORAP,Giessen-Preis,Webseite,Hans-und-Ruth-Giessen-Stiftung,Stiftungen,DE,https://www.hr-giessen-stiftung.de/,Forschung,Wissenschaftliche Auszeichnung,Ja,50000,EUR,DACH,Deutschland | Saarland,Nominierung Einrichtung / Gremium,2018,
O010739,Q1526540,Gips-Schüle-Forschungspreis,de,Gips-Schuele Research Prize,ORAP,Gips-Schüle-Forschungspreis,Webseite,Gips-Schüle-Stiftung,Stiftungen,DE,https://www.gips-schuele-stiftung.de/gips-schuele-forschungspreis/,Forschung,Wissenschaftlicher Preis,Nein,50000,EUR,DACH,Deutschland | Baden-Württemberg,Nominierung Einrichtung / Gremium,2013,
O010749,Q1264193,Goethe-Plakette,de,Goethe plaque,ORAP,Goethe-Plakette,Webseite,Hessisches Ministerium für Wissenschaft und Kunst,öffentlicher Sektor,DE,https://wissenschaft.hessen.de/goethe-plakette,Forschung,Wissenschaftlicher Preis,Nein,Keine Angabe,Keine Angabe,DACH,Deutschland | Hessen,Nominierung Einrichtung / Gremium,1949,
O010757,Q1539996,Gottschalk-Diederich-Baedeker-Preis,de,Gottschalk-Diederich-Baedeker Prize,ORAP,Gottschalk-Diederich-Baedeker-Preis,Webseite,Essener G.-D.-Baedeker-Stiftung,Stiftungen,DE,https://www.uni-due.de/de/baedekerpreis/,Transfer,Wissenschaftlicher Preis,Ja,5000,EUR,Einrichtungs- oder organisationsgebunden,Deutschland | Nordrhein-Westfalen | Duisburg,Nominierung eingeschränkt,1985,
O010766,Q22965452,Mendel-Medaille,de,Mendel Medal,Webseite,Mendel-Medaille,Webseite,Deutsche Akademie der Naturforscher Leopoldina,wissenschaftlicher Sektor,DE,https://www.leopoldina.org/ueber-uns/auszeichnungen/medaillen/mendel-medaille/,Forschung,Wissenschaftlicher Preis,Nein,Keine Angabe,Keine Angabe,Keine Einschränkung,Keine Einschränkung,Keine Angabe,1967,
O010773,Q15818642,Ravensberger Geschichtspreis,de,Ravensberg History Prize,ORAP,Ravensberger Geschichtspreis,Webseite,Historischer Verein für die Grafschaft Ravensberg,Stiftungen,DE,https://www.hv-ravensberg.de/gustav-engel-preis.html,Forschung,Wissenschaftliche Auszeichnung,Ja,2000,EUR,DACH,Deutschland,Eigenbewerbung und Nominierung,1990,
O010780,Q1112782,Hanno und Ruth Roelin-Preis für Wissenschaftskommunikation,de,Hanno and Ruth Roelin Award for Science Communication,Webseite,Hanno und Ruth Roelin-Preis für Wissenschaftskommunikation,Webseite,Max-Planck-Institut für Astronomie,wissenschaftlicher Sektor,DE,https://www.mpia.de/oeffentlichkeit/roelin-preis,Transfer,Wissenschaftlicher Preis,Nein,3000,EUR,DACH,Deutschland; Österreich; Schweiz,Nominierung offen,2005,
O010782,Q1576368,Hanns-Langendorff-Medaille,de,Hanns Langendorff Medal,ORAP,Hanns-Langendorff-Medaille,Webseite,Hanns-Langendorff-Stiftung; Fachverband für Strahlenschutz,Stiftungen; Sonstige,DE; DE,https://www.fs-ev.org/default-e74b0d8e79,Forschung,Wissenschaftlicher Preis,Nein,Kein Preisgeld,Kein Preisgeld,Keine Einschränkung,Keine Einschränkung,Keine Angabe,1992,
O010792,Q1585689,Harnack-Medaille,de,Harnack Medal,Webseite,Harnack-Medaille,Webseite,Max-Planck-Gesellschaft,wissenschaftlicher Sektor,DE,http://www.mpg.de/preise/harnack-medaille,Forschung,Wissenschaftlicher Preis,Nein,Kein Preisgeld,Kein Preisgeld,Einrichtungs- oder organisationsgebunden,Deutschland,Nominierung Einrichtung / Gremium,1925,
O010803,Q895754,Hegel-Preis,de,Hegel Prize,Webseite,Hegel-Preis,Webseite,Stadt Stuttgart,öffentlicher Sektor,DE,https://www.stuttgart.de/kultur/kulturpreise-und-stipendien/hegel-preis.php,Forschung,Wissenschaftlicher Preis,Nein,12000,EUR,Keine Einschränkung,Keine Einschränkung,Nominierung Einrichtung / Gremium,1970,
O010808,Q28498643,Heinrich-Roessler-Preis,de,Heinrich Roessler Award,Webseite,Heinrich-Roessler-Preis,Webseite,Gesellschaft Deutscher Chemiker,wissenschaftlicher Sektor,DE,https://www.gdch.de/netzwerk-strukturen/fachstrukturen/chemieunterricht/preise-und-ehrungen.html,Lehre,Wissenschaftlicher Preis,Nein,4000,EUR,Keine Einschränkung,Keine Einschränkung,Nominierung offen,1984,
O010813,Q15814928,Gumin Preis für Mathematik,de,Gumin Prize for Mathematics,ORAP,Gumin Preis für Mathematik,Webseite,Carl Friedrich von Siemens Stiftung,Stiftungen,DE,https://www.cfvss.de/foerderung/forschungsfoerderung/gumin-preis-fuer-mathematik/,Forschung,Wissenschaftlicher Preis,Nein,50000,EUR,DACH,Deutschland; Österreich; Schweiz,Keine Angabe,2010,
O010831,Q21043573,Hermann-Credner-Preis,de,Hermann Credner Prize,ORAP,Hermann-Credner-Preis,Webseite,Deutsche Geologische Gesellschaft – Geologische Vereinigung,wissenschaftlicher Sektor,DE,https://www.dggv.de/ueber-uns/ehrungen-und-preise/,Forschung,Wissenschaftlicher Preis,Ja,5000,EUR,Keine Einschränkung,Keine Einschränkung,Nominierung offen,1960,
O010832,Q1610447,Hermann-Knothe-Preis,de,Hermann Knothe Prize,ORAP,Hermann-Knothe-Preis,Webseite,Oberlausitzische Gesellschaft der Wissenschaften,wissenschaftlicher Sektor,DE,https://www.olgdw.de/hermann-knothe-preis.html,Forschung,Wissenschaftlicher Preis,Ja,700,EUR,DACH,Deutschland,Eigenbewerbung,2007,
O010834,Q1610480,Hermann-von-Nathusius-Medaille,de,Hermann von Nathusius Medal,ORAP,Hermann-von-Nathusius-Medaille,Webseite,Deutsche Gesellschaft für Züchtungskunde,wissenschaftlicher Sektor,DE,https://www.dgfz-bonn.de/sonstiges/hermann-von-nathusius.html,Forschung,Wissenschaftlicher Preis,Nein,Keine Angabe,Keine Angabe,Keine Einschränkung,Keine Einschränkung,Keine Angabe,1930,
O010839,Q1528334,R.J.H. Hintelmann Wissenschaftspreis,de,R.J.H. Hintelmann Science Prize,ORAP,R.J.H. Hintelmann Wissenschaftspreis,Webseite,Freunde der Zoologischen Staatssammlung München,Stiftungen,DE,https://freunde-zsm.de/aktivitaeten/wissenschaftsfoerderung/r-j-h-hintelmann-wissenschaftspreis/,Forschung,Wissenschaftlicher Preis,Ja,5000,EUR,Keine Einschränkung,Keine Einschränkung,Eigenbewerbung und Nominierung,2000,2024
O010864,Q15819885,Ifa-Forschungspreis Auswärtige Kulturpolitik,de,Research Award on Foreign Cultural Policy,Webseite,Ifa-Forschungspreis Auswärtige Kulturpolitik,Webseite,Institut für Auslandsbeziehungen,Stiftungen,DE,https://www.ifa.de/forschungspreis/,Forschung,Wissenschaftlicher Preis,Ja,3000,EUR,Keine Einschränkung,Keine Einschränkung,Nominierung Einrichtung / Gremium,2001,
O010870,Q18412678,Inhoffen-Medaille,de,Inhoffen Medal,ORAP,Inhoffen-Medaille,Webseite,Technische Universität Braunschweig; Helmholtz-Zentrum für Infektionsforschung,wissenschaftlicher Sektor; wissenschaftlicher Sektor,DE; DE,https://www.helmholtz-hzi.de/media-center/veranstaltungen/#c5975,Forschung,Wissenschaftlicher Preis,Nein,8000,EUR,Keine Einschränkung,Keine Einschränkung,Keine Angabe,1994,
O010893,Q56062558,J. Hans D. Jensen Preis,de,J. Hans D. Jensen Prize,ORAP,J. Hans D. Jensen Preis,Webseite,Klaus Tschira Stiftung,Stiftungen,DE,https://www.thphys.uni-heidelberg.de/index.php?n1=people&n2=jensen,Forschung,Wissenschaftliche Auszeichnung,Nein,Keine Angabe,Keine Angabe,Keine Einschränkung,Keine Einschränkung,Keine Angabe,2008,2015
O010899,Q1677400,Jacob-Henle-Medaille,de,Jacob Henle Medal,ORAP,Jacob-Henle-Medaille,Webseite,Georg-August-Universität Göttingen,wissenschaftlicher Sektor,DE,https://www.umg.eu/ueber-uns/medizinische-fakultaet/auszeichnungen/jacob-henle-medaille/,Forschung,Wissenschaftliche Auszeichnung,Nein,Keine Angabe,Keine Angabe,Keine Einschränkung,Keine Einschränkung,Nominierung eingeschränkt,1988,
O010919,Q1692144,Johann-Georg-Zimmermann-Preis,de,Johann Georg Zimmermann Prize,ORAP,Johann-Georg-Zimmermann-Preis,Webseite,Medizinische Hochschule Hannover (MHH),wissenschaftlicher Sektor,DE,https://www.mhh.de/plus/foerderung,Forschung,Wissenschaftlicher Preis,Ja,10000,EUR,DACH,Deutschland; Österreich; Schweiz,Nominierung eingeschränkt,1973,
O010940,Q29950603,Julius Wess-Preis,de,Julius Wess Award,Webseite,Julius Wess-Preis,Webseite,Karlsruher Institut für Technologie,wissenschaftlicher Sektor,DE,https://www.kceta.kit.edu/julius-wess-preis.php,Forschung,Wissenschaftlicher Preis,Nein,10000,EUR,Keine Einschränkung,Keine Einschränkung,Keine Angabe,2008,
O010942,Q113680023,Jürgen-Moll-Preis,de,Juergen Moll Prize,ORAP,Jürgen-Moll-Preis,Webseite,Deutsche Sprachwelt; Theo-Münch-Stiftung für die Deutsche Sprache,Sonstige; Stiftungen,DE; DE,https://deutsche-sprachwelt.de/aktionen/juergen-moll-preis/,Transfer,Wissenschaftlicher Preis,Nein,5000,EUR,Keine Angabe,Keine Angabe,Nominierung offen,2013,
O010957,Q1730176,Karl-Schwarzschild-Medaille,de,Karl Schwarzschild Medal,Webseite,Karl-Schwarzschild-Medaille,Webseite,Astronomische Gesellschaft,wissenschaftlicher Sektor,DE,https://astronomische-gesellschaft.de/de/aktivitaeten/preise,Forschung,Wissenschaftlicher Preis,Nein,Keine Angabe,Keine Angabe,Keine Einschränkung,Keine Einschränkung,Keine Angabe,1959,
O010978,Q1299669,Konrad-Duden-Preis,de,Konrad-Duden Prize,Webseite,Konrad-Duden-Preis,Webseite,Stadt Mannheim; Bibliographisches Institut des Duden Verlags,öffentlicher Sektor; wirtschaftlicher Sektor,DE; DE,https://www.mannheim.de/de/stadt-gestalten/preise-der-stadt-mannheim/konrad-duden-preis,Forschung,Wissenschaftlicher Preis,Nein,12500,EUR,Keine Einschränkung,Keine Einschränkung,Nominierung Einrichtung / Gremium,1959,
O010984,Q56007530,Kurt-Koffka-Medaille,de,Kurt Koffka Medal,Webseite,Kurt-Koffka-Medaille,Webseite,Justus-Liebig-Universität Gießen,wissenschaftlicher Sektor,DE,https://www.uni-giessen.de/de/fbz/fb06/psychologie/postertag-koffka/KKM,Forschung,Wissenschaftlicher Preis,Nein,Keine Angabe,Keine Angabe,Keine Einschränkung,Keine Einschränkung,Nominierung eingeschränkt,2007,
O010985,Q16832661,Kurt-Schwabe-Preis,de,Kurt Schwabe Prize,Webseite,Kurt-Schwabe-Preis,Webseite,Sächsische Akademie der Wissenschaften zu Leipzig,wissenschaftlicher Sektor,DE,https://www.saw-leipzig.de/de/ueber-die-akademie/kurt-schwabe-preis,Forschung,Wissenschaftlicher Preis,Nein,Keine Angabe,Keine Angabe,DACH,Deutschland,Nominierung eingeschränkt,1983,
O010994,Q1802410,Landespreis für Heimatforschung,de,State prize for local history research,ORAP,Landespreis für Heimatforschung,Webseite,Landesregierung Baden-Württemberg,öffentlicher Sektor,DE,https://mwk.baden-wuerttemberg.de/de/kunst-kultur/kulturfoerderung/preise/,Forschung,Wissenschaftlicher Preis,Nein,5000,EUR,DACH,Deutschland | Baden-Württemberg,Eigenbewerbung,1982,
O011006,Q1600598,Leibniz-Medaille,de,Leibniz Medal,Webseite,Leibniz-Medaille,Webseite,Berlin-Brandenburgische Akademie der Wissenschaften,wissenschaftlicher Sektor,DE,https://www.bbaw.de/die-akademie/auszeichnungen/medaillen/leibniz-medaille,Forschung,Wissenschaftlicher Preis,Nein,Keine Angabe,Keine Angabe,Keine Einschränkung,Keine Einschränkung,Nominierung eingeschränkt,1906,
O011011,Q1320173,Leonore-Siegele-Wenschkewitz-Preis,de,Leonore Siegele Wenschkewitz Prize,ORAP,Leonore-Siegele-Wenschkewitz-Preis,Webseite,Verein zur Förderung Feministischer Theologie in Forschung und Lehre,wissenschaftlicher Sektor,DE,https://verein-fem-theologie.de/der-preis/,Forschung,Wissenschaftlicher Preis,Nein,3000,EUR,DACH,Deutschland,Eigenbewerbung,2017,
O011015,Q19971733,Leopold-Lichtwitz-Medaille,de,Leopold Lichtwitz Medal,ORAP,Leopold-Lichtwitz-Medaille,Webseite,Deutsche Gesellschaft für Innere Medizin,wissenschaftlicher Sektor,DE,https://www.dgim.de/ueber-uns/ehrungen-und-preise/leopold-lichtwitz-medaille/,Forschung,Wissenschaftlicher Preis,Nein,Kein Preisgeld,Kein Preisgeld,DACH,Deutschland,Nominierung eingeschränkt,2014,
O011016,Q1819559,Leopold-von-Buch-Plakette,de,Leopold von Buch plaque,ORAP,Leopold-von-Buch-Plakette,Webseite,Deutsche Gesellschaft für Geowissenschaften,wissenschaftlicher Sektor,DE,https://www.dggv.de/ueber-uns/ehrungen-und-preise/,Forschung,Wissenschaftlicher Preis,Nein,Keine Angabe,Keine Angabe,Keine Einschränkung,Keine Einschränkung,Keine Angabe,1946,
O011017,Q92896948,Leo-Spitzer-Preis,de,Leo Spitzer Prize,ORAP,Leo-Spitzer-Preis,Webseite,Universität zu Köln,wissenschaftlicher Sektor,DE,http://phil-fak.uni-koeln.de/forschung/auszeichnungen-und-preise/leo-spitzer-preis,Forschung,Wissenschaftliche Auszeichnung,Nein,60000,EUR,Einrichtungs- oder organisationsgebunden,Deutschland | Nordrhein-Westfalen | Köln,Eigenbewerbung und Nominierung,2013,
O011021,Q1423987,Lichtenberg-Medaille,de,Lichtenberg Medal,Webseite,Lichtenberg-Medaille,Webseite,Niedersächsische Akademie der Wissenschaften zu Göttingen,wissenschaftlicher Sektor,DE,https://adw-goe.de/preise/kategorien/lichtenberg-medaille/,Forschung,Wissenschaftlicher Preis,Nein,Kein Preisgeld,Kein Preisgeld,Keine Einschränkung,Keine Einschränkung,Nominierung Einrichtung / Gremium,2004,
O011022,Q87067352,Waltrude-und-Friedrich-Liebau-Preis,de,Waltrude and Friedrich Liebau Prize,Webseite,Waltrude-und-Friedrich-Liebau-Preis,Webseite,Deutsche Gesellschaft für Kristallographie,wissenschaftlicher Sektor,DE,https://dgk-home.de/intern/ehrenmitglieder-und-preistraeger/preistraeger-des-preises-zur-foerderung-der-interdisziplinaritaet-der-kristallographie/,Forschung,Wissenschaftlicher Preis,Nein,2000,EUR,Keine Einschränkung,Keine Einschränkung,Eigenbewerbung und Nominierung,2010,
O011037,Q1870030,Lorenz-Oken-Medaille,de,Lorenz Oken Medal,Webseite,Lorenz-Oken-Medaille,Webseite,Gesellschaft Deutscher Naturforscher und Ärzte,wissenschaftlicher Sektor,DE,https://www.gdnae.de/ueber-uns/auszeichnungen/,Transfer,Wissenschaftlicher Preis,Nein,Kein Preisgeld,Kein Preisgeld,DACH,Deutschland,Nominierung eingeschränkt,1984,
O011044,Q29966208,Lucie-Bolte-Preis,de,Lucie Bolte Prize,ORAP,Lucie-Bolte-Preis,Webseite,Lucie-Bolte-Stiftung,Stiftungen,DE,https://lucie-bolte-stiftung.de/,Forschung,Wissenschaftlicher Preis,Nein,15000,EUR,Keine Einschränkung,Keine Einschränkung,Keine Angabe,1982,
O011046,Q14904902,Ludwig-Prandtl-Ring,de,Ludwig Prandtl Ring,ORAP,Ludwig-Prandtl-Ring,Webseite,Deutsche Gesellschaft für Luft- und Raumfahrt – Lilienthal-Oberth,wissenschaftlicher Sektor,DE,https://www.dglr.de/foerdern/auszeichnungen-und-ehrungen/dglr-ehrungen/ludwig-prandtl-ring/,Forschung,Wissenschaftlicher Preis,Nein,Keine Angabe,Keine Angabe,Keine Einschränkung,Keine Einschränkung,Nominierung eingeschränkt,1957,
O011047,Q19971772,Luise Büchner-Preis für Publizistik,de,Luise Buechner Prize for Journalism,ORAP,Luise Büchner-Preis für Publizistik,Webseite,Luise Büchner-Gesellschaft,Stiftungen,DE,http://www.luise-buechner-gesellschaft.de/category/luisebuechnerpreis/,Forschung,Wissenschaftlicher Preis,Nein,3000,EUR,DACH,Deutschland,Nominierung eingeschränkt,2012,
O011068,Q1578501,Martin Warnke-Medaille,de,Martin Warnke Medal,Webseite,Martin Warnke-Medaille,Webseite,Aby-Warburg-Stiftung,Stiftungen,DE,http://www.warburg-haus.de/personen/martin-warnke-medaille/,Forschung,Wissenschaftlicher Preis,Nein,Keine Angabe,Keine Angabe,Keine Einschränkung,Keine Einschränkung,Keine Angabe,2002,
O011079,Q15834509,Max Auwärter-Preis,de,Max Auwaerter Award,Webseite,Max Auwärter-Preis,Webseite,Max Auwärter-Stiftung,Stiftungen,DE,https://www.max-auwaerter-preis.li/de/,Forschung,Wissenschaftlicher Preis,Ja,10000,EUR,Keine Einschränkung,Keine Einschränkung,Eigenbewerbung und Nominierung,1980,
O011085,Q1912135,Max-Weber-Preis für Wirtschaftsethik,de,Max Weber Prize for Business Ethics,ORAP,Max-Weber-Preis für Wirtschaftsethik,Webseite,Institut der deutschen Wirtschaft,wirtschaftlicher Sektor,DE,https://www.iwkoeln.de/max-weber-preis.html,Forschung,Wissenschaftlicher Preis,Ja,5000,EUR,DACH,Deutschland; Österreich; Schweiz,Eigenbewerbung,1992,
O011093,Q832102,Meister Eckhart Preis,de,Meister Eckhart Prize,ORAP,Meister Eckhart Preis,Webseite,Identity Foundation - Gemeinnützige Stiftung für Philosophie,Stiftungen,DE,https://identity-foundation.de/meister-eckhart-preis/,Forschung,Wissenschaftlicher Preis,Nein,50000,EUR,Keine Einschränkung,Keine Einschränkung,Keine Angabe,2001,
O011094,Q989562,Melanchthonpreis der Stadt Bretten,de,Melanchthon Prize of the town of Bretten,ORAP,Melanchthonpreis der Stadt Bretten,Webseite,Stadt Bretten,öffentlicher Sektor,DE,https://www.melanchthon.com/Melanchthon-Akademie/Melanchthonpreise/Internationaler-Melanchthonpreis/Internationaler-Melanchthonpreis.php,Forschung,Wissenschaftlicher Preis,Nein,7500,EUR,Keine Einschränkung,Keine Einschränkung,Nominierung Einrichtung / Gremium,1988,
O011098,Q15834852,Mercator-Medaille,de,Mercator Medal,ORAP,Mercator-Medaille,Webseite,Deutsche Gesellschaft für Kartographie,wissenschaftlicher Sektor,DE,https://www.dgfk.net/mercator-medaille/,Forschung,Wissenschaftlicher Preis,Nein,Keine Angabe,Keine Angabe,Keine Einschränkung,Keine Einschränkung,Keine Angabe,1991,
O011101,Q27973265,Meyer-Struckmann-Preis,de,Meyer-Struckmann Prize,ORAP,Meyer-Struckmann-Preis,Webseite,Heinrich-Heine-Universität Düsseldorf,wissenschaftlicher Sektor,DE,https://meyer-struckmann-preis.hhu.de/,Forschung,Wissenschaftlicher Preis,Nein,20000,EUR,Keine Einschränkung,Keine Einschränkung,Nominierung eingeschränkt,2006,
O011140,Q1473485,Novartis-Preis für therapierelevante immunologische Forschung,de,Novartis Prize for immunological research relevant to therapy,Webseite,Novartis-Preis für therapierelevante immunologische Forschung,Webseite,Novartis-Stiftung für therapeutische Forschung; Deutsche Gesellschaft für Immunologie,Stiftungen; wissenschaftlicher Sektor,CH; DE,https://dgfi.org/preise/novartis-preis/,Forschung,Wissenschaftlicher Preis,Nein,10000,EUR,Keine Einschränkung,Keine Einschränkung,Eigenbewerbung und Nominierung,2021,
O011155,Q2036309,Oswald-Külpe-Preis,de,Oswald Külpe Prize,Webseite,Oswald-Külpe-Preis,Webseite,Julius-Maximilians-Universität Würzburg,wissenschaftlicher Sektor,DE,https://www.psychologie.uni-wuerzburg.de/forschung/forschungspreise/oswald-kuelpe-preis/,Forschung,Wissenschaftlicher Preis,Nein,3000,EUR,Keine Einschränkung,Keine Einschränkung,Keine Angabe,2005,
O011162,Q317172,Otto-Hahn-Preis,de,Otto Hahn Prize,ORAP,Otto-Hahn-Preis,Webseite,Stadt Frankfurt am Main; Deutsche Physikalische Gesellschaft; Gesellschaft Deutscher Chemiker,öffentlicher Sektor; wissenschaftlicher Sektor; wissenschaftlicher Sektor,DE; DE; DE,https://www.dpg-physik.de/auszeichnungen/dpg-preise-mit-anderen-organisationen/otto-hahn-preis,Forschung,Wissenschaftlicher Preis,Nein,50000,EUR,DACH,Deutschland,Nominierung offen,2005,
O011180,Q15839675,Paul-Bunge-Preis,de,Paul Bunge Prize,Webseite,Paul-Bunge-Preis,Webseite,Gesellschaft Deutscher Chemiker,wissenschaftlicher Sektor,DE,https://www.gdch.de/gdch/stiftungen/hans-r-jenemann-stiftung.html,Forschung,Wissenschaftliche Auszeichnung,Nein,7500,EUR,Keine Einschränkung,Keine Einschränkung,Eigenbewerbung und Nominierung,1993,
O011181,Q458338,Paul Ehrlich- und Ludwig Darmstaedter-Preis,de,Paul Ehrlich and Ludwig Darmstaedter Prize,Webseite,Paul Ehrlich- und Ludwig Darmstaedter-Preis,Webseite,Paul-Ehrlich-Stiftung,Stiftungen,DE,https://www.uni-frankfurt.de/44556747/Hauptpreis___Preistr%C3%A4ger_innen,Forschung,Wissenschaftlicher Preis,Nein,120000,EUR,Keine Einschränkung,Keine Einschränkung,Nominierung Einrichtung / Gremium,1952,
O011185,Q16269152,Paulus-Preis,de,Paulus Prize,ORAP,Paulus-Preis,Webseite,Deutsche Meteorologische Gesellschaft,wissenschaftlicher Sektor,DE,https://www.dmg-ev.de/aktivitaeten/auszeichnungen/paulus-preis/,Forschung,Wissenschaftlicher Preis,Nein,Keine Angabe,Keine Angabe,DACH,Deutschland; Österreich; Schweiz,Nominierung eingeschränkt,2001,
O011196,Q1802189,Peter-Becker-Preis,de,Peter Becker Prize,ORAP,Peter-Becker-Preis,Webseite,Philipps-Universität Marburg,wissenschaftlicher Sektor,DE,https://www.uni-marburg.de/de/konfliktforschung/zentrum/veranstaltungen/peter-becker-preis,Forschung,Wissenschaftlicher Preis,Nein,5000,EUR,Keine Einschränkung,Keine Einschränkung,Keine Angabe,2004,2016
O011212,Q2108409,Preis der Koldewey-Gesellschaft,de,Prize of the Koldewey Society,ORAP,Preis der Koldewey-Gesellschaft,Webseite,Koldewey-Gesellschaft,wissenschaftlicher Sektor,DE,https://koldewey-gesellschaft.de/koldewey-gesellschaft/preis-der-koldewey-gesellschaft/,Forschung,Wissenschaftlicher Preis,Ja,1500,EUR,DACH,Deutschland,Nominierung eingeschränkt,2001,
O011232,Q42750828,Primo-Levi-Preis,de,Primo Levi Award,Webseite,Primo-Levi-Preis,Webseite,Gesellschaft Deutscher Chemiker; Società Chimica Italiana,wissenschaftlicher Sektor; wissenschaftlicher Sektor,DE; IT,https://www.gdch.de/gdch/preise-und-auszeichnungen/gdch-preise/primo-levi-preis.html,Sonstiges,Wissenschaftlicher Preis,Nein,Kein Preisgeld,Kein Preisgeld,Keine Einschränkung,Keine Einschränkung,Nominierung offen,2017,
O011267,Q20182733,Reinhard-Süring-Plakette,de,Reinhard Süring plaque,ORAP,Reinhard-Süring-Plakette,Webseite,Deutsche Meteorologische Gesellschaft,wissenschaftlicher Sektor,DE,https://www.dmg-ev.de/aktivitaeten/auszeichnungen/reinhard-suering-plakette/,Forschung,Wissenschaftlicher Preis,Nein,Kein Preisgeld,Kein Preisgeld,DACH,Deutschland,Nominierung Einrichtung / Gremium,1967,
O011274,Q2148875,Richard-Rado Preis,de,Richard-Rado Prize,ORAP,Richard-Rado Preis,Webseite,Deutsche Mathematiker-Vereinigung,wissenschaftlicher Sektor,DE,https://www.mathematik.de/dmv-blog/5128-richard-radio-preis-des-jahres-2024-f%C3%BCr-bento-natura,Forschung,Wissenschaftlicher Preis,Ja,1000,EUR,DACH,Deutschland; Österreich; Schweiz,Nominierung eingeschränkt,1998,
O011277,Q822717,Ritter-von-Spix-Medaille,de,Ritter von Spix Medal,ORAP,Ritter-von-Spix-Medaille,Webseite,Freunde der Zoologischen Staatssammlung München,Stiftungen,DE,https://freunde-zsm.de/aktivitaeten/wissenschaftsfoerderung/ritter-von-spix-medaille/,Forschung,Wissenschaftlicher Preis,Nein,Kein Preisgeld,Kein Preisgeld,Keine Einschränkung,Keine Einschränkung,Keine Angabe,1981,
O011280,Q2158480,Robert Pfleger-Forschungspreis,de,Robert Pfleger Research Prize,ORAP,Robert Pfleger-Forschungspreis,Webseite,Doktor Robert Pfleger-Stiftung,Stiftungen,DE,https://www.pfleger-stiftung.de/robert-pfleger-forschungspreis/,Forschung,Wissenschaftlicher Preis,Nein,50000,EUR,DACH,Deutschland; Österreich; Schweiz,Nominierung Einrichtung / Gremium,1986,
O011283,Q15119005,Robert-Koch-Medaille in Gold,de,Robert Koch Gold Medal,Webseite,Robert-Koch-Medaille in Gold,Webseite,Robert-Koch-Stiftung,wissenschaftlicher Sektor,DE,https://www.robert-koch-stiftung.de/preise/robert-koch-medaille-in-gold,Forschung,Wissenschaftlicher Preis,Nein,Keine Angabe,Keine Angabe,Keine Einschränkung,Keine Einschränkung,Nominierung offen,1974,
O011284,Q2156254,Robert-Sauer-Preis,de,Robert Sauer Prize,Webseite,Robert-Sauer-Preis,Webseite,Bayerische Akademie der Wissenschaften,wissenschaftlicher Sektor,DE,https://badw.de/gelehrtengemeinschaft/preise-und-medaillen.html,Forschung,Wissenschaftlicher Preis,Nein,5000,EUR,DACH,Deutschland,Keine Angabe,1998,2014
O011291,Q2202680,Röntgen-Plakette,de,The Roentgen Medal,Webseite,Röntgen-Plakette,Webseite,Stadt Remscheid,öffentlicher Sektor,DE,https://roentgenmuseum.de/die-roentgenplakette/,Forschung,Wissenschaftlicher Preis,Nein,Kein Preisgeld,Kein Preisgeld,Keine Einschränkung,Keine Einschränkung,Nominierung Einrichtung / Gremium,1951,
O011292,Q1514918,Röntgen-Preis,de,Roentgen Prize,Webseite,Röntgen-Preis,Webseite,Justus-Liebig-Universität Gießen,wissenschaftlicher Sektor,DE,https://www.uni-giessen.de/de/org/admin/preise/startseite/Startseite,Forschung,Wissenschaftlicher Preis,Ja,15000,EUR,Keine Einschränkung,Keine Einschränkung,Eigenbewerbung und Nominierung,1960,
O011304,Q2175096,Ruhrpreis für Kunst und Wissenschaft,de,Ruhr Prize for Art and Science,ORAP,Ruhrpreis für Kunst und Wissenschaft,Webseite,Stadt Mülheim an der Ruhr,öffentlicher Sektor,DE,https://kultur.muelheim-ruhr.de/kulturbuero/ruhrpreis-fuer-kunst-wissenschaft/236,Forschung,Wissenschaftlicher Preis,Nein,5500,EUR,DACH,Deutschland | Nordrhein-Westfalen | Mülheim an der Ruhr,Nominierung Einrichtung / Gremium,1962,
O011308,Q55078497,Ruprecht-Karls-Preis,de,Ruprecht Karls Prize,ORAP,Ruprecht-Karls-Preis,Webseite,Stiftung Universität Heidelberg,wissenschaftlicher Sektor,DE,https://www.gdf.uni-heidelberg.de/stiftung/preise.html,Forschung,Wissenschaftlicher Preis,Ja,Keine Angabe,Keine Angabe,Einrichtungs- oder organisationsgebunden,Deutschland | Baden-Württemberg | Heidelberg,Nominierung Einrichtung / Gremium,1990,
O011324,Q55519152,Paul J. Scheuer-Preis für Marine Biotechnologie und Materialforschung,de,Paul J. Scheuer Prize for Marine Biotechnology and Materials Research,ORAP,Paul J. Scheuer-Preis für Marine Biotechnologie und Materialforschung,Webseite,Akademie gemeinnütziger Wissenschaften zu Erfurt; Stadt Erfurt,wissenschaftlicher Sektor; öffentlicher Sektor,DE; DE,https://www.dalberg-stiftung.de/index.php/akademie/wissenschaftspreise,Forschung,Wissenschaftlicher Preis,Nein,Keine Angabe,Keine Angabe,Keine Einschränkung,Keine Einschränkung,Keine Angabe,2004,
O011325,Q21200648,Schleiden-Medaille,de,Schleiden Medal,Webseite,Schleiden-Medaille,Webseite,Deutsche Akademie der Naturforscher Leopoldina,wissenschaftlicher Sektor,DE,https://www.leopoldina.org/ueber-uns/auszeichnungen/medaillen/schleiden-medaille/,Forschung,Wissenschaftlicher Preis,Nein,Kein Preisgeld,Kein Preisgeld,Keine Einschränkung,Keine Einschränkung,Keine Angabe,1955,
O011327,Q2248507,Schoeller-Junkmann-Preis,de,Schoeller-Junkmann Prize,ORAP,Schoeller-Junkmann-Preis,Webseite,Deutsche Gesellschaft für Endokrinologie,wissenschaftlicher Sektor,DE,https://www.endokrinologie.net/schoeller-junkmann-preis.php,Forschung,Wissenschaftlicher Preis,Ja,12000,EUR,International,Europa,Eigenbewerbung,1966,
O011334,Q1687156,Serge-von-Bubnoff-Medaille,de,Serge von Bubnoff Medal,ORAP,Serge-von-Bubnoff-Medaille,Webseite,Deutsche Geologische Gesellschaft – Geologische Vereinigung,wissenschaftlicher Sektor,DE,https://www.dggv.de/ueber-uns/ehrungen-und-preise/,Transfer,Wissenschaftlicher Preis,Nein,Keine Angabe,Keine Angabe,Keine Einschränkung,Keine Einschränkung,Keine Angabe,1958,
O011342,Q110986625,Siegfried Landshut Preis,de,Siegfried Landshut Prize,Webseite,Siegfried Landshut Preis,Webseite,Hamburger Institut für Sozialforschung,wissenschaftlicher Sektor,DE,https://www.his-online.de/das-institut/siegfried-landshut-preis/,Forschung,Wissenschaftlicher Preis,Nein,Keine Angabe,Keine Angabe,Keine Einschränkung,Keine Einschränkung,Keine Angabe,2018,
O011358,Q2333228,FWF-START-Preis,de,FWF START Award,Webseite,FWF-START-Preis,Webseite,Österreichischer Wissenschaftsfonds FWF,wissenschaftlicher Sektor,AT,https://www.fwf.ac.at/foerdern/foerderportfolio/karrieren/fwf-start-preis,Forschung,Wissenschaftliche Auszeichnung,Ja,1200000,EUR,DACH,Österreich,Eigenbewerbung,1996,
O011365,Q61857597,Stiftungspreis der Demokratie-Stiftung,de,Foundation Prize of the Democracy Foundation,ORAP,Stiftungspreis der Demokratie-Stiftung,Webseite,Demokratie-Stiftung der Universität zu Köln,wissenschaftlicher Sektor,DE,https://demokratiestiftung.uni-koeln.de/stiftung/projekte/stiftungspreis,Forschung,Wissenschaftlicher Preis,Ja,5000,EUR,DACH,Deutschland,Eigenbewerbung und Nominierung,2004,
O011387,Q21715517,Steinkopff-Preis,de,Steinkopff Prize,Webseite,Steinkopff-Preis,Webseite,Kolloid-Gesellschaft,wissenschaftlicher Sektor,DE,https://kolloid-gesellschaft.de/auszeichnungen/steinkopff-preis/,Transfer,Wissenschaftlicher Preis,Nein,Kein Preisgeld,Kein Preisgeld,Keine Einschränkung,Keine Einschränkung,Keine Angabe,1979,
O011392,Q21714484,Graham-Preis,de,Graham Prize,Webseite,Graham-Preis,Webseite,Kolloid-Gesellschaft,wissenschaftlicher Sektor,DE,https://kolloid-gesellschaft.de/auszeichnungen/graham-preis/,Forschung,Wissenschaftlicher Preis,Nein,Kein Preisgeld,Kein Preisgeld,Keine Einschränkung,Keine Einschränkung,Keine Angabe,1926,
O011414,Q29841327,VDI-Ehrenmedaille,de,VDI Medal of Honor,ORAP,VDI-Ehrenmedaille,Webseite,Verein Deutscher Ingenieure,Sonstige,DE,https://www.vdi.de/ueber-uns/organisation/ehrungen,Forschung,Wissenschaftlicher Preis,Nein,Kein Preisgeld,Kein Preisgeld,Einrichtungs- oder organisationsgebunden,Deutschland,Nominierung Einrichtung / Gremium,1978,
O011415,Q2511585,VdS-Medaille - deutscher Preis für Amateur-Astronomie,de,VdS Medal - German prize for amateur astronomy,ORAP,VdS-Medaille - deutscher Preis für Amateur-Astronomie,Webseite,Vereinigung der Sternfreunde,wissenschaftlicher Sektor,DE,https://sternfreunde.de/astronomie-fuer-mitglieder/die-vds-stellt-sich-vor/die-vds-medaille/,Forschung,Wissenschaftlicher Preis,Nein,500,EUR,Einrichtungs- oder organisationsgebunden,Deutschland; Österreich; Schweiz,Nominierung eingeschränkt,1999,
O011438,Q26840023,Walter-Hävernick-Preis,de,Walter Haevernick Prize,ORAP,Walter-Hävernick-Preis,Webseite,Numismatische Kommission der Länder in der Bundesrepublik Deutschland,wissenschaftlicher Sektor,DE,https://numismatische-kommission.de/stiftungen-und-foerderung/walter-haevernick-preis,Forschung,Wissenschaftlicher Preis,Ja,2000,EUR,DACH,Deutschland,Eigenbewerbung,2012,
O011447,Q1028915,Werner und Inge Grüter-Preis für Wissenschaftsvermittlung,de,Werner and Inge Grueter Prize for Science Communication,ORAP,Werner und Inge Grüter-Preis für Wissenschaftsvermittlung,Webseite,Werner und Inge Grüter-Stiftung,Stiftungen,DE,https://grueter-stiftung.de/preistr%C3%A4ger.html,Transfer,Wissenschaftlicher Preis,Nein,10000,EUR,DACH,Deutschland,Eigenbewerbung und Nominierung,1996,
O011448,Q64010751,Werner-Creutzfeldt-Preis,de,Werner Creutzfeldt Prize,ORAP,Werner-Creutzfeldt-Preis,Webseite,Deutsche Diabetes Gesellschaft,wissenschaftlicher Sektor,DE,https://www.ddg.info/forschung/forschungspreise/werner-creutzfeldt-preis,Forschung,Wissenschaftlicher Preis,Nein,10000,EUR,Einrichtungs- oder organisationsgebunden,Deutschland; Österreich; Schweiz,Eigenbewerbung,2007,
O011450,Q1510601,Karl-Weyprecht-Medaille,de,Karl Weyprecht Medal,Webseite,Karl-Weyprecht-Medaille,Webseite,Deutsche Gesellschaft für Polarforschung,wissenschaftlicher Sektor,DE,https://polarforschung.de/dgp-ehrungen/,Forschung,Wissenschaftlicher Preis,Nein,Kein Preisgeld,Kein Preisgeld,Keine Einschränkung,Keine Einschränkung,Keine Angabe,1967,
O011453,Q110985494,Wilhelm von Humboldt-Preis,de,Wilhelm von Humboldt Award,ORAP,Wilhelm von Humboldt-Preis,Webseite,Deutsche Gesellschaft für Sprachwissenschaft,wissenschaftlicher Sektor,DE,https://dgfs.de/de/inhalt/ueber/wilhelm-von-humboldt-preis/preistraeger-des-wilhelm-von-humboldt-preises,Forschung,Wissenschaftlicher Preis,Ja,2000,EUR,DACH,Deutschland; Österreich; Schweiz,Nominierung eingeschränkt,2012,
O011456,Q30328658,Wilhelm-Griesinger-Medaille,de,Wilhelm Griesinger Medal,ORAP,Wilhelm-Griesinger-Medaille,Webseite,"Deutsche Gesellschaft für Psychiatrie und Psychotherapie, Psychosomatik und Nervenheilkunde",wissenschaftlicher Sektor,DE,https://www.dgppn.de/preise/wilhelm-griesinger-medaille.html,Forschung,Wissenschaftlicher Preis,Nein,Keine Angabe,Keine Angabe,DACH,Deutschland,Keine Angabe,1986,
O011458,Q2571565,Wilhelm-Vaillant-Preis,de,Wilhelm Vaillant Prize,ORAP,Wilhelm-Vaillant-Preis,Webseite,Wilhelm Vaillant Stiftung,Stiftungen,DE,http://wilhelmvaillantstiftung.de/preis/,Forschung,Wissenschaftlicher Preis,Ja,30000,EUR,DACH,Deutschland,Nominierung eingeschränkt,1992,
O011472,Q22911534,Will-Kleber-Gedenkmünze,de,Will-Kleber commemorative Coin,Webseite,Will-Kleber-Gedenkmünze,Webseite,Deutsche Gesellschaft für Kristallographie,wissenschaftlicher Sektor,DE,https://dgk-home.de/intern/ehrenmitglieder-und-preistraeger/preistraeger-der-will-kleber-gedenkmuenze/,Forschung,Wissenschaftlicher Preis,Nein,Keine Angabe,Keine Angabe,DACH,Deutschland,Keine Angabe,2008,
O011473,Q23786523,Willy-Brandt-Preis für Zeitgeschichte,de,Willy Brandt Prize for Contemporary History,ORAP,Willy-Brandt-Preis für Zeitgeschichte,Webseite,Bundeskanzler-Willy-Brandt-Stiftung,Stiftungen,DE,https://willy-brandt.de/willy-brandt/forschung/forschungsfoerderung/,Forschung,Wissenschaftlicher Preis,Nein,3500,EUR,Keine Einschränkung,Keine Einschränkung,Eigenbewerbung,2005,
O011478,Q30067927,Fritz Behrens Wissenschaftspreis,de,Fritz Behrens Science Prize,ORAP,Fritz Behrens Wissenschaftspreis,Webseite,Fritz Behrens Stiftung,Stiftungen,DE,https://www.fritz-behrens-stiftung.de/,Forschung,Wissenschaftlicher Preis,Nein,30000,EUR,DACH,Deutschland,Keine Angabe,2010,
O011481,Q2586289,Wissenschaftspreis des Deutschen Bundestages,de,Science Prize of the German Bundestag,ORAP,Wissenschaftspreis des Deutschen Bundestages,Webseite,Deutscher Bundestag,öffentlicher Sektor,DE,https://www.bundestag.de/wissenschaftspreis,Forschung,Wissenschaftlicher Preis,Nein,10000,EUR,DACH,Deutschland,Eigenbewerbung und Nominierung,1989,
O011484,Q91648126,Wissenschaftspreis des Markenverbandes,de,Science Award of the Markenverband,ORAP,Wissenschaftspreis des Markenverbandes,Webseite,Markenverband; Gesellschaft zur Erforschung des Markenwesens,wirtschaftlicher Sektor; Sonstige,DE; DE,https://www.gem-online.de/veranstaltungen/wissenschaftspreis,Forschung,Wissenschaftlicher Preis,Nein,10000,EUR,DACH,Deutschland,Eigenbewerbung,1980,
O011485,Q61710128,Wissenschaftspreis für die Geschichte Berlins,de,Science Prize for the History of Berlin,Webseite,Wissenschaftspreis für die Geschichte Berlins,Webseite,Verein für die Geschichte Berlins,Sonstige,DE,https://www.diegeschichteberlins.de/verein/wissenschaftspreis.html,Forschung,Wissenschaftlicher Preis,Ja,4000,EUR,DACH,Deutschland,Eigenbewerbung,2018,
O011487,Q2586819,FWF-Wittgenstein-Preis,de,FWF Wittgenstein Award,Webseite,FWF-Wittgenstein-Preis,Webseite,Österreichischer Wissenschaftsfonds FWF,wissenschaftlicher Sektor,AT,https://www.fwf.ac.at/foerdern/foerderportfolio/projekte/fwf-wittgenstein-preis,Forschung,Wissenschaftliche Auszeichnung,Nein,2000000,EUR,DACH,Österreich,Nominierung eingeschränkt,1996,
O011488,Q45101219,Wolf-Erich-Kellner-Preis,de,Wolf-Erich-Kellner-Prize,Webseite,Wolf-Erich-Kellner-Preis,Webseite,Wolf-Erich-Kellner-Gedächtnisstiftung,Stiftungen,DE,https://www.freiheit.org/wolf-erich-kellner-preis,Forschung,Wissenschaftlicher Preis,Nein,2000,EUR,DACH,Deutschland,Eigenbewerbung,1966,
O011489,Q21714482,Ostwald-Preis,de,Ostwald Prize,Webseite,Ostwald-Preis,Webseite,Kolloid-Gesellschaft,wissenschaftlicher Sektor,DE,https://kolloid-gesellschaft.de/auszeichnungen/ostwaldpreis/,Forschung,Wissenschaftlicher Preis,Nein,Kein Preisgeld,Kein Preisgeld,Keine Einschränkung,Keine Einschränkung,Keine Angabe,1961,
O011503,Q1502579,Zittel-Medaille,de,Zittel Medal,Webseite,Zittel-Medaille,Webseite,Paläontologische Gesellschaft,wissenschaftlicher Sektor,DE,https://www.palaeontologische-gesellschaft.de/ueber-uns/auszeichnungen/zittel-medaille/,Forschung,Wissenschaftlicher Preis,Nein,Kein Preisgeld,Kein Preisgeld,DACH,Deutschland,Nominierung eingeschränkt,1984,
O011915,Q113647641,Boehringer Ingelheim Preis für Geisteswissenschaften,de,Boehringer Ingelheim Prize for the Humanities,ORAP,Boehringer Ingelheim Preis für Geisteswissenschaften,Webseite,Geschwister Boehringer Ingelheim Stiftung für Geisteswissenschaften,Stiftungen,DE,https://www.boehringer-geisteswissenschaften.de/wissenschaftspreise.html,Forschung,Wissenschaftlicher Preis,Ja,10000,EUR,DACH,Deutschland,Nominierung Einrichtung / Gremium,2022,
O012241,Q18347684,Gustav-Stolper-Preis,de,Gustav Stolper Award,Webseite,Gustav-Stolper-Preis,Webseite,Verein für Socialpolitik,wissenschaftlicher Sektor,DE,https://www.socialpolitik.de/de/gustav-stolper-award,Forschung,Wissenschaftlicher Preis,Nein,5000,EUR,Keine Einschränkung,Keine Einschränkung,Nominierung eingeschränkt,2007,
O012262,Q18509198,Akademiepreis für Biologie,de,Academy Prize for Biology,ORAP,Akademiepreis für Biologie,Webseite,Niedersächsische Akademie der Wissenschaften zu Göttingen,wissenschaftlicher Sektor,DE,https://adw-goe.de/preise/kategorien/preise-fuer-biologie-fuer-chemie-und-fuer-physik/,Forschung,Wissenschaftlicher Preis,Ja,Keine Angabe,Keine Angabe,Keine Einschränkung,Keine Einschränkung,Nominierung Einrichtung / Gremium,1983,2016
O012953,Q4673510,Acharius-Medaille,de,Acharius Medal,Webseite,Acharius-Medaille,Webseite,International Association for Lichenology,wissenschaftlicher Sektor,US,https://ial-lichenology.org/awards/,Forschung,Wissenschaftlicher Preis,Nein,Keine Angabe,Keine Angabe,Keine Einschränkung,Keine Einschränkung,Nominierung eingeschränkt,1992,
O013026,Q4997908,Bunsen-Kirchhoff-Preis für Analytische Spektroskopie,de,Bunsen-Kirchhoff Award for Analytical Spectroscopy,Webseite,Bunsen-Kirchhoff-Preis für Analytische Spektroskopie,Webseite,Gesellschaft Deutscher Chemiker,wissenschaftlicher Sektor,DE,https://www.gdch.de/netzwerk-strukturen/fachstrukturen/analytische-chemie/arbeitskreise/ak-daas/bunsen-kirchhoff-preis.html,Forschung,Wissenschaftlicher Preis,Ja,3000,EUR,Keine Einschränkung,Keine Einschränkung,Nominierung eingeschränkt,1990,
O013807,Q6372227,Karl-Scheel-Preis,de,Karl Scheel Prize,ORAP,Karl-Scheel-Preis,Webseite,Deutsche Physikalische Gesellschaft,wissenschaftlicher Sektor,DE,https://pgzb.de/preise/karl-scheel-preis,Forschung,Wissenschaftlicher Preis,Ja,5000,EUR,Einrichtungs- oder organisationsgebunden,Deutschland | Berlin; Deutschland | Brandenburg,Nominierung offen,1958,
O014206,Q85799982,The Schwäbisch Gmünd Prize for Young Scientists,en,The Schwäbisch Gmünd Prize for Young Scientists,Webseite,Der Schwäbisch-Gmünd-Preis für junge Wissenschaftler/-innen,ORAP,European Academy of Surface Technology,wissenschaftlicher Sektor,DE,https://www.east-site.net/prize-for-young-scientist,Forschung,Wissenschaftlicher Preis,Ja,500,EUR,International,Europa,Eigenbewerbung,2017,
O020001,,van 't Hoff-Preis,de,Van 't Hoff Prize,ORAP,van 't Hoff-Preis,Webseite,Deutsche Bunsen-Gesellschaft für physikalische Chemie,wissenschaftlicher Sektor,DE,https://bunsen.de/auszeichnungen/preise,Forschung,Wissenschaftlicher Preis,Nein,Keine Angabe,Keine Angabe,DACH,Deutschland,Keine Angabe,2009,
O020028,,Johann-Georg-Zimmermann-Preis,de,Johann Georg Zimmermann Prize,ORAP,Johann-Georg-Zimmermann-Preis,Webseite,Medizinische Hochschule Hannover (MHH),wissenschaftlicher Sektor,DE,https://www.mhh.de/plus/foerderung/,Forschung,Wissenschaftlicher Preis,Ja,10000,EUR,DACH,Deutschland; Österreich; Schweiz,Nominierung Einrichtung / Gremium,1973,
O020038,,Orden Pour le mérite für Wissenschaften und Künste,de,Order Pour le mérite for Sciences and Arts,ORAP,Orden Pour le mérite für Wissenschaften und Künste,Webseite,Bundespräsident der Bundesrepublik Deutschland,öffentlicher Sektor,DE,https://www.bundespraesident.de/DE/amt-und-aufgaben/orden-und-ehrungen/pour-le-merite/pour-le-merite_node.html,Forschung,Wissenschaftliche Auszeichnung,Nein,Kein Preisgeld,Kein Preisgeld,Keine Einschränkung,Keine Einschränkung,Nominierung eingeschränkt,1842,
O020041,Q56574321,Balthasar Neumann Preis,de,Balthasar Neumann Prize,ORAP,Balthasar Neumann Preis,Webseite,"Bund Deutscher Baumeister, Architekten und Ingenieure",Sonstige,DE,https://www.baumeister-online.de/aktivitaten/wettbewerbe/balthasar-neumann-preis/,Sonstiges,Wissenschaftlicher Preis,Nein,10000,EUR,Keine Einschränkung,Keine Einschränkung,Eigenbewerbung,2012,
O020044,,Deutscher IT-Sicherheitspreis,de,German IT Security Award,ORAP,Deutscher IT-Sicherheitspreis,Webseite,Fraunhofer-Institut für Sichere Informationstechnologie,wissenschaftlicher Sektor,DE,https://www.deutscher-it-sicherheitspreis.de/,Forschung,Wissenschaftlicher Preis,Nein,100000,EUR,DACH,Deutschland,Eigenbewerbung,2006,
O020048,,GEBF-Nachwuchspublikationspreis,de,GEBF Prize for Young Journalists,ORAP,GEBF-Nachwuchspublikationspreis,Webseite,Gesellschaft für Empirische Bildungsforschung,wissenschaftlicher Sektor,DE,https://www.gebf-ev.de/%C3%BCbersicht-gebf/gebf-preise/,Forschung,Wissenschaftlicher Preis,Ja,700,EUR,Einrichtungs- oder organisationsgebunden,Deutschland,Eigenbewerbung und Nominierung,2015,
O020049,,Ars legendi-Fakultätenpreis für exzellente Hochschullehre in den Rechtswissenschaften,de,Ars legendi faculty award for excellent university teaching in law,ORAP,Ars legendi-Fakultätenpreis für exzellente Hochschullehre in den Rechtswissenschaften,Webseite,Deutscher Juristen-Fakultätentag; Universität zu Köln; Stifterverband für die Deutsche Wissenschaft,wissenschaftlicher Sektor; wissenschaftlicher Sektor; wissenschaftlicher Sektor,DE; DE; DE,https://www.stifterverband.org/ars-legendi-recht,Lehre,Wissenschaftlicher Preis,Nein,15000,EUR,DACH,Deutschland,Keine Angabe,2012,2018
O020051,,Dr.-Norbert-Schmidt-Preis für herausragende Promotionen,de,Dr Norbert Schmidt Prize for outstanding doctoral degrees,Webseite,Dr.-Norbert-Schmidt-Preis für herausragende Promotionen,Webseite,Hochschule Fulda,wissenschaftlicher Sektor,DE,https://www.hs-fulda.de/forschung/forschungsfoerderung/wissenschaftspreise/dr-norbert-schmidt-preis-fuer-herausragende-promotionen,Forschung,Wissenschaftlicher Preis,Ja,10000,EUR,DACH,Deutschland | Hessen | Fulda,Nominierung eingeschränkt,2021,
O010959,Q29954289,Karmarsch-Denkmünze,de,Karmarsch commemorative coin,ORAP,Karmarsch-Denkmünze,Webseite,Leibniz Universitätsgesellschaft Hannover,wissenschaftlicher Sektor,DE,https://www.leibniz-universitaetsgesellschaft-hannover.de/auszeichnungen/karmarsch-denkmuenze/,Forschung,Wissenschaftlicher Preis,Nein,Kein Preisgeld,Kein Preisgeld,DACH,Deutschland,Keine Angabe,1925,
O011501,Q1036620,Zeiss Research Award,en,Zeiss Research Award,Webseite,Zeiss-Forschungspreis,ORAP,Carl Zeiss AG,wirtschaftlicher Sektor,DE,https://www.zeiss.de/corporate/ueber-zeiss/zukunft/foerderung/zeiss-research-award.html,Forschung,Wissenschaftlicher Preis,Nein,Keine Angabe,Keine Angabe,Keine Einschränkung,Keine Einschränkung,Nominierung eingeschränkt,2016,
O012335,Q18748042,AAAI Fellows Program,en,AAAI Fellows Program,Webseite,AAAI Fellows-Programm,ORAP,Association for the Advancement of Artificial Intelligence,wissenschaftlicher Sektor,US,http://www.aaai.org/Awards/fellows.php,Forschung,Wissenschaftliche Auszeichnung,Nein,Keine Angabe,Keine Angabe,Einrichtungs- oder organisationsgebunden,Keine Angabe,Nominierung eingeschränkt,1990,
O011658,Q105949651,AAVMC Excellence in Research Award,en,AAVMC Excellence in Research Award,Webseite,AAVMC-Preis für herausragende Forschungsleistungen,ORAP,Association of American Veterinary Medical Colleges,wissenschaftlicher Sektor,US,https://awards.aavmc.org/default.asp,Forschung,Wissenschaftlicher Preis,Nein,1000,USD,Einrichtungs- oder organisationsgebunden,International,Nominierung eingeschränkt,2011,
O013814,Q6387936,ACM Ken Kennedy Award,en,ACM Ken Kennedy Award,Webseite,ACM Ken Kennedy-Preis,ORAP,Association for Computing Machinery; Institute of Electrical and Electronics Engineers,wissenschaftlicher Sektor; wissenschaftlicher Sektor,US; US,http://awards.acm.org/kennedy,Forschung,Wissenschaftlicher Preis,Nein,5000,USD,Keine Einschränkung,Keine Einschränkung,Nominierung offen,2009,
O012733,Q30573730,ACM SIGARCH Alan D. Berenbaum Distinguished Service Award,en,ACM SIGARCH Alan D. Berenbaum Distinguished Service Award,Webseite,ACM SIGARCH Alan D. Berenbaum-Preis für herausragende Verdienste,ORAP,Association for Computing Machinery,wissenschaftlicher Sektor,US,https://www.sigarch.org/benefit/awards/acm-sigarch-distinguished-service-award/,Sonstiges,Wissenschaftlicher Preis,Nein,1000,USD,Keine Einschränkung,Keine Einschränkung,Nominierung offen,2008,
O010041,Q986509,ACM Software System Award,en,ACM Software System Award,Webseite,ACM Software System-Preis,ORAP,Association for Computing Machinery,wissenschaftlicher Sektor,US,https://awards.acm.org/software-system,Forschung,Wissenschaftlicher Preis,Nein,35000,USD,Keine Einschränkung,Keine Einschränkung,Nominierung offen,1983,
O012152,Q15994863,ACM Eugene L. Lawler Award,en,ACM Eugene L. Lawler Award,Webseite,ACM-Eugene-L.-Lawler-Preis,ORAP,Association for Computing Machinery,wissenschaftlicher Sektor,US,http://awards.acm.org/lawler,Sonstiges,Wissenschaftlicher Preis,Nein,5000,USD,Keine Einschränkung,Keine Einschränkung,Nominierung offen,1999,
O010039,Q18748039,ACM Fellows,en,ACM Fellows,Webseite,ACM-Auszeichnung für herausgehobene Mitglieder,ORAP,Association for Computing Machinery,wissenschaftlicher Sektor,US,https://awards.acm.org/fellows,Forschung,Wissenschaftliche Auszeichnung,Nein,Keine Angabe,Keine Angabe,Einrichtungs- oder organisationsgebunden,International,Nominierung offen,1994,
O012696,Q30128828,Ada Lovelace Award,en,Ada Lovelace Award,Webseite,Ada Lovelace-Preis,ORAP,Association for Women in Computing,wissenschaftlicher Sektor,US,https://awc-hq.org/ada-lovelace-awards.html,Forschung,Wissenschaftlicher Preis,Nein,Keine Angabe,Keine Angabe,International,Vereinigte Staaten,Keine Angabe,1982,
O002016,,ADF/ECARF-Award for European Allergy Research,en,ADF/ECARF-Award for European Allergy Research,Webseite,ADF/ECARF-Award für Allergologie,Webseite,Arbeitsgemeinschaft Dermatologische Forschung,wissenschaftlicher Sektor,DE,https://www.adf-online.de/s-preise/s/adfecarf-award-for-european-allergy-research/,Forschung,Wissenschaftlicher Preis,Nein,5000,EUR,Keine Einschränkung,Keine Einschränkung,Nominierung Einrichtung / Gremium,2005,
O004008,Q1287930,Albert Einstein World Award of Science,en,Albert Einstein World Award of Science,Webseite,Albert-Einstein-Weltpreis für Wissenschaft,ORAP,World Cultural Council,wissenschaftlicher Sektor,CH,http://www.consejoculturalmundial.org/awards/world-award-of-science/,Forschung,Wissenschaftlicher Preis,Nein,10000,USD,Keine Einschränkung,Keine Einschränkung,Nominierung Einrichtung / Gremium,1984,
O012784,Q3404320,Alfred Bader Award,en,Alfred Bader Award,Webseite,Alfred-Bader-Preis,ORAP,Chemical Institute of Canada,wissenschaftlicher Sektor,CA,https://www.cheminst.ca/awards/csc/bader/,Forschung,Wissenschaftliche Auszeichnung,Nein,Keine Angabe,Keine Angabe,International,Kanada,Eigenbewerbung und Nominierung,2013,
O010779,Q891132,Alfvén Prize,en,Alfvén Prize,Webseite,Alfvén-Preis,ORAP,European Physical Society,wissenschaftlicher Sektor,FR,http://plasma.ciemat.es/eps/awards/alfven-prize/,Forschung,Wissenschaftlicher Preis,Nein,5000,EUR,Keine Einschränkung,Keine Einschränkung,Nominierung eingeschränkt,2000,
O013419,Q58035117,ALISE Award for Professional Contribution to Library and Information Science Education,en,ALISE Award for Professional Contribution to Library and Information Science Education,Webseite,ALISE-Preis für professionellen Beitrag zur bibliothekarischen und informationswissenschaftlichen Ausbildung,ORAP,Association for Library and Information Science Education,wissenschaftlicher Sektor,US,https://www.alise.org/index.php?option=com_content&view=article&id=481,Lehre,Wissenschaftlicher Preis,Nein,Keine Angabe,Keine Angabe,Einrichtungs- oder organisationsgebunden,Vereinigte Staaten,Nominierung offen,1987,
O011684,Q106518752,Angela Y. Davis Prize,en,Angela Y. Davis Prize,Webseite,Angela Y. Davis-Preis,ORAP,American Studies Association,wissenschaftlicher Sektor,US,https://www.theasa.net/awards/asa-awards-prizes/angela-y-davis-prize,Transfer,Wissenschaftlicher Preis,Nein,Keine Angabe,Keine Angabe,Einrichtungs- oder organisationsgebunden,International,Eigenbewerbung und Nominierung,2012,
O010103,Q31841128,Anna-Monika-Prize,en,Anna-Monika-Prize,Webseite,Anna-Monika-Preis,Webseite,Anna-Monika-Foundation,Stiftungen,DE,https://anna-monika-stiftung.de/prize-competition/,Forschung,Wissenschaftlicher Preis,Nein,25000,EUR,Keine Einschränkung,Keine Einschränkung,Eigenbewerbung und Nominierung,1965,
O011873,Q112134933,Anton Hales Medal,en,Anton Hales Medal,Webseite,Anton-Hales-Medaille,ORAP,Australian Academy of Science ,wissenschaftlicher Sektor,AU,https://www.science.org.au/supporting-science/awards-and-opportunities/anton-hales-medal,Forschung,Wissenschaftlicher Preis,Ja,Kein Preisgeld,Kein Preisgeld,International,Australien,Nominierung offen,2009,
O012837,Q35993840,Asa Gray Award,en,Asa Gray Award,Webseite,Asa-Gray-Preis,ORAP,American Society of Plant Taxonomists,wissenschaftlicher Sektor,US,https://www.aspt.net/asa-gray-award#.Y-Io6i_MK70,Forschung,Wissenschaftlicher Preis,Nein,Keine Angabe,Keine Angabe,International,Vereinigte Staaten,Nominierung eingeschränkt,1984,
O011808,Q110560455,ASLO Fellow,en,ASLO Fellow,Webseite,ASLO-Fellow,ORAP,Association for the Sciences of Limnology and Oceanography,wissenschaftlicher Sektor,US,https://www.aslo.org/aslo-fellows/,Forschung,Wissenschaftliche Auszeichnung,Nein,Keine Angabe,Keine Angabe,Einrichtungs- oder organisationsgebunden,International,Nominierung eingeschränkt,2015,
O012757,Q3298662,ASME Medal,en,ASME Medal,Webseite,ASME-Medaille,ORAP,American Society of Ichthyologists and Herpetologists,wissenschaftlicher Sektor,US,https://www.asme.org/about-asme/honors-awards/achievement-awards/asme-medal,Forschung,Wissenschaftlicher Preis,Nein,15000,USD,International,Vereinigte Staaten,Nominierung offen,1921,
O011719,Q107340048,Academic/Research Librarian of the Year Award,en,Academic/Research Librarian of the Year Award,Webseite,Auszeichnung als akademischer/wissenschaftlicher Bibliothekar des Jahres,ORAP,Association of College and Research Libraries,wissenschaftlicher Sektor,US,http://www.ala.org/acrl/awards/achievementawards/acrllibrarian,Forschung,Wissenschaftlicher Preis,Nein,5000,USD,International,Vereinigte Staaten,Eigenbewerbung und Nominierung,1978,
O010122,Q116541004,Astronomical League Award,en,Astronomical League Award,Webseite,Auszeichnung der Astronomischen Liga,ORAP,Astronomical League,wissenschaftlicher Sektor,US,https://www.astroleague.org/the-astronomical-league-award/,Forschung,Wissenschaftlicher Preis,Nein,Keine Angabe,Keine Angabe,Keine Einschränkung,Keine Einschränkung,Nominierung offen,1951,
O012659,Q29021158,Academic Leadership Award,en,Academic Leadership Award,Webseite,Auszeichnung für akademische Führung,ORAP,Carnegie Corporation of New York,Stiftungen,US,https://www.carnegie.org/programs/academic-leadership-award/,Sonstiges,Wissenschaftlicher Preis,Nein,500000,USD,Einrichtungs- oder organisationsgebunden,Vereinigte Staaten,Nominierung Einrichtung / Gremium,2005,2017
O014008,Q69415820,Award of Merit,en,Award of Merit,Webseite,Auszeichnung für Verdienste,ORAP,Association for Information Science and Technology,wissenschaftlicher Sektor,US,https://www.asist.org/programs-services/awards-honors/award-of-merit/,Forschung,Wissenschaftlicher Preis,Nein,Keine Angabe,Keine Angabe,International,Vereinigte Staaten,Nominierung eingeschränkt,1964,
O010129,Q63391503,AWM Joan & Joseph Birman Research Prize in Topology and Geometry,en,AWM Joan & Joseph Birman Research Prize in Topology and Geometry,Webseite,AWM Joan & Joseph Birman-Forschungspreis für Topologie und Geometrie,ORAP,Association for Women in Mathematics,wissenschaftlicher Sektor,US,https://awm-math.org/awards/awm-birman-research-prize/,Forschung,Wissenschaftlicher Preis,Ja,Keine Angabe,Keine Angabe,International,Vereinigte Staaten,Nominierung offen,2015,
O010131,Q55632313,AWM Sadosky Research Prize in Analysis,en,AWM Sadosky Research Prize in Analysis,Webseite,AWM Sadosky-Forschungspreis für Analyse,ORAP,Association for Women in Mathematics,wissenschaftlicher Sektor,US,https://awm-math.org/awards/awm-sadosky-research-prize/,Forschung,Wissenschaftlicher Preis,Ja,1000,USD,International,Vereinigte Staaten,Nominierung offen,2012,
O011710,Q107183717,Batterham Medal for Engineering Excellence,en,Batterham Medal for Engineering Excellence,Webseite,Batterham-Medaille für herausragende technische Leistungen,ORAP,Australian Academy of Technological Sciences & Engineering,wissenschaftlicher Sektor,AU,https://www.atse.org.au/what-we-do/atse-awards/batterham-medal-for-engineering-excellence/,Forschung,Wissenschaftlicher Preis,Ja,5000,USD,International,Australien,Nominierung offen,2015,
O001328,,Bayer Thrombosis Research Award,en,Bayer Thrombosis Research Award,Webseite,Bayer-Preis für Thromboseforschung,ORAP,Bayer Science and Education Foundation,Stiftungen,DE,https://www.bayer-foundation.com/science/our-awards#bayer-thrombosis-award,Forschung,Wissenschaftlicher Preis,Ja,30000,EUR,DACH,Deutschland; Österreich; Schweiz,Nominierung eingeschränkt,2011,
O013361,Q57234439,Premios Fronteras del Conocimiento,es,Frontiers of Knowledge Awards,Webseite,Frontiers of Knowledge-Preis,ORAP,Fundación BBVA,Stiftungen,ES,https://www.frontiersofknowledgeawards-fbbva.es/conditions/,Forschung,Wissenschaftlicher Preis,Nein,400000,EUR,Keine Einschränkung,Keine Einschränkung,Nominierung eingeschränkt,2008,
O012570,Q25324637,Berggruen Prize for Philosophy & Culture,en,Berggruen Prize for Philosophy & Culture,Webseite,Berggruen-Preis für Philosophie und Kultur,ORAP,Berggruen Institute,Stiftungen,US,https://berggruen.org/prize,Forschung,Wissenschaftlicher Preis,Nein,1000000,USD,Keine Einschränkung,Keine Einschränkung,Nominierung offen,2016,
O013013,Q4893710,Bernard Tucker Medal,en,Bernard Tucker Medal,Webseite,Bernard-Tucker-Medaille,ORAP,British Trust for Ornithology,Stiftungen,GB,https://www.bto.org/about/history/medals-awards/tucker-medal,Forschung,Wissenschaftlicher Preis,Nein,Keine Angabe,Keine Angabe,International,Vereinigtes Königreich,Nominierung offen,1954,
O013015,Q4897271,Beta Phi Mu Award,en,Beta Phi Mu Award,Webseite,Beta-Phi-Mu-Auszeichnung,ORAP,Beta Phi Mu,wissenschaftlicher Sektor,US,https://www.ala.org/awardsgrants/beta-phi-mu-award,Lehre,Wissenschaftlicher Preis,Nein,1000,USD,International,Vereinigte Staaten,Eigenbewerbung und Nominierung,1965,
O013134,Q52414520,Bijvoet Medal,en,Bijvoet Medal,Webseite,Bijvoet-Medaille,ORAP,Bijvoet Center for Biomolecular Research,wissenschaftlicher Sektor,NL,https://www.uu.nl/en/research/bijvoet-centre-for-biomolecular-research/about-us/bijvoet-medal,Forschung,Wissenschaftlicher Preis,Nein,Keine Angabe,Keine Angabe,Keine Einschränkung,Keine Einschränkung,Keine Angabe,1989,
O010167,Q52414572,Birgit Grodal Award,en,Birgit Grodal Award,Webseite,Birgit Grodal-Preis,ORAP,European Economic Association,wissenschaftlicher Sektor,BE,https://www.eeassoc.org/awards/birgit-grodal-award,Forschung,Wissenschaftlicher Preis,Nein,10000,EUR,Keine Einschränkung,Keine Einschränkung,Nominierung eingeschränkt,2012,
O010168,Q15016684,Blaise Pascal Medal,en,Blaise Pascal Medal,Webseite,Blaise-Pascal-Medaille,ORAP,European Academy of Sciences,wissenschaftlicher Sektor,BE,https://www.eurasc.eu/eurasc-awardees-blaise-pascal-medal/,Forschung,Wissenschaftlicher Preis,Nein,Kein Preisgeld,Kein Preisgeld,Keine Einschränkung,Keine Einschränkung,Nominierung eingeschränkt,2003,
O010169,Q4929631,Burū Puranetto Shō,ja,Blue Planet Prize,Webseite,Blauer Planet-Preis,ORAP,Asahi Garasu Zaidan,Stiftungen,JP,https://www.af-info.or.jp/en/blueplanet/about.html,Forschung,Wissenschaftlicher Preis,Nein,500000,USD,Keine Einschränkung,Keine Einschränkung,Nominierung eingeschränkt,1992,
O002147,Q18648940,Burkitt Medal for Biblical Studies,en,Burkitt Medal for Biblical Studies,Webseite,Burkitt-Medaille für Bibelstudien,ORAP,British Academy,wissenschaftlicher Sektor,GB,http://www.britac.ac.uk/burkitt-medal-biblical-studies,Forschung,Wissenschaftlicher Preis,Nein,Keine Angabe,Keine Angabe,Keine Einschränkung,Keine Einschränkung,Nominierung eingeschränkt,1925,
O012342,Q19474225,C.A. Wright Memorial Medal,en,C.A. Wright Memorial Medal,Webseite,C.A. Wright Gedenkmedaille,ORAP,British Society for Parasitology,wissenschaftlicher Sektor,GB,http://bsp.uk.net/awards-grants/c-a-wright-memorial-medal/,Forschung,Wissenschaftlicher Preis,Nein,Keine Angabe,Keine Angabe,Einrichtungs- oder organisationsgebunden,International,Nominierung eingeschränkt,1985,
O013377,Q57418049,Calderone Prize,en,Calderone Prize,Webseite,Calderone-Preis,ORAP,Columbia University,wissenschaftlicher Sektor,US,https://www.mailman.columbia.edu/public-health-now/events/distinguished-lectures/calderone-prize,Forschung,Wissenschaftlicher Preis,Nein,50000,USD,Keine Einschränkung,Keine Einschränkung,Nominierung eingeschränkt,1992,
O014193,Q85091917,Camillo Golgi Prize,en,Camillo Golgi Prize,Webseite,Camillo-Golgi-Preis,ORAP,European Association for the Study of Diabetes,wissenschaftlicher Sektor,GB,https://www.easd.org/prizes/camillo-golgi.html,Forschung,Wissenschaftlicher Preis,Nein,20000,EUR,Einrichtungs- oder organisationsgebunden,International,Eigenbewerbung und Nominierung,1986,
O002149,,Care-for-Rare-Science Award,en,Care-for-Rare-Science Award,Webseite,Care-for-Rare Wissenschaftspreis,ORAP,Care-for-Rare Foundation; Werner Reichenberger Stiftung,Stiftungen; Stiftungen,DE; DE,https://www.en.mmrs.med.uni-muenchen.de/scholarship_grants/care-for-rare-science-award/,Forschung,Wissenschaftlicher Preis,Nein,50000,EUR,DACH,Deutschland,Eigenbewerbung,2013,
O011516,Q100328630,Carlos Jaschek Award,en,Carlos Jaschek Award,Webseite,Carlos-Jaschek-Preis,ORAP,European Society for Astronomy in Culture,wissenschaftlicher Sektor,IT,http://www.archeoastronomy.org/content/carlos-jaschek-award/,Forschung,Wissenschaftlicher Preis,Nein,500,EUR,Keine Einschränkung,Keine Einschränkung,Nominierung eingeschränkt,2008,
O013040,Q5040756,Carl Sagan Medal,en,Carl Sagan Medal,Webseite,Carl-Sagan-Medaille,ORAP,American Astronomical Society,wissenschaftlicher Sektor,US,https://dps.aas.org/prizes/sagan,Transfer,Wissenschaftlicher Preis,Nein,Keine Angabe,Keine Angabe,International,Vereinigte Staaten,Nominierung offen,1998,
O010186,Q330957,Catherine Wolfe Bruce Gold Medal,en,Catherine Wolfe Bruce Gold Medal,Webseite,Catherine Wolfe Bruce Goldmedaille,ORAP,Astronomical Society of the Pacific,wissenschaftlicher Sektor,US,https://astrosociety.org/who-we-are/awards/catherine-wolfe-bruce-gold-medal.html,Forschung,Wissenschaftlicher Preis,Nein,Keine Angabe,Keine Angabe,Keine Einschränkung,Keine Einschränkung,Nominierung offen,1898,
O010223,Q35925521,CBHL Charles Robert Long Award of Extraordinary Merit,en,CBHL Charles Robert Long Award of Extraordinary Merit,Webseite,CBHL Charles Robert Long-Preis für außerordentliche Verdienste,ORAP,Council on Botanical and Horticultural Libraries,wissenschaftlicher Sektor,US,http://www.cbhl.net/charles-robert-long-award,Forschung,Wissenschaftlicher Preis,Nein,Keine Angabe,Keine Angabe,International,Vereinigte Staaten,Keine Angabe,1988,
O014154,Q79448759,Charles Albert Shull Award,en,Charles Albert Shull Award,Webseite,Charles Albert Shull-Preis,ORAP,American Society of Plant Biologists,wissenschaftlicher Sektor,US,https://aspb.org/awards-funding/aspb-awards/charles-albert-shull-award/,Forschung,Wissenschaftlicher Preis,Ja,Keine Angabe,Keine Angabe,International,Vereinigte Staaten,Nominierung eingeschränkt,1971,
O011776,Q109243432,Charles Russ Richards Memorial Award,en,Charles Russ Richards Memorial Award,Webseite,Charles-Russ-Richards-Gedächtnispreis,ORAP,American Society of Mechanical Engineers; Pi Tau Sigma,Sonstige; wissenschaftlicher Sektor,US; US,https://www.asme.org/about-asme/honors-awards/achievement-awards/charles-russ-richards-memorial-award,Forschung,Wissenschaftlicher Preis,Nein,1000,USD,International,Vereinigte Staaten,Nominierung offen,1947,
O010231,Q3332205,Christiaan Huygens Medal,en,Christiaan Huygens Medal,Webseite,Christiaan-Huygens-Medaille,ORAP,European Geosciences Union e. V.,wissenschaftlicher Sektor,DE,https://www.egu.eu/awards-medals/christiaan-huygens/,Forschung,Wissenschaftlicher Preis,Nein,Keine Angabe,Keine Angabe,Keine Einschränkung,Keine Einschränkung,Nominierung eingeschränkt,2008,
O004075,,Christoph Daniel Ebeling Fellowship,en,Christoph Daniel Ebeling Fellowship,Webseite,Christoph Daniel Ebeling-Stipendium,ORAP,Deutsche Gesellschaft für Amerikastudien e. V.; American Antiquarian Society,wissenschaftlicher Sektor; wissenschaftlicher Sektor,DE; US,https://dgfa.de/christoph-daniel-ebeling-fellowship-jointly-sponsored-by-dgfagaas-and-aas/,Forschung,Wissenschaftliche Auszeichnung,Ja,1800,EUR,DACH,Deutschland,Eigenbewerbung,2002,
O013643,Q61910600,Christopher Heyde Medal,en,Christopher Heyde Medal,Webseite,Christopher-Heyde-Medaille,ORAP,Australian Academy of Science ,wissenschaftlicher Sektor,AU,https://www.science.org.au/opportunities-scientists/recognition/honorific-awards/early-career-awards/christopher-heyde-medal,Forschung,Wissenschaftlicher Preis,Ja,6000,AUD,International,Australien,Nominierung offen,2011,
O014145,Q78499668,Clara Southmayd Ludlow Medal,en,Clara Southmayd Ludlow Medal,Webseite,Clara Southmayd Ludlow-Medaille,ORAP,American Society of Tropical Medicine and Hygiene,wissenschaftlicher Sektor,US,https://www.astmh.org/awards-fellowships-medals/awards-and-honors/clara-southmayd-ludlow-medal,Forschung,Wissenschaftlicher Preis,Nein,Keine Angabe,Keine Angabe,Keine Einschränkung,Keine Einschränkung,Nominierung eingeschränkt,2017,
O012774,Q3332320,CNRS médaille de bronze,fr,CNRS bronze medal,Webseite,CNRS-Bronzemedaille,ORAP,CNRS - Centre national de la recherche scientifique,wissenschaftlicher Sektor,FR,https://www.cnrs.fr/en/talents/cnrs?medal=40,Forschung,Wissenschaftlicher Preis,Nein,Keine Angabe,Keine Angabe,Einrichtungs- oder organisationsgebunden,Frankreich,Keine Angabe,1955,
O012772,Q3332287,CNRS médaille d’argent,fr,CNRS silver medal,Webseite,CNRS-Silbermedaille,ORAP,CNRS - Centre national de la recherche scientifique,wissenschaftlicher Sektor,FR,https://www.cnrs.fr/en/talents/cnrs?medal=39,Forschung,Wissenschaftlicher Preis,Nein,Keine Angabe,Keine Angabe,Einrichtungs- oder organisationsgebunden,Frankreich,Keine Angabe,1955,
O013322,Q56876672,Coblentz Award,en,Coblentz Award,Webseite,Coblentz-Preis,ORAP,Coblentz Society,wissenschaftlicher Sektor,US,http://www.coblentz.org/awards/the-coblentz-award/,Forschung,Wissenschaftlicher Preis,Ja,Keine Angabe,Keine Angabe,Keine Einschränkung,Keine Einschränkung,Nominierung offen,1964,
O010251,Q4502264,Coxeter-James Prize,en,Coxeter-James Prize,Webseite,Coxeter-James-Preis,ORAP,Canadian Mathematical Society,wissenschaftlicher Sektor,CA,http://cms.math.ca/Prizes/info/cj.html,Forschung,Wissenschaftlicher Preis,Ja,Keine Angabe,Keine Angabe,International,Kanada,Nominierung offen,1978,
O013122,Q5209824,Daiwa Adrian Prizes for Scientific Collaboration,en,Daiwa Adrian Prizes for Scientific Collaboration,Webseite,Daiwa Adrian-Preise für wissenschaftliche Zusammenarbeit,ORAP,Daiwa Anglo-Japanese Foundation,Stiftungen,GB,https://dajf.org.uk/daiwa-foundation-small-grants-and-awards/daiwa-adrian-prizes,Forschung,Wissenschaftlicher Preis,Nein,10000,GBP,International,Großbritannien und Nordirland; Japan,Keine Angabe,1994,2016
O001030,Q1158951,Dan David Prize,en,Dan David Prize,Webseite,Dan-David-Preis,ORAP,Dan David Foundation; אוניברסיטת תל אביב,Stiftungen; wissenschaftlicher Sektor,LI; IL,http://www.dandavidprize.org,Forschung,Wissenschaftlicher Preis,Ja,300000,USD,Keine Einschränkung,Keine Einschränkung,Nominierung offen,2002,
O010259,Q3332195,Daniel Guggenheim Medal,en,Daniel Guggenheim Medal,Webseite,Daniel-Guggenheim-Medaille,ORAP,American Society of Mechanical Engineers; SAE International; Vertical Flight Society; American Institute of Aeronautics and Astronautics,Sonstige; Sonstige; wissenschaftlicher Sektor; wissenschaftlicher Sektor,US; US; US; US,http://www.guggenheimmedal.org,Forschung,Wissenschaftlicher Preis,Nein,Keine Angabe,Keine Angabe,Keine Einschränkung,Keine Einschränkung,Nominierung eingeschränkt,1928,
O012831,Q35449777,Darbaker Prize,en,Darbaker Prize,Webseite,Darbaker-Preis,ORAP,Botanical Society of America; Phycological Society of America,wissenschaftlicher Sektor; wissenschaftlicher Sektor,US; US,https://botany.org/home/awards/awards-for-established-scientists/darbakerprize.html,Forschung,Wissenschaftlicher Preis,Nein,2500,USD,International,Nordamerika,Nominierung offen,1955,
O012792,Q3404516,David Borwein Distinguished Career Award,en,David Borwein Distinguished Career Award,Webseite,David Borwein-Preis für eine herausragende wissenschaftliche Karriere,ORAP,Canadian Mathematical Society,wissenschaftlicher Sektor,CA,https://cms.math.ca/awards/david-borwein-award/,Forschung,Wissenschaftlicher Preis,Nein,Keine Angabe,Keine Angabe,International,Kanada,Nominierung offen,2006,
O001361,,DECHEMA Industrial Bioprocess Award,en,DECHEMA Industrial Bioprocess Award,Webseite,DECHEMA-Preis für industrielle Bioprozesse,ORAP,DECHEMA - Gesellschaft für Chemische Technik und Biotechnologie; DECHEMA/VDI-Fachgruppe Hochdruckverfahrenstechnik,wissenschaftlicher Sektor; wissenschaftlicher Sektor,DE; DE,https://dechema.de/en/About+DECHEMA/Roll+of+Honour/DECHEMA+Industrial+Bioprocess+Award.html,Forschung,Wissenschaftlicher Preis,Ja,5000,EUR,Keine Einschränkung,Keine Einschränkung,Eigenbewerbung,2018,
O010284,Q1210165,Dickson Prize in Science,en,Dickson Prize in Science,Webseite,Dickson-Wissenschaftspreis,ORAP,Carnegie Mellon University,wissenschaftlicher Sektor,US,https://www.cmu.edu/dickson-prize/about-the-prize/,Forschung,Wissenschaftlicher Preis,Nein,50000,USD,International,Vereinigte Staaten,Nominierung eingeschränkt,1970,
O001056,Q52498782,FEBS | EMBO Women in Science Award,en,FEBS | EMBO Women in Science Award,Webseite,FEBS | EMBO-Preis für Frauen in der Wissenschaft,ORAP,European Molecular Biology Organization; Federation of European Biochemical Societies,wissenschaftlicher Sektor; wissenschaftlicher Sektor,DE; FR,https://www.embo.org/the-embo-communities/febsembo-women-in-science-awardees/,Forschung,Wissenschaftlicher Preis,Nein,10000,EUR,International,Belgien; Dänemark; Deutschland; Estland; Finnland; Frankreich; Griechenland; Irland; Island; Israel; Italien; Kroatien; Lettland; Litauen; Luxemburg; Malta; Montenegro; Niederlande; Österreich; Polen; Portugal; Schweden; Schweiz; Slovenien; Slovakei; Spanien; Tschechien; Türkei; Ungarn; Großbritannien und Nordirland,Nominierung eingeschränkt,2008,
O011058,Q1890523,Manley O. Hudson Medal,en,Manley O. Hudson Medal,Webseite,Manley O. Hudson-Medaille,ORAP,American Society of International Law,Stiftungen,US,https://www.asil.org/about/honors-and-awards,Forschung,Wissenschaftlicher Preis,Nein,Keine Angabe,Keine Angabe,Keine Einschränkung,Keine Einschränkung,Eigenbewerbung und Nominierung,1956,
O004511,,BSHS Hughes Prize,en,BSHS Hughes Prize,Webseite,BSHS Hughes-Preis,ORAP,British Society for the History of Science,wissenschaftlicher Sektor,GB,https://www.bshs.org.uk/dingle-prize-result,Transfer,Wissenschaftlicher Preis,Nein,300,GBP,Keine Einschränkung,Keine Einschränkung,Keine Angabe,1997,
O012200,Q17079132,E. W. Beth Dissertation Prize,en,E. W. Beth Dissertation Prize,Webseite,E. W. Beth-Dissertationspreis,ORAP,"Association for Logic, Language and Information",wissenschaftlicher Sektor,NL,http://www.folli.info/?page_id=74,Forschung,Wissenschaftlicher Preis,Ja,3000,EUR,Keine Einschränkung,Keine Einschränkung,Nominierung offen,1998,
O012177,Q16908722,EATCS-IPEC Nerode Prize,en,EATCS-IPEC Nerode Prize,Webseite,EATCS-IPEC Nerode-Preis,ORAP,European Association for Theoretical Computer Science,wissenschaftlicher Sektor,GB,http://eatcs.org/index.php/nerode-prize,Forschung,Wissenschaftlicher Preis,Nein,Keine Angabe,Keine Angabe,Keine Einschränkung,Keine Einschränkung,Nominierung offen,2013,
O010297,Q1273865,EATCS Award,en,EATCS Award,Webseite,EATCS-Preis,ORAP,European Association for Theoretical Computer Science,wissenschaftlicher Sektor,GB,https://eatcs.org/index.php/eatcs-award,Forschung,Wissenschaftlicher Preis,Nein,Keine Angabe,Keine Angabe,Keine Einschränkung,Keine Einschränkung,Nominierung offen,2000,
O011692,Q106646588,EBSA Young Investigators’ Medal and Prize,en,EBSA Young Investigators’ Medal and Prize,Webseite,EBSA-Nachwuchsmedaille und -Preis,ORAP,European Biophysics Societies Association,wissenschaftlicher Sektor,DE,http://ebsa.org/portal/prize-and-medal,Forschung,Wissenschaftlicher Preis,Ja,2000,EUR,International,Europa,Nominierung Einrichtung / Gremium,2000,
O001408,,ECCOMAS PhD Award,en,ECCOMAS PhD Award,Webseite,ECCOMAS-Doktorand/-innenpreis,ORAP,European Community on Computational Methods in Applied Sciences,wissenschaftlicher Sektor,BE,https://www.eccomas.org/awards/phd-awards/,Forschung,Wissenschaftlicher Preis,Ja,2000,EUR,Einrichtungs- oder organisationsgebunden,Europa,Nominierung Einrichtung / Gremium,2002,
O013360,Q57234373,ECPR Lifetime Achievement Award,en,ECPR Lifetime Achievement Award,Webseite,ECPR-Preis für das Lebenswerk,ORAP,European Consortium for Political Research,wissenschaftlicher Sektor,GB,https://ecpr.eu/prizes/prizedetails.aspx?PrizeID=8,Forschung,Wissenschaftlicher Preis,Nein,4300,GBP,Keine Einschränkung,Keine Einschränkung,Nominierung offen,2005,
O010301,Q23055113,Edward Goodrich Acheson Award,en,Edward Goodrich Acheson Award,Webseite,Edward Goodrich Acheson-Preis,ORAP,Electrochemical Society,wissenschaftlicher Sektor,US,https://www.electrochem.org/acheson-award,Forschung,Wissenschaftlicher Preis,Nein,10000,USD,Einrichtungs- oder organisationsgebunden,International,Nominierung eingeschränkt,1929,
O013019,Q49162203,EJI Ita Askonas Prize,en,EJI Ita Askonas Prize,Webseite,EJI Ita Askonas-Preis,ORAP,European Journal of Immunology; European Federation of Immunological Societies,wissenschaftlicher Sektor; wissenschaftlicher Sektor,DE; BE,https://www.efis.org/efis/awards/eji-ita-askonas-award,Forschung,Wissenschaftlicher Preis,Ja,20000,EUR,Einrichtungs- oder organisationsgebunden,Europa,Nominierung Einrichtung / Gremium,2009,
O010604,Q1328817,Eli Lilly Award in Biological Chemistry,en,Eli Lilly Award in Biological Chemistry,Webseite,Eli-Lilly-Preis für biologische Chemie,ORAP,Eli Lilly and Company,wirtschaftlicher Sektor,US,https://www.divbiolchem.org/awards/eli-lilly,Forschung,Wissenschaftlicher Preis,Ja,Kein Preisgeld,Kein Preisgeld,International,Vereinigte Staaten,Nominierung offen,1935,
O010609,Q23055114,EMBO Gold Medal,en,EMBO Gold Medal,Webseite,EMBO-Goldmedaille,ORAP,European Molecular Biology Organization,wissenschaftlicher Sektor,DE,https://www.embo.org/the-embo-communities/embo-gold-medalists/,Forschung,Wissenschaftlicher Preis,Ja,10000,EUR,International,Belgien; Dänemark; Deutschland; Estland; Finnland; Frankreich; Griechenland; Irland; Island; Israel; Italien; Kroatien; Lettland; Litauen; Luxemburg; Malta; Montenegro; Niederlande; Österreich; Polen; Portugal; Schweden; Schweiz; Slovenien; Slovakei; Spanien; Tschechien; Türkei; Ungarn; Großbritannien und Nordirland,Nominierung eingeschränkt,1986,
O004143,Q1275243,EMS Prize,en,EMS Prize,Webseite,EMS-Preis,ORAP,European Mathematical Society,wissenschaftlicher Sektor,FI,https://euromathsoc.org/ems-prizes,Forschung,Wissenschaftlicher Preis,Ja,5000,EUR,International,Europa,Nominierung offen,1992,
O002297,Q5323706,Eni Award,en,Eni Award,Webseite,Eni-Preis,ORAP,Ente Nazionale Idrocarburi S.p.A,wirtschaftlicher Sektor,IT,https://www.eni.com/en-IT/innovation-technologies/eni-award.html,Forschung,Wissenschaftlicher Preis,Nein,200000,EUR,Keine Einschränkung,Keine Einschränkung,Nominierung offen,2008,
O010615,Q931545,Enrico Fermi Award,en,Enrico Fermi Award,Webseite,Enrico Fermi-Preis,ORAP,U.S. Department of Energy,öffentlicher Sektor,US,https://science.osti.gov/fermi,Forschung,Wissenschaftlicher Preis,Nein,100000,USD,Keine Einschränkung,Keine Einschränkung,Nominierung offen,1956,
O001423,,Eppendorf & Science Prize for Neurobiology,en,Eppendorf & Science Prize for Neurobiology,Webseite,Eppendorf & Science-Preis für Neurobiologie,ORAP,Eppendorf SE,wirtschaftlicher Sektor,DE,https://corporate.eppendorf.com/en/company/scientific-awards/global-award/,Forschung,Wissenschaftlicher Preis,Ja,25000,USD,Keine Einschränkung,Keine Einschränkung,Eigenbewerbung,2002,
O001422,,Eppendorf Award for Young European Investigators,en,Eppendorf Award for Young European Investigators,Webseite,Eppendorf-Preis für junge europäische Forschende,ORAP,Eppendorf SE,wirtschaftlicher Sektor,DE,https://corporate.eppendorf.com/en/company/scientific-awards/european-award/,Forschung,Wissenschaftlicher Preis,Ja,20000,EUR,International,Europa,Eigenbewerbung,1995,
O010300,Q891138,EPS Edison Volta Prize,en,EPS Edison Volta Prize,Webseite,EPS Edison Volta-Preis,ORAP,European Physical Society; Fondazione Alessandro Volta; Edison S.p.A.,wissenschaftlicher Sektor; Stiftungen; wirtschaftlicher Sektor,FR; IT; IT,https://members.eps.org/page/distinction_prize_ev,Forschung,Wissenschaftlicher Preis,Nein,10000,EUR,Keine Einschränkung,Keine Einschränkung,Nominierung offen,2012,
O010838,Q15815544,EPS High Energy Particle Physics Prize,en,EPS High Energy Particle Physics Prize,Webseite,EPS-Preis für Hochenergie-Teilchenphysik,ORAP,European Physical Society,wissenschaftlicher Sektor,FR,https://eps-hepp.web.cern.ch/prizes.php,Forschung,Wissenschaftlicher Preis,Nein,Keine Angabe,Keine Angabe,Keine Einschränkung,Keine Einschränkung,Nominierung offen,1989,
O004149,,Erik de Corte Award,en,Erik de Corte Award,Webseite,Erik de Corte-Preis,ORAP,European Association for Research on Learning and Instruction,wissenschaftlicher Sektor,NL,https://www.earli.org/awards,Forschung,Wissenschaftlicher Preis,Ja,1200,EUR,Einrichtungs- oder organisationsgebunden,International,Nominierung offen,2005,
O001429,Q69797486,Erna Hamburger Award,en,Erna Hamburger Award,Webseite,Erna-Hamburger-Preis,ORAP,École Polytechnique Fédérale de Lausanne,Stiftungen,CH,https://wish-foundation.epfl.ch/erna-hamburger-award/,Forschung,Wissenschaftlicher Preis,Nein,Keine Angabe,Keine Angabe,Keine Einschränkung,Keine Einschränkung,Keine Angabe,2006,
O010620,Q1356190,Ernest Orlando Lawrence Award,en,Ernest Orlando Lawrence Award,Webseite,Ernest Orlando Lawrence-Preis,ORAP,U.S. Department of Energy,öffentlicher Sektor,US,https://science.osti.gov/lawrence,Forschung,Wissenschaftlicher Preis,Nein,20000,USD,International,Vereinigte Staaten,Nominierung offen,1960,
O013358,Q57234263,ESC European Criminology Award,en,ESC European Criminology Award,Webseite,ESC Europäischer Kriminologiepreis,ORAP,European Society of Criminology,wissenschaftlicher Sektor,GB,https://esc-eurocrim.org/v2/awards/,Forschung,Wissenschaftlicher Preis,Nein,Keine Angabe,Keine Angabe,International,Europa,Nominierung offen,2007,
O012070,Q119295713,Eugene P. Odum Award for Excellence in Ecology Education,en,Eugene P. Odum Award for Excellence in Ecology Education,Webseite,Eugene P. Odum-Preis für herausragende Leistungen in der Ökologieausbildung,ORAP,Ecological Society of America,wissenschaftlicher Sektor,US,https://www.esa.org/about/awards/#eugene-odum,Lehre,Wissenschaftlicher Preis,Nein,1000,USD,International,Vereinigte Staaten,Nominierung offen,2000,
O011534,Q102346118,Fenner Medal,en,Fenner Medal,Webseite,Fenner-Medaille,ORAP,Australian Academy of Science ,wissenschaftlicher Sektor,AU,https://www.science.org.au/supporting-science/awards-and-opportunities/fenner-medal,Forschung,Wissenschaftlicher Preis,Ja,Keine Angabe,Keine Angabe,International,Australien,Nominierung offen,2000,
O001067,,Franz-Koehler Inflammation Award,en,Franz-Koehler Inflammation Award,Webseite,Franz-Koehler-Entzündungspreis,ORAP,Deutsche Gesellschaft für Anästhesiologie und Intensivmedizin,wissenschaftlicher Sektor,DE,https://www.dgai.de/die-dgai/ehrungen/franz-koehler-inflammation-award.html,Forschung,Wissenschaftlicher Preis,Nein,5000,EUR,Keine Einschränkung,Keine Einschränkung,Nominierung eingeschränkt,2010,
O013957,Q67505968,Frederick White Medal,en,Frederick White Medal,Webseite,Friedrich-Weiß-Medaille,ORAP,Australian Academy of Science ,wissenschaftlicher Sektor,AU,https://www.science.org.au/opportunities-scientists/recognition/honorific-awards/early-career-awards/frederick-white-medal,Forschung,Wissenschaftlicher Preis,Ja,3000,AUD,International,Australien,Nominierung offen,1984,
O013181,Q5512227,G. Evelyn Hutchinson Award,en,G. Evelyn Hutchinson Award,Webseite,G. Evelyn Hutchinson-Preis,ORAP,Association for the Sciences of Limnology and Oceanography,wissenschaftlicher Sektor,US,https://www.aslo.org/aslo-awards/g-evelyn-hutchinson-award/,Forschung,Wissenschaftlicher Preis,Nein,Keine Angabe,Keine Angabe,Keine Einschränkung,Keine Einschränkung,Nominierung offen,1982,
O010718,Q5545011,George Szekeres Medal,en,George Szekeres Medal,Webseite,George-Szekeres-Medaille,ORAP,Australian Mathematical Society,wissenschaftlicher Sektor,AU,https://austms.org.au/award-and-grant/the-george-szekeres-medal/,Forschung,Wissenschaftlicher Preis,Nein,Keine Angabe,Keine Angabe,International,Australien,Nominierung offen,2002,
O010747,Q1417143,Gödel Prize,en,Gödel Prize,Webseite,Gödel-Preis,ORAP,Association for Computing Machinery; European Association for Theoretical Computer Science,wissenschaftlicher Sektor; wissenschaftlicher Sektor,US; GB,https://eatcs.org/index.php/goedel-prize,Forschung,Wissenschaftlicher Preis,Nein,5000,USD,Keine Einschränkung,Keine Einschränkung,Nominierung eingeschränkt,1992,
O004215,Q23818274,Goldman-Rakic Prize for Outstanding Achievement in Cognitive Neuroscience,en,Goldman-Rakic Prize for Outstanding Achievement in Cognitive Neuroscience,Webseite,Goldman-Rakic-Preis für herausragende Leistungen in der kognitiven Neurowissenschaft,ORAP,Brain & Behavior Research Foundation,wissenschaftlicher Sektor,US,https://www.bbrfoundation.org/grants-prizes/prizes-awards/goldman-rakic-prize-outstanding-achievement-cognitive-neuroscience,Forschung,Wissenschaftlicher Preis,Nein,40000,USD,Keine Einschränkung,Keine Einschränkung,Keine Angabe,2003,
O012892,Q4377038,ACM Gordon Bell Prize,en,ACM Gordon Bell Prize,Webseite,ACM Gordon-Bell-Preis,ORAP,Association for Computing Machinery,wissenschaftlicher Sektor,US,https://awards.acm.org/bell,Forschung,Wissenschaftlicher Preis,Nein,10000,USD,Keine Einschränkung,Keine Einschränkung,Nominierung offen,1987,
O012561,Q25105009,Günther Laukien Prize,en,Günther Laukien Prize,Webseite,Günther-Laukien-Preis,ORAP,Experimental Nuclear Magnetic Resonance Conference,wissenschaftlicher Sektor,US,https://www.enc-conference.org/Gunther-Laukien-Prize,Forschung,Wissenschaftlicher Preis,Nein,20000,USD,Keine Einschränkung,Keine Einschränkung,Nominierung offen,1999,
O011409,Q7900442,H.C. Urey Award,en,H.C. Urey Award,Webseite,H.C. Urey-Preis,ORAP,European Association of Geochemistry,wissenschaftlicher Sektor,GB,https://www.eag.eu.com/awards/urey-award/,Forschung,Wissenschaftlicher Preis,Nein,1000,EUR,Keine Einschränkung,Keine Einschränkung,Eigenbewerbung und Nominierung,1990,
O012843,Q3853499,Hannan Medal,en,Hannan Medal,Webseite,Hannan-Medaille,ORAP,Australian Academy of Science ,wissenschaftlicher Sektor,AU,https://www.science.org.au/supporting-science/awards-and-opportunities/hannan-medal,Forschung,Wissenschaftlicher Preis,Nein,Keine Angabe,Keine Angabe,International,Australien,Nominierung offen,1994,
O014260,Q90401509,Hans-Hench-Promotionspreis für Klinische Immunologie,de,Hans Hench Doctoral Thesis Award in Clinical Immunology,ORAP,Hans-Hench-Promotionspreis für Klinische Immunologie,Webseite,Deutsche Gesellschaft für Immunologie,wissenschaftlicher Sektor,DE,https://dgfi.org/preise/hench-preis/,Forschung,Wissenschaftlicher Preis,Ja,2000,EUR,Einrichtungs- oder organisationsgebunden,Deutschland; Österreich; Schweiz,Eigenbewerbung,2001,
O010786,Q5650563,Hans Oeschger Medal,en,Hans Oeschger Medal,Webseite,Hans-Oeschger-Medaille,ORAP,European Geosciences Union e. V.,wissenschaftlicher Sektor,DE,https://www.egu.eu/awards-medals/hans-oeschger/,Forschung,Wissenschaftlicher Preis,Nein,Keine Angabe,Keine Angabe,Keine Einschränkung,Keine Einschränkung,Nominierung eingeschränkt,2002,
O010793,Q2661199,Harold C. Urey Prize,en,Harold C. Urey Prize,Webseite,Harold C. Urey-Preis,ORAP,American Astronomical Society,wissenschaftlicher Sektor,US,https://dps.aas.org/prizes/urey,Forschung,Wissenschaftlicher Preis,Ja,Keine Angabe,Keine Angabe,Keine Einschränkung,Keine Einschränkung,Nominierung offen,1984,
O011715,Q107252721,Harold Masursky Award for Meritorious Service to Planetary Science,en,Harold Masursky Award for Meritorious Service to Planetary Science,Webseite,Harold-Masursky-Preis für Verdienste um die Planetenwissenschaft,ORAP,American Astronomical Society,wissenschaftlicher Sektor,US,https://dps.aas.org/prizes/masursky,Forschung,Wissenschaftlicher Preis,Nein,Keine Angabe,Keine Angabe,International,Vereinigte Staaten,Nominierung offen,1991,
O011768,Q108876240,Heat Transfer Memorial Award,en,Heat Transfer Memorial Award,Webseite,Heat-Transfer-Memorial-Preis,ORAP,American Society of Ichthyologists and Herpetologists,wissenschaftlicher Sektor,US,https://www.asme.org/about-asme/honors-awards/achievement-awards/heat-transfer-memorial-award,Forschung,Wissenschaftlicher Preis,Nein,1000,USD,Keine Angabe,Keine Angabe,Nominierung offen,1959,
O010007,Q104762670,Henry B. Linford Award for Distinguished Teaching,en,Henry B. Linford Award for Distinguished Teaching,Webseite,Henry B. Linford-Preis für herausragende Lehre,ORAP,Electrochemical Society,wissenschaftlicher Sektor,US,https://www.electrochem.org/linford-award,Lehre,Wissenschaftlicher Preis,Nein,2500,USD,Keine Einschränkung,Keine Einschränkung,Nominierung eingeschränkt,1981,
O002519,,Herbert-Fischer-Preis für Neuroimmunologie,de,Herbert-Fischer Prize for Neuroimmunology,Webseite,Herbert-Fischer-Preis für Neuroimmunologie,Webseite,Deutsche Gesellschaft für Immunologie,wissenschaftlicher Sektor,DE,https://dgfi.org/preise/fischer-preis/,Forschung,Wissenschaftlicher Preis,Ja,1500,EUR,Einrichtungs- oder organisationsgebunden,Deutschland; Österreich; Schweiz,Eigenbewerbung und Nominierung,2013,
O010827,Q449390,Herbrand Award,en,Herbrand Award,Webseite,Herbrand-Preis,ORAP,Conference on Automated Deduction,wissenschaftlicher Sektor,DE,http://cadeinc.org/Herbrand-Award,Forschung,Wissenschaftlicher Preis,Nein,1000,USD,Keine Einschränkung,Keine Einschränkung,Nominierung offen,1992,
O012604,Q27158383,Hicks-Tinbergen Award,en,Hicks-Tinbergen Award,Webseite,Hicks-Tinbergen-Preis,ORAP,European Economic Association,wissenschaftlicher Sektor,BE,https://www.eeassoc.org/awards/hicks-tinbergen-award,Forschung,Wissenschaftlicher Preis,Nein,Keine Angabe,Keine Angabe,Keine Einschränkung,Keine Einschränkung,Nominierung eingeschränkt,1991,
O010845,Q21531768,Holley Medal,en,Holley Medal,Webseite,Holley-Medaille,ORAP,American Society of Mechanical Engineers,Sonstige,US,https://www.asme.org/about-asme/honors-awards/achievement-awards/holley-medal,Forschung,Wissenschaftlicher Preis,Nein,1000,USD,International,Vereinigte Staaten,Nominierung offen,1924,
O001103,Q56292999,Human Roots Award,en,Human Roots Award,Webseite,Human Roots-Preis,ORAP,Archäologisches Forschungszentrum und Museum für menschliche Verhaltensevolution,wissenschaftlicher Sektor,DE,https://monrepos.leiza.de/human-roots-award/,Forschung,Wissenschaftlicher Preis,Nein,10000,EUR,Keine Einschränkung,Keine Einschränkung,Keine Angabe,2017,
O010897,Q1676424,J. Tuzo Wilson Medal,en,J. Tuzo Wilson Medal,Webseite,J. Tuzo Wilson-Medaille,ORAP,Canadian Geophysical Union,wissenschaftlicher Sektor,CA,http://cgu-ugc.ca/awards/jtwilson/,Forschung,Wissenschaftlicher Preis,Nein,Keine Angabe,Keine Angabe,International,Kanada,Nominierung eingeschränkt,1978,
O001109,,Jaccard-EFP Research Prize in Periodontology,en,Jaccard-EFP Research Prize in Periodontology,Webseite,Jaccard-EFP-Forschungspreis in Parodontologie,ORAP,European Federation of Periodontology; Jaccard Foundation,wissenschaftlicher Sektor; Stiftungen,BE; CH,https://www.efp.org/about-the-efp/prizes-awards/,Forschung,Wissenschaftlicher Preis,Ja,10000,CHF,Einrichtungs- oder organisationsgebunden,International,Eigenbewerbung,1995,
O013351,Q57233763,Jacques Villermaux Medal,en,Jacques Villermaux Medal,Webseite,Jacques-Villermaux-Medaille,ORAP,European Federation of Chemical Engineering,Sonstige,GB,https://efce.info/Jacques_Villermaux_Medal.html,Forschung,Wissenschaftlicher Preis,Nein,Kein Preisgeld,Kein Preisgeld,Keine Einschränkung,Keine Einschränkung,Nominierung eingeschränkt,1999,
O011875,Q112144117,Jaeger Medal,en,Jaeger Medal,Webseite,Jaeger-Medaille,ORAP,Australian Academy of Science ,wissenschaftlicher Sektor,AU,https://www.science.org.au/supporting-science/awards-and-opportunities/jaeger-medal,Forschung,Wissenschaftlicher Preis,Nein,Keine Angabe,Keine Angabe,International,Australien,Nominierung offen,1990,
O004329,,John G. Diefenbaker Award,en,John G. Diefenbaker Award,Webseite,John G. Diefenbaker-Preis,ORAP,Canada Council for the Arts,Stiftungen,CA,https://canadacouncil.ca/funding/prizes/john-g-diefenbaker-award,Forschung,Wissenschaftliche Auszeichnung,Nein,80000,CAD,International,Kanada,Nominierung offen,1991,2024
O013667,Q6263902,John Whitney Hall Book Prize,en,John Whitney Hall Book Prize,Webseite,John Whitney Hall-Buchpreis,ORAP,Association for Asian Studies,wissenschaftlicher Sektor,US,https://www.asianstudies.org/grants-awards/book-prizes/hall-prize/,Forschung,Wissenschaftlicher Preis,Nein,1000,USD,Keine Einschränkung,Keine Einschränkung,Nominierung Einrichtung / Gremium,1994,
O013433,Q58384506,Joseph B. and Toby Gittler Prize,en,Joseph B. and Toby Gittler Prize,Webseite,Joseph B. und Toby Gittler-Preis,ORAP,Brandeis University,wissenschaftlicher Sektor,US,http://www.brandeis.edu/gittlerprize/,Forschung,Wissenschaftlicher Preis,Nein,25000,USD,Keine Einschränkung,Keine Einschränkung,Nominierung offen,2008,
O011965,Q115746171,Joseph S. Nelson Lifetime Achievement Award in Ichthyology,en,Joseph S. Nelson Lifetime Achievement Award in Ichthyology,Webseite,Joseph-S.-Nelson-Preis für das Lebenswerk in der Ichthyologie,ORAP,American Society of Ichthyologists and Herpetologists,wissenschaftlicher Sektor,US,https://www.asih.org/awards/nelson-award,Forschung,Wissenschaftlicher Preis,Nein,Keine Angabe,Keine Angabe,Einrichtungs- oder organisationsgebunden,Vereinigte Staaten,Nominierung eingeschränkt,2013,
O010960,Q935760,Karp Prize,en,Karp Prize,Webseite,Karp-Preis,ORAP,Association for Symbolic Logic,wissenschaftlicher Sektor,US,https://aslonline.org/prizes-and-awards/,Forschung,Wissenschaftlicher Preis,Nein,Keine Angabe,Keine Angabe,Keine Einschränkung,Keine Einschränkung,Nominierung offen,1978,
O012750,Q3174253,Klumpke-Roberts Award,en,Klumpke-Roberts Award,Webseite,Klumpke-Roberts-Preis,ORAP,Astronomical Society of the Pacific,wissenschaftlicher Sektor,US,https://astrosociety.org/who-we-are/awards/klumpke-roberts-award.html,Transfer,Wissenschaftlicher Preis,Nein,Keine Angabe,Keine Angabe,Keine Einschränkung,Keine Einschränkung,Nominierung offen,1974,
O010983,Q1354618,Krieger-Nelson Prize,en,Krieger-Nelson Prize,Webseite,Krieger-Nelson-Preis,ORAP,Canadian Mathematical Society,wissenschaftlicher Sektor,CA,https://cms.math.ca/awards/krieger-nelson-prize/,Forschung,Wissenschaftlicher Preis,Nein,Keine Angabe,Keine Angabe,International,Kanada,Nominierung offen,1995,
O012520,Q23697744,Kurt Lewin Medal,en,Kurt Lewin Medal,Webseite,Kurt-Lewin-Medaille,ORAP,European Association of Social Psychology,wissenschaftlicher Sektor,BE,http://www.easp.eu/about/awards/kurt-lewin-medals/,Forschung,Wissenschaftlicher Preis,Nein,Kein Preisgeld,Kein Preisgeld,Einrichtungs- oder organisationsgebunden,International,Eigenbewerbung und Nominierung,2005,
O010949,Q1732108,Landsteiner-Alter Award,en,Landsteiner-Alter Award,Webseite,Landsteiner-Alter-Preis,ORAP,Association for the Advancement of Blood & Biotherapies,wissenschaftlicher Sektor,US,https://www.aabb.org/get-involved/awards/aabb-memorial-awards/landsteiner-alter-award-and-lectureship,Forschung,Wissenschaftlicher Preis,Nein,Keine Angabe,Keine Angabe,Keine Einschränkung,Keine Einschränkung,Nominierung offen,1954,
O013978,Q68085268,Le Fèvre Medal,en,Le Fèvre Medal,Webseite,Le-Fèvre-Medaille,ORAP,Australian Academy of Science ,wissenschaftlicher Sektor,AU,https://www.science.org.au/opportunities-scientists/recognition/honorific-awards/early-career-awards/le-fevre-memorial-prize,Forschung,Wissenschaftlicher Preis,Ja,4000,AUD,International,Australien,Nominierung offen,1989,
O011294,Q1577949,Lewis S. Rosenstiel Award for Distinguished Work in Basic Medical Research,en,Lewis S. Rosenstiel Award for Distinguished Work in Basic Medical Research,Webseite,Lewis S. Rosenstiel-Preis für herausragende Arbeit in der medizinischen Grundlagenforschung,ORAP,Brandeis University,wissenschaftlicher Sektor,US,https://www.brandeis.edu/rosenstiel/rosenstiel-award/,Forschung,Wissenschaftlicher Preis,Nein,Keine Angabe,Keine Angabe,Keine Einschränkung,Keine Einschränkung,Nominierung Einrichtung / Gremium,1971,
O001134,,Life Sciences Bridge Award,en,Life Sciences Bridge Award,Webseite,Life Sciences Bridge-Preis,ORAP,Aventis Foundation,Stiftungen,DE,https://www.aventis-foundation.org/foerderung/wissenschaft/life-sciences-bridge-award/,Forschung,Wissenschaftlicher Preis,Ja,100000,EUR,DACH,Deutschland,Eigenbewerbung,2019,
O004363,,Lothar-Cremer-Preis,de,Lothar Cremer Award,ORAP,Lothar-Cremer-Preis,Webseite,Deutsche Gesellschaft für Akustik,wissenschaftlicher Sektor,DE,https://www.dega-akustik.de/preise-grants/lothar-cremer-preis,Forschung,Wissenschaftlicher Preis,Ja,2500,EUR,DACH,Deutschland; Österreich; Schweiz,Nominierung eingeschränkt,1992,
O011040,Q14954322,Louis Néel Medal,en,Louis Néel Medal,Webseite,Louis-Néel-Medaille,Webseite,European Geosciences Union e. V.,wissenschaftlicher Sektor,DE,https://www.egu.eu/awards-medals/louis-neel/,Forschung,Wissenschaftlicher Preis,Nein,Keine Angabe,Keine Angabe,Keine Einschränkung,Keine Einschränkung,Nominierung eingeschränkt,1994,
O011043,Q1258725,Lovelace Medal,en,Lovelace Medal,Webseite,Lovelace-Medaille,ORAP,British Computer Society,Sonstige,GB,https://www.bcs.org/events/awards-and-competitions/lovelace-medal/,Forschung,Wissenschaftlicher Preis,Nein,Keine Angabe,Keine Angabe,International,Vereinigtes Königreich,Nominierung offen,1998,
O012753,Q3264439,Loye and Alden Miller Research Award,en,Loye and Alden Miller Research Award,Webseite,Loye und Alden Miller-Forschungspreis,ORAP,American Ornithological Society,wissenschaftlicher Sektor,US,https://americanornithology.org/awards-grants/achievement-awards/senior-professional/loye-and-alden-miller-research-award/,Forschung,Wissenschaftlicher Preis,Nein,Keine Angabe,Keine Angabe,International,Vereinigte Staaten,Nominierung eingeschränkt,1993,
O014261,Q90406233,Alexander D. Langmuir Prize Manuscript Award,en,Alexander D. Langmuir Prize Manuscript Award,Webseite,Manuskriptpreis des Alexander D. Langmuir-Preises,ORAP,Centers for Disease Control and Prevention,öffentlicher Sektor,US,https://www.cdc.gov/eis/media/pdfs/2024/08/alexander-d.-langmuir-prize-manuscript-award_past-winners.pdf,Forschung,Wissenschaftlicher Preis,Nein,100,USD,Keine Angabe,Keine Angabe,Keine Angabe,1966,
O011064,Q112585656,Marie-Curie-Ring,de,Marie Curie Ring,ORAP,Marie-Curie-Ring,Webseite,Deutsche Röntgengesellschaft,wissenschaftlicher Sektor,DE,https://drg.de/die-drg/preise/marie-curie-ring/,Forschung,Wissenschaftlicher Preis,Ja,Kein Preisgeld,Kein Preisgeld,DACH,Deutschland,Nominierung eingeschränkt,1956,
O011862,Q111437427,Marsh Award for Ecologists in Africa,en,Marsh Award for Ecologists in Africa,Webseite,Marsh Award für Ökolog/-innen in Afrika,ORAP,British Ecological Society,wissenschaftlicher Sektor,GB,https://www.marshcharitabletrust.org/award/marsh-award-for-ecologists-in-africa/,Forschung,Wissenschaftliche Auszeichnung,Nein,1000,GBP,International,Afrika,Nominierung eingeschränkt,2018,
O012858,Q4043751,Marsh Ecology Award,en,Marsh Ecology Award,Webseite,Marsh-Ökologiepreis,ORAP,British Ecological Society; Marsh Charitable Trust,wissenschaftlicher Sektor; Stiftungen,GB; US,https://www.marshcharitabletrust.org/award/marsh-ecology-award/,Forschung,Wissenschaftlicher Preis,Nein,1000,GBP,Keine Einschränkung,Keine Einschränkung,Nominierung offen,1996,
O012847,Q39089691,President's Medal,en,President's Medal,Webseite,Medaille des Präsidenten/der Präsidentin,ORAP,British Academy,wissenschaftlicher Sektor,GB,https://www.thebritishacademy.ac.uk/british-academy-presidents-medal,Transfer,Wissenschaftlicher Preis,Nein,Keine Angabe,Keine Angabe,Keine Einschränkung,Keine Einschränkung,Nominierung eingeschränkt,2010,
O011091,Q6805149,Medard W. Welch Award,en,Medard W. Welch Award,Webseite,Medard W. Welch-Preis,ORAP,American Vacuum Society,wissenschaftlicher Sektor,US,https://avs.org/awards/professional-awards/medard-w-welch-award/,Forschung,Wissenschaftlicher Preis,Nein,Keine Angabe,Keine Angabe,Keine Einschränkung,Keine Einschränkung,Nominierung offen,1970,
O014001,Q6909205,Moran Medal,en,Moran Medal,Webseite,Moran-Medaille,ORAP,Australian Academy of Science ,wissenschaftlicher Sektor,AU,https://www.science.org.au/supporting-science/awards-and-opportunities/moran-medal,Forschung,Wissenschaftlicher Preis,Ja,Kein Preisgeld,Kein Preisgeld,International,Australien,Nominierung offen,1990,
O012846,Q39029500,Murray F. Buell Award,en,Murray F. Buell Award,Webseite,Murray F. Buell-Preis,ORAP,Ecological Society of America,wissenschaftlicher Sektor,US,http://esa.org/history/murray-f-buell-award/,Forschung,Wissenschaftlicher Preis,Ja,Keine Angabe,Keine Angabe,International,Vereinigte Staaten,Keine Angabe,1977,
O001733,,Young Investigator Award,en,Young Investigator Award,Webseite,Nachwuchsförderpreis,ORAP,Deutsche Röntgengesellschaft,wissenschaftlicher Sektor,DE,https://drg.de/die-drg/preise/young-investigator-award/,Forschung,Wissenschaftlicher Preis,Ja,500,EUR,DACH,Deutschland,Eigenbewerbung,2009,
O004044,,Brains for Brains Young Researcher Award,en,Brains for Brains Young Researcher Award,Webseite,Brains for Brains-Nachwuchspreis,ORAP,Bernstein Netzwerk Computational Neuroscience,wissenschaftlicher Sektor,DE,https://bernstein-network.de/en/network/awards-and-initiatives/brains-for-brains-young-researcher-award/,Forschung,Wissenschaftliche Auszeichnung,Ja,Keine Angabe,Keine Angabe,International,Alle Länder (außer Deutschland),Eigenbewerbung,2010,
O011116,Q10328037,Nadai Medal,en,Nadai Medal,Webseite,Nadai-Medaille,ORAP,American Society of Mechanical Engineers,Sonstige,US,https://www.asme.org/about-asme/honors-awards/achievement-awards/nadai-medal,Forschung,Wissenschaftlicher Preis,Nein,1000,USD,International,Vereinigte Staaten,Nominierung offen,1975,
O013918,Q66436005,Nancy Millis Medal,en,Nancy Millis Medal,Webseite,Nancy Millis-Medaille,ORAP,Australian Academy of Science ,wissenschaftlicher Sektor,AU,https://www.science.org.au/supporting-science/awards-and-opportunities/nancy-millis-medal-women-science,Forschung,Wissenschaftlicher Preis,Ja,Keine Angabe,Keine Angabe,International,Australien,Nominierung offen,2014,
O004399,,Oeuvre Award,en,Oeuvre Award,Webseite,Oeuvre-Preis,ORAP,European Association for Research on Learning and Instruction,wissenschaftlicher Sektor,NL,https://www.earli.org/awards,Forschung,Wissenschaftlicher Preis,Nein,Keine Angabe,Keine Angabe,Einrichtungs- oder organisationsgebunden,International,Nominierung offen,1997,
O011145,Q23055155,Olin Palladium Award,en,Olin Palladium Award,Webseite,Olin Palladium-Preis,ORAP,Electrochemical Society,wissenschaftlicher Sektor,US,https://www.electrochem.org/palladium-award,Forschung,Wissenschaftlicher Preis,Nein,7500,USD,Keine Einschränkung,Keine Einschränkung,Nominierung offen,1951,
O014219,Q87068869,Peter Neaverson Award,en,Peter Neaverson Award,Webseite,Peter Neaverson-Preis,ORAP,Association for Industrial Archaeology,wissenschaftlicher Sektor,GB,https://industrial-archaeology.org/aia-awards/peter-neaverson-awards/,Forschung,Wissenschaftlicher Preis,Nein,500,GBP,Keine Einschränkung,Keine Einschränkung,Nominierung offen,2009,
O012011,Q116693629,Peter Raven Award,en,Peter Raven Award,Webseite,Peter-Raven-Preis,ORAP,American Society of Plant Taxonomists,wissenschaftlicher Sektor,US,https://www.aspt.net/peter-raven-award#.Y-Ddr3DMK70,Transfer,Wissenschaftlicher Preis,Nein,Keine Angabe,Keine Angabe,Keine Einschränkung,Keine Einschränkung,Nominierung eingeschränkt,2000,
O013796,Q63445986,Pierre Galletti Award,en,Pierre Galletti Award,Webseite,Pierre-Galletti-Preis,ORAP,American Institute for Medical and Biological Engineering,wissenschaftlicher Sektor,US,https://aimbe.org/awards/pierre-galletti-award/,Forschung,Wissenschaftlicher Preis,Nein,Keine Angabe,Keine Angabe,Einrichtungs- oder organisationsgebunden,International,Nominierung eingeschränkt,2000,
O012588,Q25504940,Baltic Assembly Prize,en,Baltic Assembly Prize,Webseite,Preis der Baltischen Versammlung,ORAP,Baltic Assembly,Sonstige,EE,https://www.baltasam.org/prizes/baltic-assembly-prize,Forschung,Wissenschaftlicher Preis,Nein,Keine Angabe,Keine Angabe,International,Baltische Staaten,Nominierung eingeschränkt,1994,
O001055,Q109806730,Einstein Foundation Award,en,Einstein Foundation Award,Webseite,Preis der Einstein-Stiftung,ORAP,Einstein-Stiftung Berlin; BIH QUEST Center for Responsible Research,wissenschaftlicher Sektor; wissenschaftlicher Sektor,DE; DE,https://award.einsteinfoundation.de/,Forschung,Wissenschaftlicher Preis,Nein,350000,EUR,Keine Einschränkung,Keine Einschränkung,Nominierung offen,2021,
O001406,,Early Excellence in Science Awards,en,Early Excellence in Science Awards,Webseite,Preis für frühe Exzellenz in der Wissenschaft,ORAP,Bayer Science and Education Foundation,Stiftungen,DE,https://www.bayer-foundation.com/de/wissenschaft/auszeichnungen#early-excellence-awards,Forschung,Wissenschaftlicher Preis,Ja,10000,EUR,Keine Einschränkung,Keine Einschränkung,Nominierung eingeschränkt,2009,
O011227,Q7240709,Presburger Award,en,Presburger Award,Webseite,Presburger Preis,ORAP,European Association for Theoretical Computer Science,wissenschaftlicher Sektor,GB,https://eatcs.org/index.php/presburger,Forschung,Wissenschaftlicher Preis,Ja,1000,EUR,Keine Einschränkung,Keine Einschränkung,Nominierung eingeschränkt,2010,
O012786,Q3404391,Bernhard Cinader Award,en,Bernhard Cinader Award,Webseite,​Bernhard Cinader-Preis,ORAP,Canadian Society for Immunology,wissenschaftlicher Sektor,CA,https://www.csi-sci.ca/CSI_French/CSI_Awards_FR.html,Forschung,Wissenschaftlicher Preis,Nein,500,CAD,Einrichtungs- oder organisationsgebunden,Kanada,Nominierung eingeschränkt,1987,
O013292,Q56648090,R. U. Lemieux Award,en,R. U. Lemieux Award,Webseite,R. U. Lemieux-Preis,ORAP,Canadian Society for Chemistry,wissenschaftlicher Sektor,CA,https://www.cheminst.ca/awards/csc/lemieux/,Forschung,Wissenschaftlicher Preis,Nein,1000,CAD,International,Kanada,Keine Angabe,1992,
O011199,Q2080569,R.M. Petrie Prize Lecture,en,R.M. Petrie Prize Lecture,Webseite,R.M. Vortrag zum Petrie-Preis,ORAP,Canadian Astronomical Society,wissenschaftlicher Sektor,CA,https://casca.ca/?page_id=568,Forschung,Wissenschaftliche Auszeichnung,Nein,Keine Angabe,Keine Angabe,Keine Einschränkung,Keine Einschränkung,Eigenbewerbung und Nominierung,1970,
O013158,Q53738503,Ramón Margalef Award for Excellence in Education,en,Ramón Margalef Award for Excellence in Education,Webseite,Ramón-Margalef-Preis für herausragende Bildungsleistungen,ORAP,Association for the Sciences of Limnology and Oceanography,wissenschaftlicher Sektor,US,https://www.aslo.org/aslo-awards/ramon-margalef-award-for-excellence-in-education/,Lehre,Wissenschaftlicher Preis,Nein,Keine Angabe,Keine Angabe,International,Nordamerika,Nominierung offen,2009,
O012063,Q119043885,Raymond L. Lindeman Award,en,Raymond L. Lindeman Award,Webseite,Raymond L. Lindeman-Preis,ORAP,Association for the Sciences of Limnology and Oceanography,wissenschaftlicher Sektor,US,https://www.aslo.org/aslo-awards/raymond-l-lindeman-award/,Forschung,Wissenschaftlicher Preis,Nein,Keine Angabe,Keine Angabe,International,Nordamerika,Nominierung eingeschränkt,1987,
O014088,Q7345075,Robert H. MacArthur Award,en,Robert H. MacArthur Award,Webseite,Robert H. MacArthur-Preis,ORAP,Ecological Society of America,wissenschaftlicher Sektor,US,https://www.esa.org/about/awards/#robert-macarthur,Forschung,Wissenschaftlicher Preis,Nein,5000,USD,International,Vereinigte Staaten,Nominierung eingeschränkt,1983,
O012071,Q119296227,Robert H. Whittaker Distinguished Ecologist Award,en,Robert H. Whittaker Distinguished Ecologist Award,Webseite,Robert H. Whittaker-Preis für herausragende Leistungen in der Ökologie,ORAP,Ecological Society of America,wissenschaftlicher Sektor,US,https://www.esa.org/about/awards/#robert-whittaker,Forschung,Wissenschaftlicher Preis,Nein,1400,USD,International,alle Länder (außer Vereinigte Staaten),Nominierung eingeschränkt,2014,
O013916,Q663619,Robert J. Trumpler Award,en,Robert J. Trumpler Award,Webseite,Robert J. Trumpler-Preis,ORAP,Astronomical Society of the Pacific,wissenschaftlicher Sektor,US,https://astrosociety.org/who-we-are/awards/robert-j-trumpler-award.html,Forschung,Wissenschaftlicher Preis,Ja,500,USD,International,Nordamerika,Nominierung offen,1974,
O011279,Q1262738,Robert L. Noble Prize,en,Robert L. Noble Prize,Webseite,Robert L. Nobelpreis,ORAP,Canadian Cancer Society,Stiftungen,CA,https://cancer.ca/en/research/for-researchers/awards-for-excellence,Forschung,Wissenschaftliche Auszeichnung,Nein,22000,CAD,International,Kanada,Eigenbewerbung,1994,
O011742,Q108324552,Ruth Patrick Award,en,Ruth Patrick Award,Webseite,Ruth-Patrick-Preis,ORAP,Association for the Sciences of Limnology and Oceanography,wissenschaftlicher Sektor,US,https://www.aslo.org/aslo-awards/ruth-patrick-award/,Forschung,Wissenschaftlicher Preis,Nein,Keine Angabe,Keine Angabe,Keine Einschränkung,Keine Einschränkung,Nominierung offen,1999,
O014314,Q96144590,S. Barry Cooper Prize,en,S. Barry Cooper Prize,Webseite,S. Barry Cooper-Preis,ORAP,Association Computability in Europe,wissenschaftlicher Sektor,IT,https://www.acie.eu/in-memoriam-s-barry-cooper/s-barry-cooper-prize/,Forschung,Wissenschaftlicher Preis,Nein,Keine Angabe,Keine Angabe,Keine Einschränkung,Keine Einschränkung,Nominierung offen,2020,
O004516,Q118122257,Singer Prize,en,Singer Prize,Webseite,Singer-Preis,ORAP,British Society for the History of Science,wissenschaftlicher Sektor,GB,https://www.bshs.org.uk/prizes/bshs-singer-prize,Forschung,Wissenschaftlicher Preis,Ja,Keine Angabe,Keine Angabe,Keine Einschränkung,Keine Einschränkung,Keine Angabe,1980,
O002853,,Schönheimer-Medaille,de,Schönheimer Medal,Webseite,Schönheimer-Medaille,Webseite,Deutsche Gesellschaft für Arterioskleroseforschung,wissenschaftlicher Sektor,DE,https://www.dgaf.de/schoenheimer-medaille,Forschung,Wissenschaftlicher Preis,Nein,Keine Angabe,Keine Angabe,DACH,Deutschland; Österreich; Schweiz,Keine Angabe,1998,
O014292,Q94578019,Serena Medal,en,Serena Medal,Webseite,Serena-Medaille,ORAP,British Academy,wissenschaftlicher Sektor,GB,https://www.thebritishacademy.ac.uk/prizes-medals/serena-medal/,Forschung,Wissenschaftlicher Preis,Nein,Keine Angabe,Keine Angabe,Keine Einschränkung,Keine Einschränkung,Nominierung eingeschränkt,1920,
O012509,Q23055166,Sir Hans Krebs Lecture and Medal,en,Sir Hans Krebs Lecture and Medal,Webseite,Sir Hans Krebs Vortrag und Medaille,ORAP,Federation of European Biochemical Societies,wissenschaftlicher Sektor,FR,https://www.febs.org/other-activities/prizes/febs-medals/,Forschung,Wissenschaftlicher Preis,Nein,Kein Preisgeld,Kein Preisgeld,Keine Einschränkung,Keine Einschränkung,Keine Angabe,1968,
O011804,Q110193648,Stephen Hales Prize,en,Stephen Hales Prize,Webseite,Stephen Hales-Preis,ORAP,American Society of Plant Biologists,wissenschaftlicher Sektor,US,https://aspb.org/awards-funding/aspb-awards/stephen-hales-prize/,Forschung,Wissenschaftlicher Preis,Nein,Keine Angabe,Keine Angabe,Einrichtungs- oder organisationsgebunden,International,Nominierung eingeschränkt,1929,
O011874,Q112136264,Suzanne Cory Medal,en,Suzanne Cory Medal,Webseite,Suzanne-Cory-Medaille,ORAP,Australian Academy of Science ,wissenschaftlicher Sektor,AU,https://www.science.org.au/supporting-science/awards-and-opportunities/suzanne-cory-medal,Forschung,Wissenschaftlicher Preis,Nein,Keine Angabe,Keine Angabe,International,Australien,Nominierung offen,2021,
O011382,Q21061286,Tetrahedron Young Investigator Award,en,Tetrahedron Young Investigator Award,Webseite,Tetrahedron-Preis für junge Wissenschaftler/-innen,ORAP,Elsevier BV,wirtschaftlicher Sektor,NL,https://www.elsevier.com/resources/awards/tetrahedron-young-investigator-award,Forschung,Wissenschaftlicher Preis,Ja,5000,USD,Keine Einschränkung,Keine Einschränkung,Eigenbewerbung und Nominierung,1981,
O002913,,Thieme Teaching Award,en,Thieme Teaching Award,Webseite,Thieme-Lehrpreis,ORAP,Deutsche Gesellschaft für Anästhesiologie und Intensivmedizin,wissenschaftlicher Sektor,DE,https://www.dgai.de/wissenschaft-expertengruppen/preise/thieme-teaching-award.html,Lehre,Wissenschaftlicher Preis,Nein,2500,EUR,Einrichtungs- oder organisationsgebunden,Deutschland,Eigenbewerbung,2004,
O014140,Q7793410,Thomas Ranken Lyle Medal,en,Thomas Ranken Lyle Medal,Webseite,Thomas-Ranken-Lyle-Medaille,ORAP,Australian Academy of Science ,wissenschaftlicher Sektor,AU,https://www.science.org.au/supporting-science/awards-and-opportunities/thomas-ranken-lyle-medal,Forschung,Wissenschaftlicher Preis,Nein,Kein Preisgeld,Kein Preisgeld,International,Australien,Nominierung offen,1935,
O013439,Q58677072,Tom Ziegler Award,en,Tom Ziegler Award,Webseite,Tom Ziegler-Preis,ORAP,Chemical Institute of Canada,wissenschaftlicher Sektor,CA,http://www.cheminst.ca/awards/csc-awards/tom-ziegler-award,Forschung,Wissenschaftlicher Preis,Ja,Kein Preisgeld,Kein Preisgeld,International,Kanada,Nominierung offen,2016,
O002922,Q185667,ACM A.M. Turing Award,en,ACM A.M. Turing Award,Webseite,ACM A.M. Turing-Preis,ORAP,Association for Computing Machinery,wissenschaftlicher Sektor,US,https://amturing.acm.org/,Forschung,Wissenschaftlicher Preis,Nein,1000000,USD,Keine Einschränkung,Keine Einschränkung,Nominierung offen,1966,
O011404,Q7859727,Tycho Brahe Medal,en,Tycho Brahe Medal,Webseite,Tycho-Brahe-Medaille,ORAP,European Astronomical Society,wissenschaftlicher Sektor,CH,http://eas.unige.ch/tycho_brahe_prize.jsp,Forschung,Wissenschaftlicher Preis,Nein,Kein Preisgeld,Kein Preisgeld,Keine Einschränkung,Keine Einschränkung,Nominierung eingeschränkt,2008,
O004533,,Ulrich-Babel-Preis,de,Ulrich-Babel-Award,Webseite,Ulrich-Babel-Preis,Webseite,Deutsche Bodenkundliche Gesellschaft,wissenschaftlicher Sektor,DE,https://www.dbges.de/de/die-dbg/preise/ulrich-babel-preis,Forschung,Wissenschaftlicher Preis,Ja,1500,EUR,DACH,Deutschland; Österreich; Schweiz,Nominierung eingeschränkt,2015,
O012210,Q17116122,Union Medal of the British Ornithological Union,en,Union Medal of the British Ornithological Union,Webseite,Unionsmedaille der British Ornithological Union,ORAP,British Ornithologists’ Union,wissenschaftlicher Sektor,GB,https://bou.org.uk/about-the-bou/medals-and-awards/,Forschung,Wissenschaftlicher Preis,Nein,Keine Angabe,Keine Angabe,International,Vereinigtes Königreich,Keine Angabe,1912,2017
O011564,Q104762467,Vittorio de Nora Award,en,Vittorio de Nora Award,Webseite,Vittorio de Nora-Preis,ORAP,Electrochemical Society,wissenschaftlicher Sektor,US,https://www.electrochem.org/de-nora-award,Forschung,Wissenschaftlicher Preis,Nein,7500,USD,Keine Einschränkung,Keine Einschränkung,Nominierung offen,1974,
O011432,Q7945315,W. Alden Spencer Lecture and Award,en,W. Alden Spencer Lecture and Award,Webseite,W. Alden Spencer Vortrag und Preis,ORAP,Columbia University,wissenschaftlicher Sektor,US,https://www.vagelos.columbia.edu/departments-centers/kavli-institute-brain-science/initiatives/research-and-educational-initiatives/w-alden-spencer-memorial-lecture-and-award,Forschung,Wissenschaftlicher Preis,Nein,Keine Angabe,Keine Angabe,Keine Angabe,Keine Angabe,Keine Angabe,1978,
O004518,Q25421916,Waddington Medal,en,Waddington Medal,Webseite,Waddington-Medaille,ORAP,British Society for Developmental Biology,wissenschaftlicher Sektor,GB,http://bsdb.org/awards/the-waddington-medal/,Forschung,Wissenschaftlicher Preis,Nein,Keine Angabe,Keine Angabe,Einrichtungs- oder organisationsgebunden,International,Nominierung eingeschränkt,1998,
O002959,,Wilhelm-Roux-Preis,de,Wilhelm Roux Prize,ORAP,Wilhelm-Roux-Preis,Webseite,Deutsche Gesellschaft für Orthopädie und Unfallchirurgie,wissenschaftlicher Sektor,DE,https://dgou.de/preise-stipendien/preise/grundlagenforschung/wilhelm-roux-preis,Forschung,Wissenschaftlicher Preis,Nein,5000,EUR,Keine Angabe,Keine Angabe,Eigenbewerbung,2013,
O011461,Q918979,William B. Coley Award,en,William B. Coley Award,Webseite,William B. Coley-Preis,ORAP,Cancer Research Institute,wissenschaftlicher Sektor,US,https://www.cancerresearch.org/william-b-coley-award,Forschung,Wissenschaftlicher Preis,Nein,5000,USD,Keine Einschränkung,Keine Einschränkung,Keine Angabe,1975,
O011866,Q111584822,William Kingdon Clifford Prize,en,William Kingdon Clifford Prize,Webseite,William Kingdon Clifford-Preis,ORAP,Conference on Clifford Algebras and Their Applications in Mathematical Physics,wissenschaftlicher Sektor,US,https://wkcliffordprize.wordpress.com,Forschung,Wissenschaftlicher Preis,Ja,1000,USD,Keine Einschränkung,Keine Einschränkung,Nominierung offen,2011,
O011428,Q54872449,Vladimir Ivanovich Vernadsky Medal,en,Vladimir Ivanovich Vernadsky Medal,Webseite,Wladimir Iwanowitsch Wernadskij-Medaille,ORAP,European Geosciences Union e. V.,wissenschaftlicher Sektor,DE,https://www.egu.eu/awards-medals/vladimir-ivanovich-vernadsky/,Forschung,Wissenschaftlicher Preis,Nein,Keine Angabe,Keine Angabe,Keine Einschränkung,Keine Einschränkung,Nominierung eingeschränkt,2003,
O010184,Q16938865,Brouwermedaille,nl,Brouwer Medal,Webseite,Brouwer-Medaille,ORAP,Koninklijk Wiskundig Genootschap,wissenschaftlicher Sektor,NL,https://www.wiskgenoot.nl/index.php?page=26,Forschung,Wissenschaftlicher Preis,Nein,Kein Preisgeld,Kein Preisgeld,Keine Einschränkung,Keine Einschränkung,Nominierung Einrichtung / Gremium,1970,
O013961,Q67588869,Christophe Mérieux Prize,en,Christophe Mérieux Prize,Webseite,Christophe-Mérieux-Preis,ORAP,Fondation Christophe et Rodolphe Mérieux,Stiftungen,FR,https://www.fondation-merieux.org/en/what-we-do/enhancing-research-capabilities/enchancing-skills-scientists/institut-de-france-christophe-merieux-prize/,Forschung,Wissenschaftlicher Preis,Nein,500000,EUR,International,Entwicklungsländer,Nominierung Einrichtung / Gremium,2007,
O001001,Q188184,Abelprisen,no,Abel Prize,Webseite,Abel-Preis,ORAP,Det Norske Videnskaps-Akademi,wissenschaftlicher Sektor,NO,https://www.abelprize.no/,Forschung,Wissenschaftlicher Preis,Nein,7500000,NOK,Keine Einschränkung,Keine Einschränkung,Nominierung offen,2002,
O001017,Q6525131,Leonard Bloomfield Book Award,en,Leonard Bloomfield Book Award,Webseite,Leonard Bloomfield Buchpreis,ORAP,Linguistic Society of America,wissenschaftlicher Sektor,US,https://www.lsadc.org/leonard_bloomfield_book_award,Forschung,Wissenschaftlicher Preis,Nein,Keine Angabe,Keine Angabe,Einrichtungs- oder organisationsgebunden,Vereinigte Staaten,Eigenbewerbung und Nominierung,1992,
O001024,,Chica and Heinz Schaller Research Award,en,Chica and Heinz Schaller Research Award,Webseite,Chica-und-Heinz-Schaller-Forschungspreis,ORAP,Chica and Heinz Schaller Foundation,Stiftungen,DE,https://chs-stiftung.de/awards/the-annual-chica-and-heinz-schaller-award/,Forschung,Wissenschaftliche Auszeichnung,Ja,100000,EUR,DACH,Deutschland | Baden-Württemberg | Heidelberg,Eigenbewerbung,2005,
O001058,Q1360050,Ernst Schering Preis,de,Ernst Schering Prize,Webseite,Ernst Schering Preis,Webseite,Schering Stiftung,Stiftungen,DE,https://scheringstiftung.de/en/programm/lebenswissenschaften/ernst-schering-preis,Forschung,Wissenschaftlicher Preis,Nein,50000,EUR,Keine Einschränkung,Keine Einschränkung,Nominierung eingeschränkt,1992,
O001064,Q28835,Fields Medal,en,Fields Medal,Webseite,Fields-Medaille,ORAP,Internationale Mathematische Union,wissenschaftlicher Sektor,DE,https://www.mathunion.org/imu-awards/fields-medal,Forschung,Wissenschaftlicher Preis,Ja,15000,CAD,Keine Einschränkung,Keine Einschränkung,Nominierung offen,1936,
O001072,,Friedmund Neumann Preis,de,Friedmund Neumann Prize,Webseite,Friedmund Neumann Preis,Webseite,Schering Stiftung,Stiftungen,DE,https://scheringstiftung.de/de/programm/lebenswissenschaften/foerderprojekte/friedmund-neumann-preis/,Forschung,Wissenschaftlicher Preis,Ja,10000,EUR,DACH,Deutschland,Nominierung eingeschränkt,2012,
O001073,,Fundamental Academic Values Award,en,Fundamental Academic Values Award,Webseite,Preis für fundamentale akademische Werte,ORAP,Deutscher Akademischer Austauschdienst,wissenschaftlicher Sektor,DE,https://www.daad.de/en/the-daad/what-we-do/prizes-awards/fundamental-academic-values-award/,Forschung,Wissenschaftlicher Preis,Ja,7000,EUR,International,Europa,Nominierung Einrichtung / Gremium,2022,
O001083,,Gutenberg Research Award,en,Gutenberg Research Award,Webseite,Gutenberg-Forschungspreis,ORAP,Johannes Gutenberg-Universität Mainz,wissenschaftlicher Sektor,DE,https://www.gfk.uni-mainz.de/en/#research-award,Forschung,Wissenschaftlicher Preis,Nein,10000,EUR,Keine Einschränkung,Keine Einschränkung,Nominierung Einrichtung / Gremium,2006,
O001087,,Hector Research Career Development Award,en,Hector Research Career Development Award,Webseite,Hector-Forschungskarriere-Entwicklungspreis,ORAP,Hector Fellow Academy,wissenschaftlicher Sektor,DE,https://hector-fellow-academy.de/en/career-development/,Forschung,Wissenschaftliche Auszeichnung,Ja,Keine Angabe,Keine Angabe,DACH,Deutschland,Eigenbewerbung,2020,
O001088,Q188397,Heinrich-Wieland-Preis,de,Heinrich Wieland Prize,Webseite,Heinrich-Wieland-Preis,Webseite,Boehringer Ingelheim Stiftung,wissenschaftlicher Sektor,DE,https://boehringer-ingelheim-stiftung.de/wissenschaftspreise/heinrich-wieland-preis.html,Forschung,Wissenschaftlicher Preis,Nein,250000,EUR,Keine Einschränkung,Keine Einschränkung,Nominierung offen,1964,
O001105,,IADR Distinguished Scientist Award,en,IADR Distinguished Scientist Award,Webseite,IADR-Preis für herausragende Wissenschaftler/-innen,ORAP,International Association for Dental Research,wissenschaftlicher Sektor,US,https://www.iadr.org/awards/iadr-distinguished-scientist-award,Forschung,Wissenschaftlicher Preis,Nein,3500,USD,Einrichtungs- oder organisationsgebunden,International,Eigenbewerbung und Nominierung,,
O001143,Q108387166,Nevitt Sanford Award,en,Nevitt Sanford Award,Webseite,Nevitt-Sanford-Preis,ORAP,International Society of Political Psychology,wissenschaftlicher Sektor,US,https://ispp.org/awards/sanford/,Transfer,Wissenschaftlicher Preis,Nein,Keine Angabe,Keine Angabe,Keine Einschränkung,Keine Einschränkung,Nominierung offen,1979,
O001200,,Wilfried Sellars Junior Scholar Essay Prize,en,Wilfried Sellars Junior Scholar Essay Prize,Webseite,Wilfried Sellars Essaypreis für Nachwuchswissenschaftler/-innen,ORAP,North American Kant Society,wissenschaftlicher Sektor,US,https://northamericankantsociety.org/sellarsprize,Forschung,Wissenschaftlicher Preis,Ja,300,USD,Einrichtungs- oder organisationsgebunden,International,Eigenbewerbung,2010,
O001202,Q1294136,Willet G. Miller Medal,en,Willet G. Miller Medal,Webseite,Willet G. Miller-Medaille,ORAP,Royal Society of Canada,wissenschaftlicher Sektor,CA,https://rsc-src.ca/en/awards-excellence/rsc-awards#Bancroft,Forschung,Wissenschaftlicher Preis,Nein,Kein Preisgeld,Kein Preisgeld,International,Kanada,Nominierung eingeschränkt,1943,
O001213,Q38104,Nobel Prize in Physics,en,Nobel Prize in Physics,Webseite,Nobelpreis für Physik,ORAP,Royal Swedish Academy of Sciences,wissenschaftlicher Sektor,SE,https://www.kva.se/en/prizes/nobel-prizes/,Forschung,Wissenschaftlicher Preis,Nein,11000000,SEK,Keine Einschränkung,Keine Einschränkung,Nominierung eingeschränkt,1901,
O001214,Q44585,Nobel Prize in Chemistry,en,Nobel Prize in Chemistry,Webseite,Nobelpreis für Chemie,ORAP,Royal Swedish Academy of Sciences,wissenschaftlicher Sektor,SE,https://www.kva.se/en/prizes/nobel-prizes/,Forschung,Wissenschaftlicher Preis,Nein,11000000,SEK,Keine Einschränkung,Keine Einschränkung,Nominierung eingeschränkt,1901,
O001215,Q80061,Nobel Prize in Physiology or Medicine,en,Nobel Prize in Physiology or Medicine,Webseite,Nobelpreis für Physiologie oder Medizin,ORAP,Karolinska Institutet,wissenschaftlicher Sektor,SE,https://www.nobelprize.org/prizes/medicine/,Forschung,Wissenschaftlicher Preis,Nein,11000000,SEK,Keine Einschränkung,Keine Einschränkung,Nominierung eingeschränkt,1901,
O001401,,Dr. Margaret Faul Women in Chemistry Award,en,Dr. Margaret Faul Women in Chemistry Award,Webseite,Dr.-Margaret-Faul-Preis für Frauen in der Chemie,ORAP,Georg Thieme Verlag,wirtschaftlicher Sektor,DE,https://www.thieme.com/en-us/who-we-are/awards-promotions/chemistry,Forschung,Wissenschaftlicher Preis,Ja,Keine Angabe,Keine Angabe,Keine Angabe,Keine Angabe,Keine Angabe,,
O001424,,ERC Advanced Grant,en,ERC Advanced Grant,Webseite,ERC-Advanced-Grant,ORAP,European Research Council,wissenschaftlicher Sektor,BE,https://erc.europa.eu/apply-grant/advanced-grant,Forschung,Wissenschaftliche Auszeichnung,Nein,2500000,EUR,International,Europa; Albanien; Armenien; Bosnien-Herzegowina; Faröer Inseln; Georgien; Großbritannien und Nordirland; Island; Israel; Kanada; Kosovo; Moldavien; Montenegro; Neuseeland; Nord-Mazedonien; Norwegen; Schweiz; Serbien; Tunesien; Türkei; Ukraine,Eigenbewerbung,,
O001425,,ERC Consolidator Grant,en,ERC Consolidator Grant,Webseite,ERC-Consolidator-Grant,ORAP,European Research Council,wissenschaftlicher Sektor,BE,https://erc.europa.eu/apply-grant/consolidator-grant,Forschung,Wissenschaftliche Auszeichnung,Ja,2000000,EUR,International,Europa; Albanien; Armenien; Bosnien-Herzegowina; Faröer Inseln; Georgien; Großbritannien und Nordirland; Island; Israel; Kanada; Kosovo; Moldavien; Montenegro; Neuseeland; Nord-Mazedonien; Norwegen; Schweiz; Serbien; Tunesien; Türkei; Ukraine,Eigenbewerbung,,
O001426,,ERC Starting Grant,en,ERC Starting Grant,Webseite,ERC-Starting-Grant,ORAP,European Research Council,wissenschaftlicher Sektor,BE,https://erc.europa.eu/apply-grant/starting-grant,Forschung,Wissenschaftliche Auszeichnung,Ja,1500000,EUR,International,Europa; Albanien; Armenien; Bosnien-Herzegowina; Faröer Inseln; Georgien; Großbritannien und Nordirland; Island; Israel; Kanada; Kosovo; Moldavien; Montenegro; Neuseeland; Nord-Mazedonien; Norwegen; Schweiz; Serbien; Tunesien; Türkei; Ukraine,Eigenbewerbung,,
O001475,,Fulbright-Cottrell Award,en,Fulbright-Cottrell Award,Webseite,Fulbright-Cottrell-Preis,ORAP,Deutsch-Amerikanische Fulbright-Kommission ,wissenschaftlicher Sektor,DE,https://fulbright.de/stipendien/programm/fulbright-cottrell-award-uni-ausseruniversitaere-forschungseinrichtungen,Forschung,Wissenschaftliche Auszeichnung,Ja,63000,EUR,DACH,Deutschland,Eigenbewerbung,,
O001520,,Hector RCD Award,en,Hector RCD Award,Webseite,Hector-RCD-Preis,ORAP,Hector Fellow Academy,wissenschaftlicher Sektor,DE,https://hector-fellow-academy.de/en/career-development/,Forschung,Wissenschaftliche Auszeichnung,Ja,Keine Angabe,Keine Angabe,Einrichtungs- oder organisationsgebunden,Deutschland,Eigenbewerbung,2020,
O001548,,IMU Research for Practice Award,en,IMU Research for Practice Award,Webseite,IMU-Preis für Forschung mit Praxisbezug,ORAP,Universität Mannheim,wissenschaftlicher Sektor,DE,https://www.bwl.uni-mannheim.de/imu/award/,Forschung,Wissenschaftlicher Preis,Ja,Keine Angabe,Keine Angabe,Keine Angabe,Keine Angabe,Keine Angabe,2013,
O001552,,Innovation in Digital Equality Award,en,Innovation in Digital Equality Award,Webseite,Innovationspreis für digitale Gleichstellung,ORAP,Stadtstaat Hamburg,öffentlicher Sektor,DE,https://www.hamburg.de/idea-preis/,Sonstiges,Wissenschaftliche Auszeichnung,Nein,25000,EUR,Keine Angabe,Keine Angabe,Eigenbewerbung und Nominierung,2019,
O001568,,International Bionic Award,en,International Bionic Award,Webseite,Internationaler Bionik-Preis,ORAP,Verein Deutscher Ingenieure; Schauenburg-Stiftung,Sonstige; Stiftungen,DE; DE,https://www.vdi.de/news/detail/innovationen-in-der-bionik-gesucht-1,Forschung,Wissenschaftlicher Preis,Ja,5000,EUR,Keine Einschränkung,Keine Einschränkung,Keine Angabe,2008,
O001577,,Jörg Schwarzbich Inventor Award,en,Jörg Schwarzbich Inventor Award,Webseite,Jörg Schwarzbich Erfinder/-innenpreis,ORAP,Universitätsgesellschaft Bielefeld,wissenschaftlicher Sektor,DE,https://www.uni-bielefeld.de/fakultaeten/wirtschaftswissenschaften/lehrbereiche/gm/inventor-award/,Transfer,Wissenschaftlicher Preis,Nein,40000,EUR,Einrichtungs- oder organisationsgebunden,Deutschland | Nordrhein-Westfalen | Bielefeld,Eigenbewerbung,,
O001586,Q88115869,Karl Lohmann Prize,en,Karl Lohmann Prize,Webseite,Karl Lohmann-Preis,ORAP,Gesellschaft für Biochemie und Molekularbiologie,wissenschaftlicher Sektor,DE,https://gbm-online.de/de/studium-karriere/awards-of-the-gbm/awards-of-the-gbm-details/karl-lohmann-prize.html,Forschung,Wissenschaftlicher Preis,Ja,1500,EUR,DACH,Deutschland,Eigenbewerbung und Nominierung,1976,
O001594,Q876919,Klung Wilhelmy Science Award,en,Klung Wilhelmy Science Award,Webseite,Klung Wilhelmy Wissenschaftspreis,ORAP,Dr. Wilhelmy-Stiftung; Otto-Klung-Stiftung,wissenschaftlicher Sektor; Stiftungen,DE; DE,https://www.klung-wilhelmy-wissenschafts-preis.de/preis/,Forschung,Wissenschaftlicher Preis,Ja,Keine Angabe,Keine Angabe,DACH,Deutschland,Nominierung offen,1979,
O001640,Q110379744,Open Data Impact Award,en,Open Data Impact Award,Webseite,Open Data Impact-Preis,ORAP,Stifterverband für die Deutsche Wissenschaft,wissenschaftlicher Sektor,DE,https://www.stifterverband.org/innosci/open-data-impact-award,Transfer,Wissenschaftlicher Preis,Nein,15000,EUR,DACH,Deutschland,Eigenbewerbung,2020,
O001684,,ScienceFluencer Award,en,ScienceFluencer Award,Webseite,ScienceFluencer-Preis,ORAP,Gesellschaft für Biochemie und Molekularbiologie,wissenschaftlicher Sektor,DE,https://gbm-online.de/de/sciencefluencer-award.html,Transfer,Wissenschaftliche Auszeichnung,Ja,1000,EUR,Keine Angabe,Keine Angabe,Eigenbewerbung und Nominierung,2022,
O001693,,Sustainable Finance Award,en,Sustainable Finance Award,Webseite,Preis für nachhaltige Finanzen,ORAP,Pax-Bank; Corporate Responsibility Interface Center (CRIC) e. V.,wirtschaftlicher Sektor; Stiftungen,DE; DE,https://www.sustainable-finance-award.org/,Forschung,Wissenschaftlicher Preis,Ja,2500,EUR,DACH,Deutschland; Österreich; Schweiz,Eigenbewerbung,2022,
O002144,Q916062,Brigitte Gedek Science Prize,en,Brigitte Gedek Science Prize,Webseite,Brigitte-Gedek-Wissenschaftspreis,ORAP,Society for Mycotoxin Research,wissenschaftlicher Sektor,DE,https://www.mycotoxin.de/gedek-award,Forschung,Wissenschaftlicher Preis,Nein,10000,EUR,Einrichtungs- oder organisationsgebunden,International,Nominierung eingeschränkt,2000,
O002484,Q50271619,Gutenberg Prize,en,Gutenberg Prize,Webseite,Gutenberg-Preis,ORAP,Internationale Gutenberg-Gesellschaft,wissenschaftlicher Sektor,DE,https://www.gutenberg-gesellschaft.de/en/gutenberg-prize/,Forschung,Wissenschaftlicher Preis,Nein,10000,EUR,Keine Einschränkung,Keine Einschränkung,Nominierung Einrichtung / Gremium,1968,
O002534,Q1624297,Holberg Prize,en,Holberg Prize,Webseite,Holberg-Preis,ORAP,Universitetet i Bergen,wissenschaftlicher Sektor,NO,https://holbergprize.org/prizes-and-laureates/holbergprize/,Forschung,Wissenschaftlicher Preis,Nein,6000000,NOK,Keine Einschränkung,Keine Einschränkung,Nominierung offen,2004,
O002543,,IBA Early Career Award,en,IBA Early Career Award,Webseite,IBA-Preis für frühe Karriere,ORAP,International Battery Materials Association,wirtschaftlicher Sektor,US,https://www.international-battery-association.org/awards.html,Forschung,Wissenschaftlicher Preis,Ja,2000,USD,Keine Einschränkung,Keine Einschränkung,Keine Angabe,2016,
O002548,,IIPF Young Economists Award,en,IIPF Young Economists Award,Webseite,IIPF-Preis für junge Ökonomen/Ökonominnen,ORAP,International Institute of Public Finance,wissenschaftlicher Sektor,DE,https://www.iipf.org/yeaw.htm,Forschung,Wissenschaftlicher Preis,Ja,Keine Angabe,Keine Angabe,Keine Angabe,Keine Angabe,Eigenbewerbung,2008,
O002570,,Jan J. Kellermann Memorial Award,en,Jan J. Kellermann Memorial Award,Webseite,Jan J. Kellermann Gedenkpreis,ORAP,International Academy of Cardiology,wissenschaftlicher Sektor,US,https://cardiologyonline.com/wchd13/awards.htm,Forschung,Wissenschaftlicher Preis,Nein,Keine Angabe,Keine Angabe,Keine Angabe,Keine Angabe,Keine Angabe,1995,
O002716,,NFDI4Culture Music Award,en,NFDI4Culture Music Award,Webseite,NFDI4Culture-Musikpreis,ORAP,NFDI4Culture – Konsortium für Forschungsdaten materieller und immaterieller Kulturgüter,wissenschaftlicher Sektor,DE,https://nfdi4culture.de/de/dienste/details/nfdi4culture-music-award.html,Forschung,Wissenschaftlicher Preis,Nein,3000,EUR,Keine Angabe,Keine Angabe,Eigenbewerbung,2022,
O002743,Q18560190,Pedler Prize,en,Pedler Prize,Webseite,Pedler-Preis,ORAP,Royal Society of Chemistry,wissenschaftlicher Sektor,GB,https://www.rsc.org/prizes-funding/prizes/find-a-prize/organic-division-open-award-pedler-award/,Forschung,Wissenschaftliche Auszeichnung,Nein,3000,GBP,Einrichtungs- oder organisationsgebunden,International,Nominierung eingeschränkt,1927,
O002911,,Thieme Chemistry Journals Award,en,Thieme Chemistry Journals Award,Webseite,Thieme-Chemiezeitschriften-Preis,ORAP,Georg Thieme Verlag,wirtschaftlicher Sektor,DE,https://www.thieme.de/de/thieme-chemistry/thieme-chemistry-journals-award-107359.htm,Forschung,Wissenschaftlicher Preis,Ja,Keine Angabe,Keine Angabe,Keine Einschränkung,Keine Einschränkung,Nominierung eingeschränkt,1999,
O002993,,Young Scientist Award,en,Young Scientist Award,Webseite,Preis für junge Forschende,ORAP,International Society for Solid-State Ionics,wissenschaftlicher Sektor,US,http://www.internationalsocietysolidstateionics.org/index.php/awards/13-ysa,Forschung,Wissenschaftlicher Preis,Ja,5000,USD,Keine Angabe,Keine Angabe,Eigenbewerbung und Nominierung,2005,
O004007,,Alan Curry Award,en,Alan Curry Award,Webseite,Alan Curry-Preis,ORAP,International Association of Forensic Toxicologists,wissenschaftlicher Sektor,US,https://www.tiaft.org/alan-curry-award.html,Forschung,Wissenschaftlicher Preis,Nein,Kein Preisgeld,Kein Preisgeld,Einrichtungs- oder organisationsgebunden,International,Nominierung offen,1993,
O004011,Q25113052,Kowalevsky medal,en,Kowalevsky medal,Webseite,Kowalevsky Medaille,ORAP,Sankt-Peterburgskoe obshchestvo estestvoispytatelei,wissenschaftlicher Sektor,RU,https://spboe.ru/en/node/117,Forschung,Wissenschaftlicher Preis,Nein,Kein Preisgeld,Kein Preisgeld,Keine Einschränkung,Keine Einschränkung,Nominierung Einrichtung / Gremium,2001,
O004012,,Alfred Vincent Kidder Award for Eminence in the Field of American Archaeology,en,Alfred Vincent Kidder Award for Eminence in the Field of American Archaeology,Webseite,Alfred Vincent Kidder-Preis für herausragende Leistungen im Bereich der amerikanischen Archäologie,ORAP,American Anthropological Association,wissenschaftlicher Sektor,US,https://americananthro.org/prizes-and-awards/alfred-vincent-kidder-award/,Forschung,Wissenschaftlicher Preis,Nein,Keine Angabe,Keine Angabe,Keine Angabe,Keine Angabe,Nominierung offen,1950,
O004017,,Anthropology in Media Award (AIME),en,Anthropology in Media Award (AIME),Webseite,Anthropologie in den Medien-Preis (AIME),ORAP,American Anthropological Association,wissenschaftlicher Sektor,US,https://americananthro.org/prizes-and-awards/aime/,Transfer,Wissenschaftlicher Preis,Nein,Keine Angabe,Keine Angabe,Keine Angabe,Keine Angabe,Nominierung offen,1987,
O004025,,Award for Education in Neuroscience,en,Award for Education in Neuroscience,Webseite,Preis für Bildungsforschung in den Neurowissenschaften,ORAP,Society for Neuroscience,wissenschaftlicher Sektor,US,https://www.sfn.org/outreach/awards/award-for-education-in-neuroscience,Lehre,Wissenschaftlicher Preis,Nein,Kein Preisgeld,Kein Preisgeld,Keine Einschränkung,Keine Einschränkung,Nominierung eingeschränkt,1991,
O004026,,Arches Award,en,Arches Award,Webseite,Arches-Preis,ORAP,Minerva Stiftung Gesellschaft für die Forschung,wissenschaftlicher Sektor,DE,https://www.minerva.mpg.de/12882/former-awardees,Forschung,Wissenschaftlicher Preis,Nein,200000,EUR,International,Deutschland; Israel,Keine Angabe,2008,2019
O004029,Q628457,Premio Balzan,it,Balzan Prize,Webseite,"Balzan Preis für Humanität, Frieden und Brüderlichkeit unter den Völkern",Webseite,Fondazione Internazionale Premio Balzan,Stiftungen,IT,http://www.balzan.org/en/balzan-prize/balzan-prize-for-humanity-peace-and-fraternity-among-peoples,Sonstiges,Wissenschaftlicher Preis,Nein,750000,CHF,Keine Einschränkung,Keine Einschränkung,Nominierung Einrichtung / Gremium,1961,
O004043,,Boehringer Ingelheim FENS Research Award,en,Boehringer Ingelheim FENS Research Award,Webseite,Boehringer-Ingelheim-FENS-Forschungspreis,ORAP,Boehringer Ingelheim,wirtschaftlicher Sektor,DE,https://www.fens.org/careers/awards/awards-directory/award/boehringer-ingelheim-fens-research-award,Forschung,Wissenschaftlicher Preis,Ja,25000,EUR,International,Europa,Eigenbewerbung und Nominierung,,
O004046,,Bruce S. Schoenberg International Award in Neuroepidemiology,en,Bruce S. Schoenberg International Award in Neuroepidemiology,Webseite,Bruce-S.-Schoenberg-Internationaler-Preis für Neuroepidemiologie,ORAP,American Academy of Neurology,wissenschaftlicher Sektor,US,https://aan.secure-platform.com/a/gallery/rounds/7/details/7066,Forschung,Wissenschaftlicher Preis,Ja,Kein Preisgeld,Kein Preisgeld,International,Länder mit geringem Einkommen; Länder mit mittlerem Einkommen im unteren Bereich,Eigenbewerbung,,
O004051,,Carl Bode-Norman Holmes Pearson Prize,en,Carl Bode-Norman Holmes Pearson Prize,Webseite,Carl-Bode-Norman-Holmes-Pearson-Preis,ORAP,American Studies Association,wissenschaftlicher Sektor,US,https://www.theasa.net/awards/asa-awards-prizes/carl-bode-%E2%80%93-norman-holmes-pearson-prize,Forschung,Wissenschaftliche Auszeichnung,Nein,Keine Angabe,Keine Angabe,Einrichtungs- oder organisationsgebunden,International,Eigenbewerbung und Nominierung,1975,
O004052,Q1036512,Carl Friedrich Gauss Prize,en,Carl Friedrich Gauss Prize,Webseite,Carl-Friedrich-Gauss-Preis,ORAP,Internationale Mathematische Union; Deutsche Mathematiker-Vereinigung,wissenschaftlicher Sektor; wissenschaftlicher Sektor,DE; DE,https://www.mathunion.org/imu-awards/carl-friedrich-gauss-prize,Forschung,Wissenschaftlicher Preis,Nein,10000,EUR,Keine Einschränkung,Keine Einschränkung,Keine Angabe,2006,
O004056,,AACAP Catchers in the Rye Humanitarian Award,en,AACAP Catchers in the Rye Humanitarian Award,Webseite,Humanitärer Preis der AACAP ‚Catchers in the Rye',ORAP,American Academy of Child and Adolescent Psychiatry,wissenschaftlicher Sektor,US,https://www.aacap.org/AACAP/Awards/Catchers_in_the_Rye/Home.aspx,Sonstiges,Wissenschaftliche Auszeichnung,Nein,Keine Angabe,Keine Angabe,Keine Angabe,Keine Angabe,Nominierung eingeschränkt,,
O004061,,Ernest Solvay Prize,en,Ernest Solvay Prize,Webseite,Ernest-Solvay-Preis,ORAP,Syensqo SA,wirtschaftlicher Sektor,CH,https://www.solvay.com/en/innovation/encourage-science/chemistry-future-solvay-prize,Forschung,Wissenschaftlicher Preis,Nein,300000,EUR,Keine Angabe,Keine Angabe,Nominierung eingeschränkt,2013,
O004062,,Chern Medal Award,en,Chern Medal Award,Webseite,Chern-Medaille,ORAP,Internationale Mathematische Union,wissenschaftlicher Sektor,DE,https://www.mathunion.org/imu-awards/chern-medal-award,Forschung,Wissenschaftlicher Preis,Nein,250000,USD,Keine Einschränkung,Keine Einschränkung,Nominierung offen,2010,
O004065,Q1029570,Collatz Prize,en,Collatz Prize,Webseite,Collatz-Preis,ORAP,International Council for Industrial and Applied Mathematics,wissenschaftlicher Sektor,US,https://iciam.org/iciam-prizes,Forschung,Wissenschaftlicher Preis,Ja,5000,USD,Keine Angabe,Keine Angabe,Nominierung offen,1999,
O004069,,Constance M. Rourke Prize,en,Constance M. Rourke Prize,Webseite,Constance-M.-Rourke-Preis,ORAP,American Studies Association,wissenschaftlicher Sektor,US,https://www.theasa.net/awards/asa-awards-prizes/constance-m-rourke-prize,Forschung,Wissenschaftlicher Preis,Nein,100,USD,Einrichtungs- oder organisationsgebunden,International,Nominierung Einrichtung / Gremium,1987,
O004072,,Curl Essay Prize,en,Curl Essay Prize,Webseite,Curl-Essay-Preis,ORAP,Royal Anthropological Institute,wissenschaftlicher Sektor,GB,https://www.therai.org.uk/awards/prizes/curl-essay-prize,Forschung,Wissenschaftlicher Preis,Nein,1100,GBP,Keine Einschränkung,Keine Einschränkung,Eigenbewerbung,1950,
O004074,Q5308782,Daniel C. Drucker Medal,en,Daniel C. Drucker Medal,Webseite,Daniel C. Drucker Medaille,ORAP,American Society of Mechanical Engineers,Sonstige,US,https://www.asme.org/about-asme/honors-awards/achievement-awards/daniel-c-drucker-medal,Forschung,Wissenschaftlicher Preis,Nein,2000,USD,Keine Angabe,Keine Angabe,Nominierung offen,1998,
O004077,,David M. Schneider Award,en,David M. Schneider Award,Webseite,David-M.-Schneider-Preis,ORAP,American Anthropological Association,wissenschaftlicher Sektor,US,https://americananthro.org/prizes-and-awards/david-schneider-award/,Forschung,Wissenschaftlicher Preis,Ja,Keine Angabe,Keine Angabe,Einrichtungs- oder organisationsgebunden,International,Eigenbewerbung und Nominierung,2005,
O004092,,Developmental Biology - Society for Developmental Biology Lifetime Achievement Award,en,Developmental Biology - Society for Developmental Biology Lifetime Achievement Award,Webseite,Preis für das Lebenswerk in der Entwicklungsbiologie der Society for Developmental Biology,ORAP,Society for Developmental Biology,wissenschaftlicher Sektor,US,https://www.sdbonline.org/lifetime_achievement_award,Forschung,Wissenschaftlicher Preis,Nein,2000,USD,Keine Einschränkung,Keine Einschränkung,Nominierung eingeschränkt,2000,
O004112,,Distinguished Contribution to Science Education through Research Award,en,Distinguished Contribution to Science Education through Research Award,Webseite,Preis für herausragende Beiträge zur naturwissenschaftsdidaktischen Forschung,ORAP,National Association for Research in Science Teaching,wissenschaftlicher Sektor,US,https://narst.org/awards/distinguished-contributions-science-education-through-research,Forschung,Wissenschaftlicher Preis,Nein,Keine Angabe,Keine Angabe,Keine Angabe,Keine Angabe,Keine Angabe,1986,
O004114,,Donald B. Lindsley Prize in Behavioral Neuroscience,en,Donald B. Lindsley Prize in Behavioral Neuroscience,Webseite,Donald-B.-Lindsley-Preis für Verhaltensneurowissenschaften,ORAP,Society for Neuroscience,wissenschaftlicher Sektor,US,https://www.sfn.org/careers/awards/early-career/donald-b-lindsley-prize-in-behavioral-neuroscience,Forschung,Wissenschaftlicher Preis,Ja,5000,USD,Keine Einschränkung,Keine Einschränkung,Nominierung eingeschränkt,1979,
O004123,,E. Ohnuki-Tierney Book Award for Historical Anthropology,en,E. Ohnuki-Tierney Book Award for Historical Anthropology,Webseite,E.-Ohnuki-Tierney-Buchpreis für Historische Anthropologie,ORAP,American Anthropological Association,wissenschaftlicher Sektor,US,https://americananthro.org/prizes-and-awards/ohnuki-tierney-book-award/,Forschung,Wissenschaftlicher Preis,Nein,800,USD,Keine Angabe,Keine Angabe,Nominierung offen,2022,
O004124,,Early Career Research Award,en,Early Career Research Award,Webseite,Early-Career-Forschungspreis,ORAP,National Association for Research in Science Teaching,wissenschaftlicher Sektor,US,https://narst.org/awards/early-career-research-award,Forschung,Wissenschaftlicher Preis,Ja,Keine Angabe,Keine Angabe,Keine Angabe,Keine Angabe,Keine Angabe,1993,
O004127,Q5346461,Edwin G. Conklin Medal,en,Edwin G. Conklin Medal,Webseite,Edwin-G.-Conklin-Medaille,ORAP,Society for Developmental Biology,wissenschaftlicher Sektor,US,http://www.sdbonline.org/conklin_medal,Forschung,Wissenschaftlicher Preis,Nein,2000,USD,Keine Einschränkung,Keine Einschränkung,Nominierung eingeschränkt,1995,
O004136,,Ella Baker/Septima Clark Human Rights Award,en,Ella Baker/Septima Clark Human Rights Award,Webseite,Ella-Baker/Septima-Clark-Menschenrechtspreis,ORAP,American Educational Research Association,wissenschaftlicher Sektor,US,https://www.aera.net/Division-B/Awards#Ella%20Baker/Septima%20Clark%20Human%20Rights%20Award,Forschung,Wissenschaftlicher Preis,Nein,Keine Angabe,Keine Angabe,Keine Angabe,Keine Angabe,Eigenbewerbung und Nominierung,2019,
O004147,,Eric Kandel Young Neuroscientists Prize,en,Eric Kandel Young Neuroscientists Prize,Webseite,Eric-Kandel-Preis für junge Neurowissenschaftler/-innen,ORAP,Gemeinnützige Hertie-Stiftung,Stiftungen,DE,https://www.ghst.de/en/kandelprize,Forschung,Wissenschaftlicher Preis,Ja,100000,EUR,International,Europa,Nominierung eingeschränkt,2009,
O004154,,Ernst-Gassner-Award,en,Ernst-Gassner-Award,Webseite,Ernst-Gassner-Preis,ORAP,Fraunhofer-Institut für Betriebsfestigkeit und Systemzuverlässigkeit,wissenschaftlicher Sektor,DE,https://www.lbf.fraunhofer.de/en/ernst-gassner-award1/ernst-gassner-structural-durability.html,Forschung,Wissenschaftlicher Preis,Nein,Keine Angabe,Keine Angabe,Keine Angabe,Keine Angabe,Keine Angabe,,
O004167,,FENS-EJN Award,en,FENS-EJN Award,Webseite,FENS-EJN-Preis,ORAP,Federation of European Neuroscience Societies,wissenschaftlicher Sektor,GB,https://www.fens.org/careers/awards/awards-directory/award/fens-ejn-award,Forschung,Wissenschaftlicher Preis,Nein,10000,GBP,International,Europa,Nominierung eingeschränkt,,
O004168,,FENS-EJN Young Investigator Prize,en,FENS-EJN Young Investigator Prize,Webseite,FENS-EJN-Preis für junge Wissenschaftler/-innen,ORAP,Federation of European Neuroscience Societies,wissenschaftlicher Sektor,GB,https://www.fens.org/careers/awards/awards-directory/award/fens-ejn-young-investigator-prize,Forschung,Wissenschaftlicher Preis,Ja,7000,GBP,International,Europa,Eigenbewerbung und Nominierung,,
O004171,Q741683,Fischer Black Prize,en,Fischer Black Prize,Webseite,Fischer-Black-Preis,ORAP,American Finance Association,wissenschaftlicher Sektor,US,https://afajof.org/fischer-black-prize/,Forschung,Wissenschaftlicher Preis,Ja,50000,USD,Keine Angabe,Keine Angabe,Keine Angabe,2003,
O004183,,Franz Boas Award for Exemplary Service to Anthropology,en,Franz Boas Award for Exemplary Service to Anthropology,Webseite,Franz-Boas-Preis für herausragende Dienste an der Anthropologie,ORAP,American Anthropological Association,wissenschaftlicher Sektor,US,https://americananthro.org/prizes-and-awards/franz-boas-award/,Forschung,Wissenschaftlicher Preis,Nein,Keine Angabe,Keine Angabe,Einrichtungs- oder organisationsgebunden,International,Nominierung eingeschränkt,1976,
O004217,Q1550248,Gruber Neuroscience Prize,en,Gruber Neuroscience Prize,Webseite,Gruber-Preis für Neurowissenschaften,ORAP,Gruber Foundation,Stiftungen,US,https://gruber.yale.edu/neuroscience,Forschung,Wissenschaftlicher Preis,Nein,500000,USD,Keine Einschränkung,Keine Einschränkung,Nominierung offen,2004,
O004257,Q2086833,Alexander Graham Bell Medal,en,Alexander Graham Bell Medal,Webseite,Alexander Graham Bell Medaille,ORAP,Institute of Electrical and Electronics Engineers,wissenschaftlicher Sektor,US,https://www.comsoc.org/node/19611,Forschung,Wissenschaftlicher Preis,Nein,Keine Angabe,Keine Angabe,Keine Einschränkung,Keine Einschränkung,Keine Angabe,1976,
O004252,,IACM John Argyris Award for Young Scientists,en,IACM John Argyris Award for Young Scientists,Webseite,IACM-John-Argyris-Preis für junge Wissenschaftler/-innen,ORAP,International Association for Computational Mechanics,wissenschaftlicher Sektor,ES,https://iacm.info/iacm-awards/john-argyris-award-for-young-scientists/,Forschung,Wissenschaftlicher Preis,Ja,Keine Angabe,Keine Angabe,Keine Einschränkung,Keine Einschränkung,Keine Angabe,1998,
O004251,,IACM Fellows Award,en,IACM Fellows Award,Webseite,IACM-Fellow-Preis,ORAP,International Association for Computational Mechanics,wissenschaftlicher Sektor,ES,https://iacm.info/iacm-awards/fellows-award/,Forschung,Wissenschaftliche Auszeichnung,Nein,Keine Angabe,Keine Angabe,Einrichtungs- oder organisationsgebunden,International,Nominierung eingeschränkt,1998,
O004250,,IACM Congress Medal (Gauss-Newton Medal),en,IACM Congress Medal (Gauss-Newton Medal),Webseite,Kongress-Medaille der IACM (Gauss-Newton-Medaille),ORAP,International Association for Computational Mechanics,wissenschaftlicher Sektor,ES,https://iacm.info/iacm-awards/congress-medal-gauss-newton-medal/,Forschung,Wissenschaftlicher Preis,Nein,Keine Angabe,Keine Angabe,Keine Einschränkung,Keine Einschränkung,Keine Angabe,1986,
O004249,,IACM Oden Computational Mechanics Award,en,IACM Oden Computational Mechanics Award,Webseite,Oden-Preis der IACM für Computational Mechanics,ORAP,International Association for Computational Mechanics,wissenschaftlicher Sektor,ES,https://iacm.info/iacm-awards/award-oden-computational-mechanics/,Forschung,Wissenschaftlicher Preis,Nein,Keine Angabe,Keine Angabe,Keine Einschränkung,Keine Einschränkung,Keine Angabe,1998,
O004260,Q5970305,IEEE Charles Proteus Steinmetz Award,en,IEEE Charles Proteus Steinmetz Award,Webseite,IEEE-Charles-Proteus-Steinmetz-Preis,ORAP,Institute of Electrical and Electronics Engineers,wissenschaftlicher Sektor,US,https://corporate-awards.ieee.org/award/ieee-charles-proteus-steinmetz-award/,Forschung,Wissenschaftlicher Preis,Nein,Keine Angabe,Keine Angabe,Keine Einschränkung,Keine Einschränkung,Keine Angabe,1980,
O004261,Q5970325,IEEE Cledo Brunetti Award,en,IEEE Cledo Brunetti Award,Webseite,IEEE-Cledo-Brunetti-Preis,ORAP,Institute of Electrical and Electronics Engineers,wissenschaftlicher Sektor,US,https://corporate-awards.ieee.org/award/ieee-cledo-brunetti-award/,Forschung,Wissenschaftlicher Preis,Nein,Keine Angabe,Keine Angabe,Keine Einschränkung,Keine Einschränkung,Keine Angabe,1978,
O004263,Q5970341,IEEE Control Systems Award,en,IEEE Control Systems Award,Webseite,IEEE-Preis für Regelungstechnik,ORAP,Institute of Electrical and Electronics Engineers,wissenschaftlicher Sektor,US,https://ieeecss.org/awards/ieee-control-systems-award,Forschung,Wissenschaftlicher Preis,Nein,10000,USD,Keine Einschränkung,Keine Einschränkung,Keine Angabe,1982,
O004266,Q5970346,IEEE Dennis J. Picard Medal for Radar Technologies and Applications,en,IEEE Dennis J. Picard Medal for Radar Technologies and Applications,Webseite,IEEE-Dennis-J.-Picard-Medaille für Radartechnologien und -anwendungen,ORAP,Institute of Electrical and Electronics Engineers,wissenschaftlicher Sektor,US,https://corporate-awards.ieee.org/award/ieee-dennis-j-picard-medal-for-radar-technologies-and-applications/,Forschung,Wissenschaftlicher Preis,Nein,Keine Angabe,Keine Angabe,Keine Einschränkung,Keine Einschränkung,Keine Angabe,2000,
O004268,Q678263,IEEE Edison Medal,en,IEEE Edison Medal,Webseite,IEEE-Edison-Medaille,ORAP,Institute of Electrical and Electronics Engineers,wissenschaftlicher Sektor,US,https://corporate-awards.ieee.org/award/ieee-edison-medal/,Forschung,Wissenschaftlicher Preis,Nein,Keine Angabe,Keine Angabe,Keine Einschränkung,Keine Einschränkung,Keine Angabe,1909,
O004269,Q5970356,IEEE Electromagnetics Award,en,IEEE Electromagnetics Award,Webseite,IEEE-Preis für Elektromagnetik,ORAP,Institute of Electrical and Electronics Engineers,wissenschaftlicher Sektor,US,https://corporate-awards.ieee.org/award/ieee-electromagnetics-award/,Forschung,Wissenschaftlicher Preis,Nein,Keine Angabe,Keine Angabe,Keine Einschränkung,Keine Einschränkung,Keine Angabe,1999,
O004270,Q5970361,IEEE Eric E. Sumner Award,en,IEEE Eric E. Sumner Award,Webseite,IEEE-Eric-E.-Sumner-Preis,ORAP,Institute of Electrical and Electronics Engineers,wissenschaftlicher Sektor,US,https://corporate-awards.ieee.org/award/ieee-eric-e-sumner-award/,Forschung,Wissenschaftlicher Preis,Nein,Keine Angabe,Keine Angabe,Keine Einschränkung,Keine Einschränkung,Keine Angabe,1997,
O004272,Q5970365,IEEE Founders Medal,en,IEEE Founders Medal,Webseite,IEEE-Gründer-Medaille,ORAP,Institute of Electrical and Electronics Engineers,wissenschaftlicher Sektor,US,https://corporate-awards.ieee.org/award/ieee-founders-medal/,Forschung,Wissenschaftlicher Preis,Nein,Keine Angabe,Keine Angabe,Keine Einschränkung,Keine Einschränkung,Keine Angabe,1953,
O004273,,IEEE Fourier Award for Signal Processing,en,IEEE Fourier Award for Signal Processing,Webseite,IEEE-Fourier-Preis für Signalverarbeitung,ORAP,Institute of Electrical and Electronics Engineers,wissenschaftlicher Sektor,US,https://corporate-awards.ieee.org/award/ieee-fourier-award-for-signal-processing/,Forschung,Wissenschaftlicher Preis,Nein,Keine Angabe,Keine Angabe,Keine Einschränkung,Keine Einschränkung,Keine Angabe,2015,
O004274,Q5970364,IEEE Frank Rosenblatt Award,en,IEEE Frank Rosenblatt Award,Webseite,IEEE-Frank-Rosenblatt-Preis,ORAP,Institute of Electrical and Electronics Engineers,wissenschaftlicher Sektor,US,https://corporate-awards.ieee.org/award/ieee-frank-rosenblatt-award/,Forschung,Wissenschaftlicher Preis,Nein,Keine Angabe,Keine Angabe,Keine Einschränkung,Keine Einschränkung,Keine Angabe,2006,
O004275,Q5970368,IEEE Frederik Philips Award,en,IEEE Frederik Philips Award,Webseite,IEEE-Frederik-Philips-Preis,ORAP,Institute of Electrical and Electronics Engineers,wissenschaftlicher Sektor,US,https://corporate-awards.ieee.org/award/ieee-frederik-philips-awards/,Transfer,Wissenschaftlicher Preis,Nein,Keine Angabe,Keine Angabe,Keine Einschränkung,Keine Einschränkung,Keine Angabe,1971,
O004276,Q5970373,IEEE Gustav Robert Kirchhoff Award,en,IEEE Gustav Robert Kirchhoff Award,Webseite,IEEE-Gustav-Robert-Kirchhoff-Preis,ORAP,Institute of Electrical and Electronics Engineers,wissenschaftlicher Sektor,US,https://corporate-awards.ieee.org/award/ieee-gustav-robert-kirchhoff-award/,Forschung,Wissenschaftlicher Preis,Nein,Keine Angabe,Keine Angabe,Keine Einschränkung,Keine Einschränkung,Keine Angabe,2005,
O004278,,IEEE Innovation in Societal Infrastructure Award,en,IEEE Innovation in Societal Infrastructure Award,Webseite,IEEE-Preis für Innovationen in gesellschaftlicher Infrastruktur,ORAP,Institute of Electrical and Electronics Engineers,wissenschaftlicher Sektor,US,https://corporate-awards.ieee.org/award/ieee-innovation-in-societal-infrastructure-award/,Forschung,Wissenschaftlicher Preis,Nein,Keine Angabe,Keine Angabe,Keine Einschränkung,Keine Einschränkung,Keine Angabe,2014,
O004279,Q3146631,IEEE Internet Award,en,IEEE Internet Award,Webseite,IEEE-Internet-Preis,ORAP,Institute of Electrical and Electronics Engineers,wissenschaftlicher Sektor,US,https://corporate-awards.ieee.org/award/ieee-internet-award/,Forschung,Wissenschaftlicher Preis,Nein,Keine Angabe,Keine Angabe,Keine Einschränkung,Keine Einschränkung,Keine Angabe,2000,
O004280,Q5970391,IEEE Jack S. Kilby Signal Processing Medal,en,IEEE Jack S. Kilby Signal Processing Medal,Webseite,IEEE-Jack-S.-Kilby-Medaille für Signalverarbeitung,ORAP,Institute of Electrical and Electronics Engineers,wissenschaftlicher Sektor,US,https://corporate-awards.ieee.org/award/ieee-jack-kilby-signal-processing-medal/,Forschung,Wissenschaftlicher Preis,Nein,Keine Angabe,Keine Angabe,Keine Einschränkung,Keine Einschränkung,Keine Angabe,1997,
O004282,Q5970395,IEEE James L. Flanagan Speech and Audio Processing Award,en,IEEE James L. Flanagan Speech and Audio Processing Award,Webseite,IEEE-James-L.-Flanagan-Preis für Sprach- und Audioverarbeitung,ORAP,Institute of Electrical and Electronics Engineers,wissenschaftlicher Sektor,US,https://corporate-awards.ieee.org/award/ieee-james-l-flanagan-speech-and-audio-processing-award/,Forschung,Wissenschaftlicher Preis,Nein,Keine Angabe,Keine Angabe,Keine Einschränkung,Keine Einschränkung,Keine Angabe,2004,
O004283,Q727274,IEEE John von Neumann Medal,en,IEEE John von Neumann Medal,Webseite,IEEE-John-von-Neumann-Medaille,ORAP,Institute of Electrical and Electronics Engineers,wissenschaftlicher Sektor,US,https://corporate-awards.ieee.org/award/ieee-john-von-neumann-medal/,Forschung,Wissenschaftlicher Preis,Nein,Keine Angabe,Keine Angabe,Keine Einschränkung,Keine Einschränkung,Keine Angabe,1992,
O004284,Q5970397,IEEE Joseph F. Keithley Award in Instrumentation and Measurement,en,IEEE Joseph F. Keithley Award in Instrumentation and Measurement,Webseite,IEEE-Joseph-F.-Keithley-Preis für Messinstrumente und Messtechnik,ORAP,Institute of Electrical and Electronics Engineers,wissenschaftlicher Sektor,US,https://corporate-awards.ieee.org/award/ieee-joseph-f-keithley-award-in-instrumentation-and-measurement/,Forschung,Wissenschaftlicher Preis,Nein,Keine Angabe,Keine Angabe,Keine Einschränkung,Keine Einschränkung,Keine Angabe,2004,
O004285,Q15710646,IEEE Jun-ichi Nishizawa Medal,en,IEEE Jun-ichi Nishizawa Medal,Webseite,IEEE Jun-ichi Nishizawa Medaille,ORAP,Institute of Electrical and Electronics Engineers,wissenschaftlicher Sektor,US,https://corporate-awards.ieee.org/award/ieee-jun-ichi-nishizawa-medal/,Forschung,Wissenschaftlicher Preis,Nein,Keine Angabe,Keine Angabe,Keine Einschränkung,Keine Einschränkung,Keine Angabe,2004,
O004286,Q3798331,IEEE Kiyo Tomiyasu Award,en,IEEE Kiyo Tomiyasu Award,Webseite,IEEE Kiyo Tomiyasu-Preis,ORAP,Institute of Electrical and Electronics Engineers,wissenschaftlicher Sektor,US,https://corporate-awards.ieee.org/award/ieee-kiyo-tomiyasu-award/,Forschung,Wissenschaftlicher Preis,Ja,Keine Angabe,Keine Angabe,Keine Einschränkung,Keine Einschränkung,Keine Angabe,2002,
O004291,Q5970415,IEEE Medal for Environmental and Safety Technologies,en,IEEE Medal for Environmental and Safety Technologies,Webseite,IEEE Medaille für Umwelt- und Sicherheitstechnologien,ORAP,Institute of Electrical and Electronics Engineers,wissenschaftlicher Sektor,US,https://corporate-awards.ieee.org/award/ieee-medal-for-environmental-and-safety-technologies/,Forschung,Wissenschaftlicher Preis,Nein,Keine Angabe,Keine Angabe,Keine Einschränkung,Keine Einschränkung,Keine Angabe,2010,
O004290,Q933972,IEEE Masaru Ibuka Consumer Electronics Award,en,IEEE Masaru Ibuka Consumer Electronics Award,Webseite,IEEE Masaru Ibuka-Preis für Unterhaltungselektronik,ORAP,Institute of Electrical and Electronics Engineers,wissenschaftlicher Sektor,US,https://corporate-awards.ieee.org/award/ieee-masaru-ibuka-consumer-technology-award/,Forschung,Wissenschaftlicher Preis,Nein,Keine Angabe,Keine Angabe,Keine Einschränkung,Keine Einschränkung,Keine Angabe,1989,
O004289,Q5970410,IEEE Marie Skłodowska-Curie Award,en,IEEE Marie Skłodowska-Curie Award,Webseite,IEEE Marie Skłodowska-Curie-Preis,ORAP,Institute of Electrical and Electronics Engineers,wissenschaftlicher Sektor,US,https://corporate-awards.ieee.org/award/ieee-marie-sklodowska-curie-award/,Forschung,Wissenschaftlicher Preis,Nein,Keine Angabe,Keine Angabe,Keine Einschränkung,Keine Einschränkung,Keine Angabe,2011,
O004287,Q4377107,IEEE Koji Kobayashi Computers and Communications Award,en,IEEE Koji Kobayashi Computers and Communications Award,Webseite,IEEE Koji Kobayashi Computer- und Kommunikationspreis,ORAP,Institute of Electrical and Electronics Engineers,wissenschaftlicher Sektor,US,https://corporate-awards.ieee.org/award/ieee-koji-kobayashi-computers-and-communications-award/,Forschung,Wissenschaftlicher Preis,Nein,Keine Angabe,Keine Angabe,Keine Einschränkung,Keine Einschränkung,Keine Angabe,1988,
O004292,Q5970417,IEEE Medal for Innovations in Healthcare Technology,en,IEEE Medal for Innovations in Healthcare Technology,Webseite,IEEE Medaille für Innovationen in der Gesundheitstechnologie,ORAP,Institute of Electrical and Electronics Engineers,wissenschaftlicher Sektor,US,https://corporate-awards.ieee.org/award/ieee-medal-for-innovations-in-healthcare-technology-2/,Forschung,Wissenschaftlicher Preis,Nein,Keine Angabe,Keine Angabe,Keine Einschränkung,Keine Einschränkung,Keine Angabe,2010,
O004293,Q5970419,IEEE Medal in Power Engineering,en,IEEE Medal in Power Engineering,Webseite,IEEE Medaille für Energietechnik,ORAP,Institute of Electrical and Electronics Engineers,wissenschaftlicher Sektor,US,https://corporate-awards.ieee.org/award/ieee-medal-in-power-engineering/,Forschung,Wissenschaftlicher Preis,Nein,Keine Angabe,Keine Angabe,Keine Einschränkung,Keine Einschränkung,Keine Angabe,2010,
O004294,Q678414,IEEE Medal of Honor,en,IEEE Medal of Honor,Webseite,IEEE Ehrenmedaille,ORAP,Institute of Electrical and Electronics Engineers,wissenschaftlicher Sektor,US,https://corporate-awards.ieee.org/ieee-medal-of-honor/,Forschung,Wissenschaftlicher Preis,Nein,2000000,USD,Keine Einschränkung,Keine Einschränkung,Keine Angabe,1917,
O004295,Q5970434,IEEE Nikola Tesla Award,en,IEEE Nikola Tesla Award,Webseite,IEEE Nikola Tesla-Preis,ORAP,Institute of Electrical and Electronics Engineers,wissenschaftlicher Sektor,US,https://corporate-awards.ieee.org/award/ieee-nikola-tesla-award/,Forschung,Wissenschaftlicher Preis,Nein,Keine Angabe,Keine Angabe,Keine Einschränkung,Keine Einschränkung,Keine Angabe,1975,
O004298,Q15995430,IEEE Richard Harold Kaufmann Award,en,IEEE Richard Harold Kaufmann Award,Webseite,IEEE Richard Harold Kaufmann-Preis,ORAP,Institute of Electrical and Electronics Engineers,wissenschaftlicher Sektor,US,https://corporate-awards.ieee.org/award/ieee-richard-harold-kaufmann-award/,Forschung,Wissenschaftlicher Preis,Nein,Keine Angabe,Keine Angabe,Keine Einschränkung,Keine Einschränkung,Keine Angabe,1988,
O004299,Q1640531,IEEE Richard W. Hamming Medal,en,IEEE Richard W. Hamming Medal,Webseite,IEEE Richard W. Hamming Medaille,ORAP,Institute of Electrical and Electronics Engineers,wissenschaftlicher Sektor,US,https://corporate-awards.ieee.org/award/ieee-richard-w-hamming-medal/,Forschung,Wissenschaftlicher Preis,Nein,Keine Angabe,Keine Angabe,Keine Einschränkung,Keine Einschränkung,Keine Angabe,1988,
O004300,Q5970473,IEEE Robert N. Noyce Medal,en,IEEE Robert N. Noyce Medal,Webseite,IEEE Robert N. Noyce Medaille,ORAP,Institute of Electrical and Electronics Engineers,wissenschaftlicher Sektor,US,https://corporate-awards.ieee.org/award/ieee-robert-n-noyce-medal/,Forschung,Wissenschaftlicher Preis,Nein,Keine Angabe,Keine Angabe,Keine Einschränkung,Keine Einschränkung,Keine Angabe,2000,
O004301,Q5970472,IEEE Robotics and Automation Award,en,IEEE Robotics and Automation Award,Webseite,IEEE-Preis für Robotik und Automatisierung,ORAP,Institute of Electrical and Electronics Engineers,wissenschaftlicher Sektor,US,https://corporate-awards.ieee.org/award/ieee-robotics-and-automation-award/,Forschung,Wissenschaftlicher Preis,Nein,Keine Angabe,Keine Angabe,Keine Einschränkung,Keine Einschränkung,Keine Angabe,2004,
O004303,Q5970482,IEEE Simon Ramo Medal,en,IEEE Simon Ramo Medal,Webseite,IEEE Simon Ramo Medaille,ORAP,Institute of Electrical and Electronics Engineers,wissenschaftlicher Sektor,US,https://corporate-awards.ieee.org/award/ieee-simon-ramo-medal/,Forschung,Wissenschaftlicher Preis,Nein,Keine Angabe,Keine Angabe,Keine Einschränkung,Keine Einschränkung,Keine Angabe,1984,
O004304,,IEEE Transportation Technologies Award,en,IEEE Transportation Technologies Award,Webseite,IEEE-Preis für Verkehrstechnologien,ORAP,Institute of Electrical and Electronics Engineers,wissenschaftlicher Sektor,US,https://corporate-awards.ieee.org/award/ieee-transportation-technologies-award/,Forschung,Wissenschaftlicher Preis,Nein,Keine Angabe,Keine Angabe,Keine Einschränkung,Keine Einschränkung,Keine Angabe,2014,
O004305,,IEEE Undergraduate Teaching Award,en,IEEE Undergraduate Teaching Award,Webseite,IEEE-Preis für herausragende Lehre in der grundständigen Ausbildung,ORAP,Institute of Electrical and Electronics Engineers,wissenschaftlicher Sektor,US,https://corporate-awards.ieee.org/award/ieee-undergraduate-teaching-award/,Lehre,Wissenschaftlicher Preis,Nein,Keine Angabe,Keine Angabe,Keine Einschränkung,Keine Einschränkung,Keine Angabe,1992,
O004306,Q5970528,IEEE William E. Newell Power Electronics Award,en,IEEE William E. Newell Power Electronics Award,Webseite,IEEE William E. Newell-Preis für Leistungselektronik,ORAP,Institute of Electrical and Electronics Engineers,wissenschaftlicher Sektor,US,https://corporate-awards.ieee.org/award/ieee-william-e-newell-power-electronics-award/,Forschung,Wissenschaftlicher Preis,Nein,Keine Angabe,Keine Angabe,Keine Einschränkung,Keine Einschränkung,Keine Angabe,2006,
O004307,,IEEE/RSE Wolfson James Clerk Maxwell Award,en,IEEE/RSE Wolfson James Clerk Maxwell Award,Webseite,IEEE/RSE Wolfson James Clerk Maxwell-Preis,ORAP,Institute of Electrical and Electronics Engineers; Royal Society of Edinburgh,wissenschaftlicher Sektor; wissenschaftlicher Sektor,US; GB,https://rse.org.uk/funding-collaboration/ieee-rse-james-clerk-maxwell-medal/,Forschung,Wissenschaftlicher Preis,Nein,Keine Angabe,Keine Angabe,Keine Einschränkung,Keine Einschränkung,Nominierung offen,2006,
O004315,,Frank Prize,en,Frank Prize,Webseite,Frank-Preis,ORAP,International Organization for Crystal Growth,wissenschaftlicher Sektor,JP,https://www.iocg.org/frank-laudise,Forschung,Wissenschaftlicher Preis,Nein,Keine Angabe,Keine Angabe,Keine Angabe,Keine Angabe,Keine Angabe,1989,
O004316,,Laudise Prize,en,Laudise Prize,Webseite,Laudise-Preis,ORAP,International Organization for Crystal Growth,wissenschaftlicher Sektor,JP,https://www.iocg.org/frank-laudise,Transfer,Wissenschaftlicher Preis,Nein,Keine Angabe,Keine Angabe,Keine Angabe,Keine Angabe,Keine Angabe,1989,
O004317,,Schieber Prize,en,Schieber Prize,Webseite,Schieber-Preis,ORAP,International Organization for Crystal Growth,wissenschaftlicher Sektor,JP,https://www.iocg.org/schieber-prize,Forschung,Wissenschaftlicher Preis,Ja,Keine Angabe,Keine Angabe,Keine Einschränkung,Keine Einschränkung,Nominierung offen,2004,
O004321,,J.B. Donne Essay Prize on the Anthropology of Art,en,J.B. Donne Essay Prize on the Anthropology of Art,Webseite,J.B. Donne Essay-Preis für Anthropologie der Kunst,ORAP,Royal Anthropological Institute,wissenschaftlicher Sektor,GB,https://www.therai.org.uk/awards/prizes/jb-donne-essay-prize-on-the-anthropology-of-art,Forschung,Wissenschaftlicher Preis,Nein,700,GBP,Keine Einschränkung,Keine Einschränkung,Eigenbewerbung,1987,
O004323,,Janett Rosenberg Trubatch Career Development Award,en,Janett Rosenberg Trubatch Career Development Award,Webseite,Janett Rosenberg Trubatch Karriereförderungspreis,ORAP,Society for Neuroscience,wissenschaftlicher Sektor,US,https://www.sfn.org/careers/awards/early-career/janett-rosenberg-trubatch-career-development-award,Forschung,Wissenschaftlicher Preis,Ja,2000,USD,Keine Einschränkung,Keine Einschränkung,Nominierung eingeschränkt,2005,
O004325,Q908745,Japan Prize,en,Japan Prize,Webseite,Japan-Preis,ORAP,Koeki Zaidan Hojin Nihon Kokusai Shō Zaidan,Stiftungen,JP,https://www.japanprize.jp/en/,Forschung,Wissenschaftlicher Preis,Nein,50000000,JPY,Keine Einschränkung,Keine Einschränkung,Nominierung eingeschränkt,1985,
O004326,,Jean Leray Award,en,Jean Leray Award,Webseite,Jean Leray-Preis,ORAP,European Society for Biomaterials,wissenschaftlicher Sektor,IT,https://esbiomaterials.eu/cms/content/jean-leray-award,Forschung,Wissenschaftlicher Preis,Ja,Kein Preisgeld,Kein Preisgeld,Keine Einschränkung,Keine Einschränkung,Nominierung eingeschränkt,1985,
O004330,,John Goldsmith Award,en,John Goldsmith Award,Webseite,John Goldsmith-Preis,ORAP,International Society for Environmental Epidemiology,wissenschaftlicher Sektor,US,https://iseepi.org/john_goldsmith_award.php,Forschung,Wissenschaftlicher Preis,Nein,Keine Angabe,Keine Angabe,Einrichtungs- oder organisationsgebunden,International,Nominierung eingeschränkt,1999,
O004331,,John Hope Franklin Publication Prize,en,John Hope Franklin Publication Prize,Webseite,John Hope Franklin Publikationspreis,ORAP,American Studies Association,wissenschaftlicher Sektor,US,https://www.theasa.net/awards/asa-awards-prizes/john-hope-franklin-prize,Forschung,Wissenschaftlicher Preis,Nein,1000,USD,Einrichtungs- oder organisationsgebunden,International,Eigenbewerbung und Nominierung,1987,
O004333,Q106809262,Joseph H. Hazen Education Prize,en,Joseph H. Hazen Education Prize,Webseite,Joseph H. Hazen Bildungspreis,ORAP,History of Science Society,wissenschaftlicher Sektor,US,https://hssonline.org/page/hazen,Lehre,Wissenschaftlicher Preis,Nein,Keine Angabe,Keine Angabe,Keine Angabe,Keine Angabe,Nominierung offen,1998,
O004338,Q111591446,Julius Axelrod Award in Pharmacology,en,Julius Axelrod Award in Pharmacology,Webseite,Julius Axelrod-Preis für Pharmakologie,ORAP,American Society for Pharmacology and Experimental Therapeutics,wissenschaftlicher Sektor,US,https://www.aspet.org/aspet/meetings-awards/aspet-awards/aspet-scientific-achievement-awards/julius-axelrod-award-in-pharmacology,Forschung,Wissenschaftlicher Preis,Nein,5000,USD,Keine Angabe,Keine Angabe,Nominierung eingeschränkt,1991,
O004348,Q30120085,King Faisal Prize,en,King Faisal Prize,Webseite,König-Faisal-Preis,ORAP,Muʾassasat al-Malik Fayṣal al-Khayriyya,Stiftungen,SA,https://www.kff.com/king-faisal-prize/,Forschung,Wissenschaftlicher Preis,Nein,750000,SAR,Keine Einschränkung,Keine Einschränkung,Nominierung Einrichtung / Gremium,1979,
O004357,,Lagrange Prize,en,Lagrange Prize,Webseite,Lagrange-Preis,ORAP,International Council for Industrial and Applied Mathematics,wissenschaftlicher Sektor,US,https://iciam.org/iciam-prizes,Forschung,Wissenschaftlicher Preis,Nein,5000,USD,Keine Angabe,Keine Angabe,Keine Angabe,1999,
O004359,,Leroy P. Steele Prize,en,Leroy P. Steele Prize,Webseite,Leroy P. Steele-Preis,ORAP,American Mathematical Society,wissenschaftlicher Sektor,US,http://www.ams.org/profession/prizes-awards/ams-prizes/steele-prize,Forschung,Wissenschaftlicher Preis,Nein,Keine Angabe,Keine Angabe,Keine Angabe,Keine Angabe,Nominierung offen,1970,1992
O004361,,Lifetime Achievement Award,en,Lifetime Achievement Award,Webseite,Preis für das Lebenswerk,ORAP,American Educational Research Association,wissenschaftlicher Sektor,US,https://www.aera.net/Division-B/Awards#Ella%20Baker/Septima%20Clark%20Human%20Rights%20Award,Forschung,Wissenschaftlicher Preis,Nein,Keine Angabe,Keine Angabe,Keine Angabe,Keine Angabe,Nominierung eingeschränkt,,
O004362,,Lora Romero First Book Prize,en,Lora Romero First Book Prize,Webseite,Lora-Romero-Preis für das beste Erstbuch,ORAP,American Studies Association,wissenschaftlicher Sektor,US,https://www.theasa.net/awards/asa-awards-prizes/lora-romero-prize,Forschung,Wissenschaftlicher Preis,Nein,Kein Preisgeld,Kein Preisgeld,Einrichtungs- oder organisationsgebunden,International,Eigenbewerbung und Nominierung,2002,
O004365,Q10576984,Marcus Wallenberg Prize,en,Marcus Wallenberg Prize,Webseite,Marcus Wallenberg-Preis,ORAP,Marcus Wallenberg Foundation for Promoting Scientific Research in the Forest Industry,Stiftungen,SE,https://www.mwp.org/nomination/,Forschung,Wissenschaftlicher Preis,Nein,2500000,SKR,Keine Einschränkung,Keine Einschränkung,Eigenbewerbung und Nominierung,1981,
O004366,Q14898061,SfAA/AAA Margaret Mead Award,en,SfAA/AAA Margaret Mead Award,Webseite,SfAA/AAA Margaret Mead-Preis,ORAP,American Anthropological Association; Society for Applied Anthropology,wissenschaftlicher Sektor; wissenschaftlicher Sektor,US; US,https://americananthro.org/prizes-and-awards/margaret-mead-award/,Transfer,Wissenschaftlicher Preis,Ja,Keine Angabe,Keine Angabe,Keine Angabe,Keine Angabe,Nominierung offen,1979,
O004371,,Mary C. Turpie Prize,en,Mary C. Turpie Prize,Webseite,Mary C. Turpie-Preis,ORAP,American Studies Association,wissenschaftlicher Sektor,US,https://www.theasa.net/awards/asa-awards-prizes/mary-c-turpie-prize,Lehre,Wissenschaftliche Auszeichnung,Nein,Kein Preisgeld,Kein Preisgeld,Einrichtungs- oder organisationsgebunden,International,Eigenbewerbung und Nominierung,1994,
O004378,,Maxwell Prize,en,Maxwell Prize,Webseite,Maxwell-Preis,ORAP,International Council for Industrial and Applied Mathematics,wissenschaftlicher Sektor,US,https://iciam.org/iciam-prizes,Forschung,Wissenschaftlicher Preis,Nein,5000,USD,Keine Einschränkung,Keine Einschränkung,Nominierung offen,1999,
O004379,,Morgan Stanley – American Finance Association Award for Excellence in Finance,en,Morgan Stanley – American Finance Association Award for Excellence in Finance,Webseite,Morgan Stanley – American Finance Association-Preis für Exzellenz in der Finanzökonomie,ORAP,American Finance Association,wissenschaftlicher Sektor,US,https://afajof.org/morgan-stanley-american-finance-association-award-for-excellence-in-finance/,Forschung,Wissenschaftlicher Preis,Nein,200000,USD,Keine Angabe,Keine Angabe,Nominierung eingeschränkt,2008,
O004394,,Nemko Prize in Cellular or Molecular Neuroscience,en,Nemko Prize in Cellular or Molecular Neuroscience,Webseite,Nemko-Preis für zelluläre oder molekulare Neurowissenschaften,ORAP,Society for Neuroscience,wissenschaftlicher Sektor,US,https://www.sfn.org/careers/awards/early-career/nemko-prize-in-cellular-or-molecular-neuroscience,Forschung,Wissenschaftlicher Preis,Ja,2500,USD,Keine Einschränkung,Keine Einschränkung,Nominierung eingeschränkt,2013,
O004396,,Next Generation Award,en,Next Generation Award,Webseite,Next Generation-Preis,ORAP,Society for Neuroscience,wissenschaftlicher Sektor,US,https://www.sfn.org/outreach/awards/next-generation-award,Transfer,Wissenschaftlicher Preis,Ja,1050,USD,Einrichtungs- oder organisationsgebunden,International,Nominierung eingeschränkt,2007,
O004407,,Outstanding Book Award,en,Outstanding Book Award,Webseite,Preis für herausragendes Buch,ORAP,American Educational Research Association,wissenschaftlicher Sektor,US,https://www.aera.net/Division-B/Awards#Ella%20Baker/Septima%20Clark%20Human%20Rights%20Award,Forschung,Wissenschaftlicher Preis,Nein,Keine Angabe,Keine Angabe,Keine Angabe,Keine Angabe,Eigenbewerbung und Nominierung,,
O004408,,Outstanding Contributions to Epidemiology Award,en,Outstanding Contributions to Epidemiology Award,Webseite,Preis für herausragende Beiträge zur Epidemiologie,ORAP,American College of Epidemiology,wissenschaftlicher Sektor,US,https://acoe.memberclicks.net/annual-outstanding-contributions-to-epidemiology-award,Forschung,Wissenschaftlicher Preis,Nein,Keine Angabe,Keine Angabe,Keine Einschränkung,Keine Einschränkung,Nominierung eingeschränkt,,
O004409,,Outstanding Dissertation Award,en,Outstanding Dissertation Award,Webseite,Preis für eine herausragende Dissertation,ORAP,American Educational Research Association,wissenschaftlicher Sektor,US,https://www.aera.net/Division-B/Awards#Ella%20Baker/Septima%20Clark%20Human%20Rights%20Award,Forschung,Wissenschaftlicher Preis,Ja,Keine Angabe,Keine Angabe,Keine Angabe,Keine Angabe,Eigenbewerbung und Nominierung,,
O004410,,Outstanding Doctoral Research Award,en,Outstanding Doctoral Research Award,Webseite,Preis für eine herausragende Dissertation,ORAP,National Association for Research in Science Teaching,wissenschaftlicher Sektor,US,https://narst.org/awards/outstanding-doctoral-research-award,Forschung,Wissenschaftlicher Preis,Ja,Keine Angabe,Keine Angabe,Keine Angabe,Keine Angabe,Keine Angabe,1992,
O004412,,Outstanding Service Award,en,Outstanding Service Award,Webseite,Preis für herausragende Verdienste,ORAP,History of Science Society,wissenschaftlicher Sektor,US,https://hssonline.org/page/outstandingservice,Sonstiges,Wissenschaftliche Auszeichnung,Nein,Keine Angabe,Keine Angabe,Einrichtungs- oder organisationsgebunden,International,Nominierung eingeschränkt,1994,
O004419,Q1673732,Pfizer Award,en,Pfizer Award,Webseite,Pfizer-Preis,ORAP,History of Science Society,wissenschaftlicher Sektor,US,https://hssonline.org/page/pfizeraward,Forschung,Wissenschaftlicher Preis,Nein,2500,USD,Keine Einschränkung,Keine Einschränkung,Nominierung offen,1959,
O004450,Q826100,Priestley Medal,en,Priestley Medal,Webseite,Priestley-Medaille,ORAP,American Chemical Society,wissenschaftlicher Sektor,US,https://www.acs.org/funding/awards/priestley-medal.html,Forschung,Wissenschaftlicher Preis,Nein,20000,USD,Keine Einschränkung,Keine Einschränkung,Nominierung offen,1923,
O004451,,Princess of Asturias Award for Technical and Scientific Research,en,Princess of Asturias Award for Technical and Scientific Research,Webseite,Prinzessin-von-Asturien-Preis für technische und wissenschaftliche Forschung,ORAP,Fundación Princesa de Asturias,Stiftungen,ES,https://www.fpa.es/en/princess-of-asturias-awards/,Forschung,Wissenschaftlicher Preis,Nein,50000,EUR,Keine Einschränkung,Keine Einschränkung,Nominierung eingeschränkt,1981,
O004457,,Ralph Henry Gabriel Prize,en,Ralph Henry Gabriel Prize,Webseite,Ralph Henry Gabriel-Preis,ORAP,American Studies Association,wissenschaftlicher Sektor,US,https://www.theasa.net/awards/asa-awards-prizes/ralph-henry-gabriel-prize,Forschung,Wissenschaftlicher Preis,Ja,500,USD,Einrichtungs- oder organisationsgebunden,International,Nominierung eingeschränkt,1987,
O004458,Q1646443,Ralph W. Gerard Prize in Neuroscience,en,Ralph W. Gerard Prize in Neuroscience,Webseite,Ralph W. Gerard-Preis in den Neurowissenschaften,ORAP,Society for Neuroscience,wissenschaftlicher Sektor,US,https://www.sfn.org/publications/latest-news/2023/10/27/society-for-neuroscience-2023-outstanding-career-and-research-achievements,Forschung,Wissenschaftlicher Preis,Nein,30000,USD,Keine Einschränkung,Keine Einschränkung,Keine Angabe,1978,
O004459,,Rebecca James Baker Award,en,Rebecca James Baker Award,Webseite,Rebecca James Baker-Preis,ORAP,International Society for Environmental Epidemiology,wissenschaftlicher Sektor,US,https://iseepi.org/rebecca_james_baker_award.php,Forschung,Wissenschaftlicher Preis,Ja,Kein Preisgeld,Kein Preisgeld,Einrichtungs- oder organisationsgebunden,International,Eigenbewerbung,2005,
O004464,,Research Integrity Award,en,Research Integrity Award,Webseite,Preis für wissenschaftliche Integrität,ORAP,International Society for Environmental Epidemiology,wissenschaftlicher Sektor,US,https://iseepi.org/research_integrity_award.php,Sonstiges,Wissenschaftlicher Preis,Nein,Keine Angabe,Keine Angabe,Einrichtungs- oder organisationsgebunden,International,Nominierung eingeschränkt,2003,
O004476,Q108530492,Ross G. Harrison Award,en,Ross G. Harrison Award,Webseite,Ross G. Harrison-Preis,ORAP,International Society of Developmental Biology,wissenschaftlicher Sektor,GB,https://www.developmental-biology.org/ross-g-harrison-award,Forschung,Wissenschaftlicher Preis,Nein,Keine Angabe,Keine Angabe,Keine Angabe,Keine Angabe,Keine Angabe,1981,
O004483,,Ryoji Noyori Prize,en,Ryoji Noyori Prize,Webseite,Ryoji Noyori-Preis,ORAP,Koeki Shadan Hojin Yūki Gōsei Kagaku Kyōkai,wissenschaftlicher Sektor,JP,https://www.ssocj.jp/en/award/ryoji-noyori-prize/,Forschung,Wissenschaftlicher Preis,Nein,10000,USD,Keine Einschränkung,Keine Einschränkung,Nominierung offen,2002,
O004487,Q1506778,Sarton Medal,en,Sarton Medal,Webseite,Sarton-Medaille,ORAP,History of Science Society,wissenschaftlicher Sektor,US,https://hssonline.org/page/sartonmedal,Forschung,Wissenschaftlicher Preis,Nein,Keine Angabe,Keine Angabe,Keine Einschränkung,Keine Einschränkung,Nominierung offen,1955,
O004492,,Science Educator Award,en,Science Educator Award,Webseite,Preis für Wissenschaftspädagogik,ORAP,Society for Neuroscience,wissenschaftlicher Sektor,US,https://www.sfn.org/outreach/awards/science-educator-award,Transfer,Wissenschaftlicher Preis,Nein,5000,USD,Keine Einschränkung,Keine Einschränkung,Nominierung eingeschränkt,2003,
O004495,,Setha M. Low Engaged Anthropology Award,en,Setha M. Low Engaged Anthropology Award,Webseite,Setha M. Low-Preis für gesellschaftsbezogene Anthropologie,ORAP,American Anthropological Association,wissenschaftlicher Sektor,US,https://americananthro.org/prizes-and-awards/setha-low-engaged-anthropology-award/,Forschung,Wissenschaftlicher Preis,Nein,Kein Preisgeld,Kein Preisgeld,Einrichtungs- oder organisationsgebunden,International,Eigenbewerbung und Nominierung,2021,
O004497,,Solon T. Kimball Award for Public and Applied Anthropology,en,Solon T. Kimball Award for Public and Applied Anthropology,Webseite,Solon T. Kimball-Preis für öffentliche und angewandte Anthropologie,ORAP,American Anthropological Association,wissenschaftlicher Sektor,US,https://americananthro.org/prizes-and-awards/solon-kimball-award/,Transfer,Wissenschaftlicher Preis,Nein,1000,USD,Keine Einschränkung,Keine Einschränkung,Keine Angabe,1984,
O004507,,The Amaury Talbot Prize for African Anthropology,en,The Amaury Talbot Prize for African Anthropology,Webseite,Amaury Talbot-Preis für Afrikanische Anthropologie,ORAP,Royal Anthropological Institute,wissenschaftlicher Sektor,GB,https://www.therai.org.uk/awards/prizes/the-amaury-talbot-prize-for-african-anthropology,Forschung,Wissenschaftlicher Preis,Nein,750,GBP,Keine Angabe,Keine Angabe,Eigenbewerbung und Nominierung,1959,
O004508,Q18357422,The Brain Prize,en,The Brain Prize,Webseite,Preis für Hirnforschung,ORAP,Lundbeck Foundation,Stiftungen,DK,https://www.lundbeckfonden.com/en/thebrainprize/prize/,Forschung,Wissenschaftlicher Preis,Nein,1000000,DKK,Keine Einschränkung,Keine Einschränkung,Nominierung offen,2011,
O004512,Q93473574,Jacob P. Waletzky Award,en,Jacob P. Waletzky Award,Webseite,Jacob P. Waletzky-Preis,ORAP,Society for Neuroscience,wissenschaftlicher Sektor,US,https://www.sfn.org/publications/latest-news/2023/10/27/society-for-neuroscience-2023-outstanding-career-and-research-achievements,Forschung,Wissenschaftlicher Preis,Ja,30000,USD,Keine Einschränkung,Keine Einschränkung,Nominierung eingeschränkt,2003,
O004513,Q18889781,Kavli Prize in Neuroscience,en,Kavli Prize in Neuroscience,Webseite,Kavli-Preis für Neurowissenschaften,ORAP,Det Norske Videnskaps-Akademi,wissenschaftlicher Sektor,NO,https://www.kavliprize.org/about,Forschung,Wissenschaftlicher Preis,Nein,1000000,USD,Keine Einschränkung,Keine Einschränkung,Nominierung offen,2008,
O004515,Q30451253,Mika Salpeter Lifetime Achievement Award,en,Mika Salpeter Lifetime Achievement Award,Webseite,Mika Salpeter-Preis für das Lebenswerk,ORAP,Society for Neuroscience,wissenschaftlicher Sektor,US,https://www.sfn.org/publications/latest-news/2023/10/27/society-for-neuroscience-2023-promotion-of-women-in-neuroscience-awards,Forschung,Wissenschaftlicher Preis,Nein,5000,USD,Keine Einschränkung,Keine Einschränkung,Nominierung eingeschränkt,,
O004517,,Swartz Prize for Theoretical and Computational Neuroscience,en,Swartz Prize for Theoretical and Computational Neuroscience,Webseite,Swartz-Preis für theoretische und computergestützte Neurowissenschaften,ORAP,Society for Neuroscience,wissenschaftlicher Sektor,US,https://www.sfn.org/careers/awards/outstanding-career-and-research-achievements-awards/swartz-prize-for-theoretical-and-computational-neuroscience,Forschung,Wissenschaftlicher Preis,Nein,30000,USD,Keine Einschränkung,Keine Einschränkung,Nominierung eingeschränkt,2008,
O004526,,TIAFT Achievement Award,en,TIAFT Achievement Award,Webseite,Leistungspreis der TIAFT,ORAP,International Association of Forensic Toxicologists,wissenschaftlicher Sektor,US,https://tiaft.org/awards/tiaft-achievement-award/,Forschung,Wissenschaftlicher Preis,Ja,Kein Preisgeld,Kein Preisgeld,Einrichtungs- oder organisationsgebunden,International,Nominierung eingeschränkt,2001,
O004529,Q1326291,Timoschenko Medal,en,Timoschenko Medal,Webseite,Timoschenko-Medaille,ORAP,American Society of Mechanical Engineers,Sonstige,US,https://www.asme.org/about-asme/honors-awards/achievement-awards/timoshenko-medal,Forschung,Wissenschaftlicher Preis,Nein,2500,USD,Keine Angabe,Keine Angabe,Nominierung eingeschränkt,1957,
O004534,,Appleton Prize,en,Appleton Prize,Webseite,Appleton-Preis,ORAP,Union Radio-Scientifique Internationale,wissenschaftlicher Sektor,BE,https://www.ursi.org/awards.php,Forschung,Wissenschaftlicher Preis,Nein,Kein Preisgeld,Kein Preisgeld,Keine Einschränkung,Keine Einschränkung,Nominierung eingeschränkt,1969,
O004535,,Balthasar van der Pol Gold Medal,en,Balthasar van der Pol Gold Medal,Webseite,Balthasar-van-der-Pol-Goldmedaille,ORAP,Union Radio-Scientifique Internationale,wissenschaftlicher Sektor,BE,https://www.ursi.org/awards.php,Forschung,Wissenschaftlicher Preis,Nein,Kein Preisgeld,Kein Preisgeld,Keine Einschränkung,Keine Einschränkung,Nominierung eingeschränkt,1963,
O004536,,Booker Gold Medal,en,Booker Gold Medal,Webseite,Booker-Goldmedaille,ORAP,Union Radio-Scientifique Internationale,wissenschaftlicher Sektor,BE,https://www.ursi.org/awards.php,Forschung,Wissenschaftlicher Preis,Nein,Kein Preisgeld,Kein Preisgeld,Keine Einschränkung,Keine Einschränkung,Nominierung eingeschränkt,2002,
O004537,,Issac Koga Gold Medal,en,Issac Koga Gold Medal,Webseite,Isaac Koga Goldmedaille,ORAP,Union Radio-Scientifique Internationale,wissenschaftlicher Sektor,BE,https://www.ursi.org/awards.php,Forschung,Wissenschaftlicher Preis,Ja,1000,USD,Keine Einschränkung,Keine Einschränkung,Nominierung eingeschränkt,1984,
O004538,Q30160535,John Howard Dellinger Medal,en,John Howard Dellinger Medal,Webseite,John Howard Dellinger Medaille,ORAP,Union Radio-Scientifique Internationale,wissenschaftlicher Sektor,BE,https://www.ursi.org/awards.php,Forschung,Wissenschaftlicher Preis,Nein,Kein Preisgeld,Kein Preisgeld,Keine Einschränkung,Keine Einschränkung,Nominierung eingeschränkt,1966,
O004539,,Santimay Basu Prize,en,Santimay Basu Prize,Webseite,Santimay Basu-Preis,ORAP,Union Radio-Scientifique Internationale,wissenschaftlicher Sektor,BE,https://www.ursi.org/awards.php,Forschung,Wissenschaftlicher Preis,Ja,2000,USD,Keine Einschränkung,Keine Einschränkung,Nominierung eingeschränkt,2014,
O004563,Q1632244,Welch Award in Chemistry,en,Welch Award in Chemistry,Webseite,Welch-Preis für Chemie,ORAP,Welch Foundation,wissenschaftlicher Sektor,US,https://welch1.org/awards/welch-award-in-chemistry,Forschung,Wissenschaftlicher Preis,Nein,500000,USD,Keine Einschränkung,Keine Einschränkung,Nominierung offen,1972,
O004564,,Wellcome Medal for Anthropology as Applied to Medical Problems,en,Wellcome Medal for Anthropology as Applied to Medical Problems,Webseite,Wellcome-Medaille für angewandte medizinische Anthropologie,ORAP,Royal Anthropological Institute,wissenschaftlicher Sektor,GB,https://www.therai.org.uk/awards/prizes/wellcome-medal-for-anthropology-as-applied-to-medical-problems,Forschung,Wissenschaftlicher Preis,Nein,Kein Preisgeld,Kein Preisgeld,Keine Einschränkung,Keine Einschränkung,Eigenbewerbung und Nominierung,1931,
O010025,Q1164475,Dannie Heineman Prize for Mathematical Physics,en,Dannie Heineman Prize for Mathematical Physics,Webseite,Dannie-Heineman-Preis für Mathematische Physik,ORAP,American Institute of Physics,wissenschaftlicher Sektor,US,https://www.aps.org/funding-recognition/prize/dannie-heineman,Forschung,Wissenschaftlicher Preis,Nein,10000,USD,Keine Einschränkung,Keine Einschränkung,Nominierung offen,1959,
O010028,Q278236,Dr A.H. Heineken Prize for History,en,Dr A.H. Heineken Prize for History,Webseite,Dr.-A.H.-Heineken-Preis für Geschichte,ORAP,Stichting Alfred Heineken Fondsen,Stiftungen,NL,https://www.heinekenprizes.org/heineken-prizes/dr-a-h-heineken-prize-for-history/,Forschung,Wissenschaftlicher Preis,Nein,250000,USD,Keine Einschränkung,Keine Einschränkung,Nominierung eingeschränkt,1990,
O010029,Q278248,Dr A.H. Heineken Prize for Medicine,en,Dr A.H. Heineken Prize for Medicine,Webseite,Dr.-A.H.-Heineken-Preis für Medizin,ORAP,Stichting Alfred Heineken Fondsen,Stiftungen,NL,https://www.heinekenprizes.org/heineken-prizes/dr-a-h-heineken-prize-for-medicine/,Forschung,Wissenschaftlicher Preis,Nein,250000,USD,Keine Einschränkung,Keine Einschränkung,Nominierung eingeschränkt,1989,
O010030,Q278251,Dr A.H. Heineken Prize for Environmental Sciences,en,Dr A.H. Heineken Prize for Environmental Sciences,Webseite,Dr.-A.H.-Heineken-Preis für Umweltwissenschaften,ORAP,Stichting Alfred Heineken Fondsen,Stiftungen,NL,https://www.heinekenprizes.org/heineken-prizes/dr-a-h-heineken-prize-for-environmental-sciences/,Forschung,Wissenschaftlicher Preis,Nein,250000,USD,Keine Einschränkung,Keine Einschränkung,Nominierung eingeschränkt,1990,
O010031,Q19877229,AAAS Philip Hauge Abelson Prize,en,AAAS Philip Hauge Abelson Prize,Webseite,AAAS Philip Hauge Abelson-Preis,ORAP,American Association for the Advancement of Science,wissenschaftlicher Sektor,US,https://www.aaas.org/awards/philip-hauge-abelson/about,Transfer,Wissenschaftlicher Preis,Nein,5000,USD,Keine Angabe,Keine Angabe,Eigenbewerbung und Nominierung,1985,
O010036,Q323373,Abraham Pais Prize for History of Physics,en,Abraham Pais Prize for History of Physics,Webseite,Abraham Pais-Preis für Geschichte der Physik,ORAP,American Physical Society,wissenschaftlicher Sektor,US,https://www.aps.org/funding-recognition/prize/abraham-pais,Forschung,Wissenschaftlicher Preis,Nein,10000,USD,Keine Einschränkung,Keine Einschränkung,Nominierung offen,2005,
O010047,Q351723,Adams Prize,en,Adams Prize,Webseite,Adams-Preis,ORAP,University of Cambridge,wissenschaftlicher Sektor,GB,https://www.maths.cam.ac.uk/adams-prize,Forschung,Wissenschaftliche Auszeichnung,Ja,30000,GBP,International,Großbritannien und Nordirland,Eigenbewerbung und Nominierung,1850,
O010053,Q365446,Adolph Lomb Medal,en,Adolph Lomb Medal,Webseite,Adolph-Lomb-Medaille,ORAP,Optica,wissenschaftlicher Sektor,US,https://www.osa.org/en-us/awards_and_grants/awards/award_description/adolphlomb/,Forschung,Wissenschaftlicher Preis,Ja,Kein Preisgeld,Kein Preisgeld,Keine Einschränkung,Keine Einschränkung,Nominierung eingeschränkt,1940,
O010059,Q3607779,Alan T. Waterman Award,en,Alan T. Waterman Award,Webseite,Alan T. Waterman-Preis,ORAP,National Science Foundation,wissenschaftlicher Sektor,US,https://new.nsf.gov/od/honorary-awards/waterman,Forschung,Wissenschaftlicher Preis,Ja,1000000,USD,Keine Einschränkung,Keine Einschränkung,Nominierung offen,1976,
O010060,Q2637278,The Albany Prize,en,The Albany Prize,Webseite,Albany-Preis,ORAP,Albany Medical Center,wissenschaftlicher Sektor,US,https://www.albanymed.org/albany/albany-prize/,Forschung,Wissenschaftlicher Preis,Nein,500000,USD,Keine Angabe,Keine Angabe,Nominierung offen,2001,
O010062,Q2638220,Beveridge Family Prize in American History,en,Beveridge Family Prize in American History,Webseite,Familie Beveridge-Preis für amerikanische Geschichte,ORAP,American Historical Association,wissenschaftlicher Sektor,US,https://www.historians.org/award-grant/beveridge-family-prize-in-american-history/,Forschung,Wissenschaftlicher Preis,Nein,1000,USD,Keine Angabe,Keine Angabe,Eigenbewerbung und Nominierung,1939,
O010063,Q999734,Albert Lasker Award for Basic Medical Research,en,Albert Lasker Award for Basic Medical Research,Webseite,Albert Lasker-Preis für Grundlagenmedizinische Forschung,ORAP,Lasker Foundation,Stiftungen,US,https://laskerfoundation.org/awards/about-the-awards/,Forschung,Wissenschaftlicher Preis,Nein,Keine Angabe,Keine Angabe,Keine Einschränkung,Keine Einschränkung,Nominierung offen,1946,
O010064,Q4710718,Albert Leon Whiteman Memorial Prize,en,Albert Leon Whiteman Memorial Prize,Webseite,Albert-Leon-Whiteman-Gedenkpreis,ORAP,American Mathematical Society,wissenschaftlicher Sektor,US,http://www.ams.org/prizes-awards/paview.cgi?parent_id=4,Forschung,Wissenschaftlicher Preis,Nein,5000,USD,Keine Einschränkung,Keine Einschränkung,Nominierung offen,2001,
O010072,Q1411550,Alexander Agassiz Medal,en,Alexander Agassiz Medal,Webseite,Alexander Agassiz Medaille,ORAP,National Academy of Sciences,wissenschaftlicher Sektor,US,https://www.nasonline.org/award/alexander-agassiz-medal/,Forschung,Wissenschaftlicher Preis,Nein,20000,USD,Keine Einschränkung,Keine Einschränkung,Nominierung offen,1913,
O010074,Q4360984,Alexander Hollaender Award in Biophysics,en,Alexander Hollaender Award in Biophysics,Webseite,Alexander Hollaender-Preis für Biophysik,ORAP,National Academy of Sciences,wissenschaftlicher Sektor,US,https://www.nasonline.org/award/alexander-hollaender-award-in-biophysics/,Forschung,Wissenschaftlicher Preis,Nein,20000,USD,Keine Einschränkung,Keine Einschränkung,Nominierung offen,1998,
O010079,Q48893537,Alfred Burger Award in Medicinal Chemistry,en,Alfred Burger Award in Medicinal Chemistry,Webseite,Alfred Burger-Preis für medizinische Chemie,ORAP,American Chemical Society,wissenschaftlicher Sektor,US,https://www.acs.org/funding/awards/alfred-burger-award-in-medicinal-chemistry.html,Forschung,Wissenschaftlicher Preis,Nein,5000,USD,Keine Einschränkung,Keine Einschränkung,Nominierung offen,1980,
O010090,Q16852192,Carl B. Allendoerfer Award,en,Carl B. Allendoerfer Award,Webseite,Carl-B.-Allendoerfer-Preis,ORAP,Mathematical Association of America,wissenschaftlicher Sektor,US,https://maa.org/carl-b-allendoerfer-awards/,Lehre,Wissenschaftlicher Preis,Nein,1000,USD,Keine Angabe,Keine Angabe,Keine Angabe,1976,
O010094,Q13539632,Amaldi Medal,en,Amaldi Medal,Webseite,Amaldi Medaille,ORAP,Società Italiana di Relatività Generale e Fisica della Gravitazione,wissenschaftlicher Sektor,IT,https://www.sigrav.org/en/awards/amaldi_medal/,Forschung,Wissenschaftlicher Preis,Nein,Keine Angabe,Keine Angabe,International,Europa,Keine Angabe,2004,
O010095,Q15782922,ACS Award in Inorganic Chemistry,en,ACS Award in Inorganic Chemistry,Webseite,ACS-Preis für Anorganische Chemie,ORAP,American Chemical Society,wissenschaftlicher Sektor,US,https://www.acs.org/funding/awards/acs-award-in-inorganic-chemistry.html,Forschung,Wissenschaftlicher Preis,Nein,5000,USD,Keine Angabe,Keine Angabe,Nominierung offen,1962,
O010096,Q15782923,ACS Award in Organometallic Chemistry,en,ACS Award in Organometallic Chemistry,Webseite,ACS-Preis für Organometallchemie,ORAP,American Chemical Society,wissenschaftlicher Sektor,US,https://www.acs.org/funding/awards/acs-award-in-organometallic-chemistry.html,Forschung,Wissenschaftlicher Preis,Nein,5000,USD,Keine Angabe,Keine Angabe,Nominierung offen,1983,
O010097,Q1777741,ACS Award in Pure Chemistry,en,ACS Award in Pure Chemistry,Webseite,ACS-Preis für Reine Chemie,ORAP,American Chemical Society,wissenschaftlicher Sektor,US,https://www.acs.org/funding/awards/acs-award-in-pure-chemistry.html,Forschung,Wissenschaftlicher Preis,Ja,5000,USD,Keine Angabe,Keine Angabe,Nominierung offen,1931,
O010098,Q3853553,Gold Medal Award,en,Gold Medal Award,Webseite,Goldmedaille,ORAP,American Institute of Chemists,wissenschaftlicher Sektor,US,https://www.theaic.org/awards_goldmedal.html,Forschung,Wissenschaftlicher Preis,Nein,Keine Angabe,Keine Angabe,Keine Einschränkung,Keine Einschränkung,Keine Angabe,1926,
O010099,Q17521255,Anders Retzius’ Medal,en,Anders Retzius’ Medal,Webseite,Anders-Retzius-Medaille,ORAP,The Swedish Society for Anthropology and Geography,wissenschaftlicher Sektor,SE,https://ssag.se/english/medals/,Forschung,Wissenschaftlicher Preis,Nein,Kein Preisgeld,Kein Preisgeld,Keine Angabe,Keine Angabe,Keine Angabe,1913,2013
O010100,Q3404343,André Aisenstadt Prize,en,André Aisenstadt Prize,Webseite,André-Aisenstadt-Preis,ORAP,Centre de Recherches Mathématiques,wissenschaftlicher Sektor,CA,https://www.crmath.ca/en/prizes-and-honours/andre-aisenstadt-prize/,Forschung,Wissenschaftlicher Preis,Ja,3000,CAD,International,Kanada,Nominierung offen,1992,
O010101,Q4761592,Aneesur Rahman Prize for Computational Physics,en,Aneesur Rahman Prize for Computational Physics,Webseite,Aneesur-Rahman-Preis für Computerphysik,ORAP,American Physical Society,wissenschaftlicher Sektor,US,https://www.aps.org/funding-recognition/prize/aneesur-rahman,Forschung,Wissenschaftlicher Preis,Nein,10000,USD,Keine Einschränkung,Keine Einschränkung,Nominierung offen,1992,
O010105,Q566886,Annie Jump Cannon Award in Astronomy,en,Annie Jump Cannon Award in Astronomy,Webseite,Annie-Jump-Cannon-Preis für Astronomie,ORAP,American Astronomical Society,wissenschaftlicher Sektor,US,https://aas.org/grants-and-prizes/annie-jump-cannon-award-astronomy,Forschung,Wissenschaftlicher Preis,Ja,1500,USD,International,Nordamerika,Eigenbewerbung und Nominierung,1934,
O010115,Q2475932,Arthur C. Cope Award,en,Arthur C. Cope Award,Webseite,Arthur-C.-Cope-Preis,ORAP,American Chemical Society,wissenschaftlicher Sektor,US,https://www.acs.org/funding/awards/arthur-cope-award.html,Forschung,Wissenschaftlicher Preis,Nein,250000,USD,Keine Einschränkung,Keine Einschränkung,Nominierung offen,1973,
O010117,Q2582970,Arthur L. Day Medal,en,Arthur L. Day Medal,Webseite,Arthur-L.-Day-Medaille,ORAP,Geological Society of America Foundation,wissenschaftlicher Sektor,US,https://gsa-foundation.org/fund/arthur-l-day-medal/,Forschung,Wissenschaftlicher Preis,Nein,Keine Angabe,Keine Angabe,Keine Angabe,Keine Angabe,Nominierung offen,1948,
O010119,Q708269,Arthur L. Schawlow Prize in Laser Science,en,Arthur L. Schawlow Prize in Laser Science,Webseite,Arthur-L.-Schawlow-Preis für Laserwissenschaft,ORAP,American Physical Society,wissenschaftlicher Sektor,US,https://www.aps.org/funding-recognition/prize/arthur-schawlow-prize-laser-science,Forschung,Wissenschaftlicher Preis,Nein,10000,USD,Keine Angabe,Keine Angabe,Nominierung offen,1991,
O010130,Q61297197,AWM Microsoft Research Prize in Algebra and Number Theory,en,AWM Microsoft Research Prize in Algebra and Number Theory,Webseite,AWM-Microsoft-Forschungspreis für Algebra und Zahlentheorie,ORAP,Association for Women in Mathematics,wissenschaftlicher Sektor,US,https://awm-math.org/awards/awm-microsoft-research-prize/,Forschung,Wissenschaftlicher Preis,Ja,1000,USD,International,Vereinigte Staaten,Eigenbewerbung und Nominierung,2014,
O010136,Q17521493,Banting Medal for Scientific Achievement Award,en,Banting Medal for Scientific Achievement Award,Webseite,Banting-Medaille für wissenschaftliche Leistungen,ORAP,American Diabetes Association,wissenschaftlicher Sektor,US,https://professional.diabetes.org/content-page/banting-medal-scientific-achievement-award,Forschung,Wissenschaftlicher Preis,Nein,20000,USD,Keine Einschränkung,Keine Einschränkung,Eigenbewerbung und Nominierung,1941,
O010144,Q4865981,K. Jon Barwise Prize,en,K. Jon Barwise Prize,Webseite,K. Jon Barwise-Preis,ORAP,American Philosophical Association,wissenschaftlicher Sektor,US,https://www.apaonline.org/page/barwise,Forschung,Wissenschaftlicher Preis,Nein,Keine Angabe,Keine Angabe,Keine Einschränkung,Keine Einschränkung,Nominierung eingeschränkt,2002,
O010147,Q813239,Beatrice M. Tinsley Prize,en,Beatrice M. Tinsley Prize,Webseite,Beatrice-M.-Tinsley-Preis,ORAP,American Astronomical Society,wissenschaftlicher Sektor,US,https://aas.org/grants-and-prizes/beatrice-m-tinsley-prize,Forschung,Wissenschaftlicher Preis,Nein,Keine Angabe,Keine Angabe,Keine Einschränkung,Keine Einschränkung,Eigenbewerbung und Nominierung,1986,
O010148,Q58073277,Alexandre Edmond Becquerel Prize,en,Alexandre Edmond Becquerel Prize,Webseite,Alexandre Edmond Becquerel-Preis,ORAP,European Commission,öffentlicher Sektor,BE,https://www.becquerel-prize.org/,Forschung,Wissenschaftlicher Preis,Nein,Keine Angabe,Keine Angabe,Keine Einschränkung,Keine Einschränkung,Nominierung Einrichtung / Gremium,1989,
O010151,Q4888659,Benjamin Franklin Medal,en,Benjamin Franklin Medal,Webseite,Benjamin-Franklin-Medaille,ORAP,American Philosophical Society,wissenschaftlicher Sektor,US,https://www.amphilsoc.org/prizes/benjamin-franklin-medal,Forschung,Wissenschaftlicher Preis,Nein,Keine Angabe,Keine Angabe,Keine Angabe,Keine Angabe,Keine Angabe,1906,
O010161,Q829238,Berwick Prize,en,Berwick Prize,Webseite,Berwick-Preis,ORAP,London Mathematical Society,wissenschaftlicher Sektor,GB,https://www.lms.ac.uk/prizes/lms-prize-regulations,Forschung,Wissenschaftlicher Preis,Ja,Keine Angabe,Keine Angabe,Keine Einschränkung,Keine Einschränkung,Keine Angabe,1947,
O010163,Q3332189,Bingham Medal,en,Bingham Medal,Webseite,Bingham-Medaille,ORAP,Society of Rheology,wissenschaftlicher Sektor,US,https://www.societyofrheology.org/awards/bingham-medal-lectures,Forschung,Wissenschaftlicher Preis,Nein,Kein Preisgeld,Kein Preisgeld,Keine Einschränkung,Keine Einschränkung,Nominierung eingeschränkt,1948,
O010170,Q4930739,Leonard M. and Eleanor B. Blumenthal Award for the Advancement of Research in Pure Mathematics,en,Leonard M. and Eleanor B. Blumenthal Award for the Advancement of Research in Pure Mathematics,Webseite,Leonard-M.-und-Eleanor-B.-Blumenthal-Preis für herausragende Forschung in der reinen Mathematik,ORAP,American Mathematical Society,wissenschaftlicher Sektor,US,https://community.ams.org/prizes-awards/paview.cgi?parent_id=24,Forschung,Wissenschaftlicher Preis,Ja,Keine Angabe,Keine Angabe,Keine Einschränkung,Keine Einschränkung,Keine Angabe,1993,2009
O010171,Q301837,Bôcher Memorial Prize,en,Bôcher Memorial Prize,Webseite,Bôcher-Gedenkpreis,ORAP,American Mathematical Society,wissenschaftlicher Sektor,US,https://www.ams.org/prizes-awards/paview.cgi?parent_id=10,Forschung,Wissenschaftlicher Preis,Nein,5000,USD,Keine Einschränkung,Keine Einschränkung,Nominierung offen,1923,
O010177,Q895417,Bower Award and Prize for Achievement in Science,en,Bower Award and Prize for Achievement in Science,Webseite,Bower-Preis für herausragende wissenschaftliche Leistungen,ORAP,Franklin Institute,wissenschaftlicher Sektor,US,https://www.fi.edu/en/awards/nominations/bower-award-prize-achievement-science,Forschung,Wissenschaftlicher Preis,Nein,250000,USD,Keine Einschränkung,Keine Einschränkung,Eigenbewerbung und Nominierung,1990,
O010190,Q992958,Bruno Rossi Prize,en,Bruno Rossi Prize,Webseite,Bruno-Rossi-Preis,ORAP,American Astronomical Society,wissenschaftlicher Sektor,US,https://head.aas.org/rossi/rossi.prize.html,Forschung,Wissenschaftlicher Preis,Nein,1500,USD,Keine Einschränkung,Keine Einschränkung,Nominierung eingeschränkt,1985,
O010191,Q850614,Buchanan Medal,en,Buchanan Medal,Webseite,Buchanan-Medaille,ORAP,Royal Society,wissenschaftlicher Sektor,GB,https://royalsociety.org/grants-schemes-awards/awards/buchanan-medal/,Forschung,Wissenschaftlicher Preis,Nein,2000,GBP,International,Großbritannien und Nordirland; Irland; Commonwealth,Nominierung offen,1897,
O010194,Q1018319,Buys Ballot Medal,en,Buys Ballot Medal,Webseite,Buys-Ballot-Medaille,ORAP,Koninklijke Nederlandse Akademie van Wetenschappen,wissenschaftlicher Sektor,NL,https://www.knaw.nl/en/funds-and-prizes/buys-ballot-medal,Forschung,Wissenschaftlicher Preis,Nein,Kein Preisgeld,Kein Preisgeld,Keine Einschränkung,Keine Einschränkung,Nominierung eingeschränkt,1893,
O010195,Q278240,C.L. de Carvalho-Heineken Prize for Cognitive Science,en,C.L. de Carvalho-Heineken Prize for Cognitive Science,Webseite,C.L.-de-Carvalho-Heineken-Preis für Kognitionswissenschaft,ORAP,Koninklijke Nederlandse Akademie van Wetenschappen,wissenschaftlicher Sektor,NL,https://www.heinekenprizes.org/heineken-prizes/c-l-de-carvalho-heineken-prize-for-cognitive-science/,Forschung,Wissenschaftlicher Preis,Nein,250000,USD,Keine Einschränkung,Keine Einschränkung,Nominierung offen,2006,
O010197,Q1031969,John Dirks Canada Gairdner Global Health Award,en,John Dirks Canada Gairdner Global Health Award,Webseite,John Dirks Canada Gairdner-Preis für Globale Gesundheit,ORAP,Gairdner Foundation,Stiftungen,CA,https://www.gairdner.org/award/john-dirks-canada-gairdner-global-health-award,Forschung,Wissenschaftlicher Preis,Nein,100000,CAD,Keine Einschränkung,Keine Einschränkung,Nominierung offen,2009,
O010199,Q3404285,CAP-CRM Prize,en,CAP-CRM Prize,Webseite,CAP-CRM-Preis,ORAP,Centre de Recherches Mathématiques; Canadian Association of Physicists,wissenschaftlicher Sektor; wissenschaftlicher Sektor,CA; CA,https://www.crmath.ca/en/prizes-and-honours/cap-crm-prize/,Forschung,Wissenschaftlicher Preis,Nein,3000,CAD,International,Kanada,Nominierung offen,1995,
O010201,Q302800,Carl Sagan Memorial Award,en,Carl Sagan Memorial Award,Webseite,Carl-Sagan-Gedenkpreis,ORAP,American Astronautical Society,wissenschaftlicher Sektor,US,http://astronautical.org/awards/sagan/,Forschung,Wissenschaftlicher Preis,Nein,Keine Angabe,Keine Angabe,Keine Einschränkung,Keine Einschränkung,Nominierung offen,1997,
O010206,Q60548,Carl-Gustaf Rossby Research Medal,en,Carl-Gustaf Rossby Research Medal,Webseite,Carl-Gustaf-Rossby-Forschungsmedaille,ORAP,American Meteorological Society,wissenschaftlicher Sektor,US,https://www.ametsoc.org/index.cfm/ams/about-ams/ams-awards-honors/awards/science-and-technology-medals/the-carl-gustaf-rossby-research-medal/,Forschung,Wissenschaftlicher Preis,Nein,Keine Angabe,Keine Angabe,Keine Einschränkung,Keine Einschränkung,Nominierung eingeschränkt,1951,
O010212,Q1287727,Carlos J. Finlay Prize,en,Carlos J. Finlay Prize,Webseite,Carlos-J.-Finlay-Preis,ORAP,UNESCO,öffentlicher Sektor,FR,https://www.unesco.org/en/prizes/carlos-j-finlay,Forschung,Wissenschaftlicher Preis,Nein,5000,USD,Keine Einschränkung,Keine Einschränkung,Nominierung eingeschränkt,1980,
O010218,Q1063503,Charles A. Whitten Medal,en,Charles A. Whitten Medal,Webseite,Charles-A.-Whitten-Medaille,ORAP,American Geophysical Union,wissenschaftlicher Sektor,US,https://www.agu.org/honors/whitten,Forschung,Wissenschaftlicher Preis,Nein,Kein Preisgeld,Kein Preisgeld,Keine Einschränkung,Keine Einschränkung,Eigenbewerbung und Nominierung,1984,
O010219,Q100890003,IEEE CS Charles Babbage Award,en,IEEE CS Charles Babbage Award,Webseite,IEEE-CS-Charles-Babbage-Preis,ORAP,Institute of Electrical and Electronics Engineers,wissenschaftlicher Sektor,US,https://www.computer.org/volunteering/awards/babbage,Forschung,Wissenschaftlicher Preis,Nein,1000,USD,Keine Einschränkung,Keine Einschränkung,Nominierung offen,1989,
O010222,Q1064731,Charles Hard Townes Medal,en,Charles Hard Townes Medal,Webseite,Charles-Hard-Townes-Medaille,ORAP,Optica,wissenschaftlicher Sektor,US,https://www.optica.org/get_involved/awards_and_honors/awards/award_descriptions/charlestownes/,Forschung,Wissenschaftlicher Preis,Nein,Kein Preisgeld,Kein Preisgeld,Keine Einschränkung,Keine Einschränkung,Nominierung eingeschränkt,1981,
O010226,Q1066022,Schuchert Award,en,Schuchert Award,Webseite,Schuchert-Preis,ORAP,Paleontological Society,wissenschaftlicher Sektor,US,https://www.paleosoc.org/schuchert-award,Forschung,Wissenschaftlicher Preis,Ja,Keine Angabe,Keine Angabe,Keine Einschränkung,Keine Einschränkung,Nominierung offen,1973,
O010227,Q1063447,Charles Stark Draper Prize,en,Charles Stark Draper Prize,Webseite,Charles-Stark-Draper-Preis,ORAP,National Academy of Engineering,wissenschaftlicher Sektor,US,https://www.nae.edu/20681/DraperPrize#tabs,Transfer,Wissenschaftlicher Preis,Nein,500000,USD,Keine Einschränkung,Keine Einschränkung,Nominierung eingeschränkt,1989,
O010228,Q19596355,Chern Prize,en,Chern Prize,Webseite,Chern-Preis,ORAP,International Congress of Chinese Mathematicians,wissenschaftlicher Sektor,US,https://iccm.tsinghua.edu.cn/iccm2022/#/awards,Forschung,Wissenschaftlicher Preis,Nein,Kein Preisgeld,Kein Preisgeld,International,China,Nominierung Einrichtung / Gremium,2001,
O010230,Q30686552,Chirality Medal,en,Chirality Medal,Webseite,Chirality-Medaille,ORAP,Società Chimica Italiana,wissenschaftlicher Sektor,IT,https://chirality2023.dcci.unipi.it/chirality-medal.html,Forschung,Wissenschaftlicher Preis,Nein,Kein Preisgeld,Kein Preisgeld,Keine Einschränkung,Keine Einschränkung,Nominierung Einrichtung / Gremium,1991,
O010237,Q267842,Clarke Medal,en,Clarke Medal,Webseite,Clarke-Medaille,ORAP,Royal Society of New South Wales,wissenschaftlicher Sektor,AU,https://www.royalsoc.org.au/clarke-medal/,Forschung,Wissenschaftlicher Preis,Nein,Kein Preisgeld,Kein Preisgeld,International,Australien | New South Wales,Keine Angabe,1878,
O010241,Q17903203,Cloëtta Prize,en,Cloëtta Prize,Webseite,Cloëtta-Preis,ORAP,Stiftung Professor Dr. Max Cloëtta,wissenschaftlicher Sektor,CH,https://cloetta-foundation.ch/cloetta-prize/,Forschung,Wissenschaftlicher Preis,Nein,50000,CHF,Keine Einschränkung,Keine Einschränkung,Keine Angabe,1974,
O010244,Q1109489,Collier Trophy,en,Collier Trophy,Webseite,Collier-Trophäe,ORAP,National Aeronautic Association,Sonstige,US,https://naa.aero/awards/awards-and-trophies/collier-trophy/,Transfer,Wissenschaftlicher Preis,Nein,Keine Angabe,Keine Angabe,International,Vereinigte Staaten,Nominierung offen,1911,
O010245,Q1122821,Comstock Prize in Physics,en,Comstock Prize in Physics,Webseite,Comstock-Preis für Physik,ORAP,National Academy of Sciences,wissenschaftlicher Sektor,US,https://www.nasonline.org/award/comstock-prize-in-physics/,Forschung,Wissenschaftlicher Preis,Nein,100000,USD,International,Kanada; Vereinigte Staaten,Nominierung offen,1913,
O010248,Q898961,Corday-Morgan Prize,en,Corday-Morgan Prize,Webseite,Corday-Morgan-Preis,ORAP,Royal Society of Chemistry,wissenschaftlicher Sektor,GB,https://www.rsc.org/prizes-funding/prizes/find-a-prize/corday-morgan-prizes/,Forschung,Wissenschaftlicher Preis,Nein,5000,GBP,International,Großbritannien und Nordirland; Irland,Nominierung eingeschränkt,1949,
O010252,Q583069,Crafoord Prize,en,Crafoord Prize,Webseite,Crafoord-Preis,ORAP,Royal Swedish Academy of Sciences; Crafoord Foundation,wissenschaftlicher Sektor; Stiftungen,SE; SE,http://www.crafoordprize.se/,Forschung,Wissenschaftlicher Preis,Nein,6000000,SEK,Keine Einschränkung,Keine Einschränkung,Nominierung offen,1982,
O010256,Q5208860,AITO Dahl-Nygaard Prize,en,AITO Dahl-Nygaard Prize,Webseite,AITO Dahl-Nygaard-Preis,ORAP,Association Internationale pour les Technologies Objets,wissenschaftlicher Sektor,DE,https://sites.google.com/aito-services.org/home/aito-dahl-nygaard,Forschung,Wissenschaftlicher Preis,Ja,2000,EUR,Keine Einschränkung,Keine Einschränkung,Nominierung offen,2005,
O010261,Q619983,Dannie Heineman Prize for Astrophysics,en,Dannie Heineman Prize for Astrophysics,Webseite,Dannie-Heineman-Preis für Astrophysik,ORAP,American Astronomical Society; American Institute of Physics,wissenschaftlicher Sektor; wissenschaftlicher Sektor,US; US,https://aas.org/grants-and-prizes/dannie-heineman-prize-astrophysics,Forschung,Wissenschaftlicher Preis,Nein,Keine Angabe,Keine Angabe,Keine Einschränkung,Keine Einschränkung,Eigenbewerbung und Nominierung,1980,
O010268,Q922078,Davisson-Germer Prize in Atomic or Surface Physics,en,Davisson-Germer Prize in Atomic or Surface Physics,Webseite,Davisson-Germer-Preis für Atom- oder Oberflächenphysik,ORAP,American Physical Society,wissenschaftlicher Sektor,US,https://www.aps.org/funding-recognition/prize/davisson-germer-prize,Forschung,Wissenschaftlicher Preis,Nein,5000,USD,Keine Einschränkung,Keine Einschränkung,Nominierung offen,1965,
O010270,Q507299,De Morgan Medal,en,De Morgan Medal,Webseite,De-Morgan-Medaille,ORAP,London Mathematical Society,wissenschaftlicher Sektor,GB,https://www.lms.ac.uk/prizes/lms-prize-regulations,Forschung,Wissenschaftlicher Preis,Nein,Keine Angabe,Keine Angabe,International,Großbritannien und Nordirland,Keine Angabe,1884,
O010280,Q3910493,Dexter Award for Outstanding Achievement in the History of Chemistry,en,Dexter Award for Outstanding Achievement in the History of Chemistry,Webseite,Dexter-Preis für herausragende Leistungen zur Geschichte der Chemie,ORAP,American Chemical Society,wissenschaftlicher Sektor,US,http://acshist.scs.illinois.edu/awards/dexter.php,Forschung,Wissenschaftlicher Preis,Nein,Keine Angabe,Keine Angabe,Keine Angabe,Keine Angabe,Keine Angabe,1956,2001
O010289,Q5304319,Dr. Paul Janssen Award for Biomedical Research,en,Dr. Paul Janssen Award for Biomedical Research,Webseite,Dr.-Paul-Janssen-Preis für Biomedizinische Forschung,ORAP,Johnson & Johnson,wirtschaftlicher Sektor,US,https://www.pauljanssenaward.com/,Forschung,Wissenschaftlicher Preis,Nein,200000,USD,Keine Einschränkung,Keine Einschränkung,Nominierung offen,2004,
O010295,Q15806980,E. V. Murphree Award in Industrial and Engineering Chemistry,en,E. V. Murphree Award in Industrial and Engineering Chemistry,Webseite,E.-V.-Murphree-Preis für industrielle und technische Chemie,ORAP,American Chemical Society,wissenschaftlicher Sektor,US,https://www.acs.org/funding/awards/murphree-award-in-industrial-and-engineering-chemistry.html,Forschung,Wissenschaftlicher Preis,Nein,5000,USD,Keine Einschränkung,Keine Einschränkung,Nominierung offen,1955,
O010296,Q5326446,Earle K. Plyler Prize for Molecular Spectroscopy & Dynamics,en,Earle K. Plyler Prize for Molecular Spectroscopy & Dynamics,Webseite,Earle K. Plyler-Preis für molekulare Spektroskopie und Dynamik,ORAP,American Physical Society,wissenschaftlicher Sektor,US,https://www.aps.org/programs/honors/prizes/plyler.cfm,Forschung,Wissenschaftlicher Preis,Nein,10000,USD,Keine Angabe,Keine Angabe,Nominierung offen,1977,
O010302,Q1293845,Edward Teller Award,en,Edward Teller Award,Webseite,Edward Teller-Preis,ORAP,American Nuclear Society,Sonstige,US,https://www.ans.org/honors/award-teller/,Forschung,Wissenschaftlicher Preis,Nein,2000,USD,Keine Einschränkung,Keine Einschränkung,Nominierung offen,1991,
O010303,Q15709269,Edwin H. Land Medal,en,Edwin H. Land Medal,Webseite,Edwin-H.-Land-Medaille,ORAP,Optica; Society for Imaging Science and Technology,wissenschaftlicher Sektor; wissenschaftlicher Sektor,US; US,https://www.osa.org/en-us/awards_and_grants/awards/award_description/edwinland/,Transfer,Wissenschaftlicher Preis,Nein,Keine Angabe,Keine Angabe,Keine Einschränkung,Keine Einschränkung,Nominierung eingeschränkt,1993,
O010601,Q337789,Einstein Prize,en,Einstein Prize,Webseite,Einstein-Preis,ORAP,American Physical Society,wissenschaftlicher Sektor,US,http://www.aps.org/programs/honors/prizes/einstein.cfm,Forschung,Wissenschaftlicher Preis,Nein,10000,USD,Keine Einschränkung,Keine Einschränkung,Nominierung offen,2003,
O010606,Q17005505,Elizabeth Blackwell Award,en,Elizabeth Blackwell Award,Webseite,Elizabeth-Blackwell-Preis,ORAP,American Medical Women's Association,wissenschaftlicher Sektor,US,https://www.amwa-doc.org/doctors/awards-for-physicians/elizabeth-blackwell-2/,Sonstiges,Wissenschaftlicher Preis,Nein,Keine Angabe,Keine Angabe,International,Vereinigte Staaten,Nominierung eingeschränkt,1949,
O010608,Q60746400,Emanuel Merck Lectureship,en,Emanuel Merck Lectureship,Webseite,Emanuel-Merck-Vorlesung,ORAP,Technische Universität Darmstadt; Merck,wissenschaftlicher Sektor; wirtschaftlicher Sektor,DE; DE,https://www.merckgroup.com/en/research/grants-and-awards/emanuel-merck-lectureship.html,Forschung,Wissenschaftlicher Preis,Nein,30000,EUR,Keine Einschränkung,Keine Einschränkung,Keine Angabe,1993,
O010616,Q16064219,Erasmus Medal,en,Erasmus Medal,Webseite,Erasmus-Medaille,ORAP,Academia Europaea,wissenschaftlicher Sektor,GB,https://www.ae-info.org/ae/Acad_Main/Activities/Awards_and_Prizes/Erasmus_Medal,Forschung,Wissenschaftlicher Preis,Nein,Keine Angabe,Keine Angabe,Keine Einschränkung,Keine Einschränkung,Nominierung eingeschränkt,,
O010631,Q43080232,Esther Hoffman Beller Medal,en,Esther Hoffman Beller Medal,Webseite,Esther-Hoffman-Beller-Medaille,ORAP,Optica,wissenschaftlicher Sektor,US,https://www.optica.org/get_involved/awards_and_honors/awards/award_descriptions/estherbeller/,Lehre,Wissenschaftlicher Preis,Nein,Keine Angabe,Keine Angabe,Keine Einschränkung,Keine Einschränkung,Nominierung eingeschränkt,1993,
O010634,Q1619252,Euler Book Prize,en,Euler Book Prize,Webseite,Euler-Buchpreis,ORAP,Mathematical Association of America,wissenschaftlicher Sektor,US,https://maa.org/euler-book-prize/,Transfer,Wissenschaftlicher Preis,Nein,2000,USD,Keine Angabe,Keine Angabe,Nominierung offen,2007,
O010635,Q992537,Euler Medal,en,Euler Medal,Webseite,Euler-Medaille,ORAP,Institute of Combinatorics and its Applications,wissenschaftlicher Sektor,CA,https://luca-giuzzi.unibs.it/ICA/medals.php,Forschung,Wissenschaftlicher Preis,Nein,Keine Angabe,Keine Angabe,Einrichtungs- oder organisationsgebunden,International,Nominierung eingeschränkt,1993,
O010642,Q1396110,Faraday Medal,en,Faraday Medal,Webseite,Faraday-Medaille,ORAP,Institution of Engineering and Technology,wissenschaftlicher Sektor,GB,https://www.theiet.org/membership/library-archives/the-iet-archives/iet-history/awards-and-prizes-index/the-faraday-medallists/,Forschung,Wissenschaftlicher Preis,Nein,Keine Angabe,Keine Angabe,Keine Einschränkung,Keine Einschränkung,Keine Angabe,1922,
O010647,Q3332196,Felix Klein Award,en,Felix Klein Award,Webseite,Felix-Klein-Preis,ORAP,International Commission on Mathematical Instruction,wissenschaftlicher Sektor,FR,https://www.mathunion.org/icmi/awards/felix-klein-award,Lehre,Wissenschaftlicher Preis,Nein,Keine Angabe,Keine Angabe,Keine Einschränkung,Keine Einschränkung,Nominierung offen,,
O010665,Q26268774,Gold Medal,en,Gold Medal,Webseite,Goldmedaille,ORAP,Royal Geographical Society,wissenschaftlicher Sektor,GB,https://www.rgs.org/about-us/our-work/medals-awards-and-prizes/society-medals-and-awards,Forschung,Wissenschaftlicher Preis,Nein,Kein Preisgeld,Kein Preisgeld,Keine Einschränkung,Keine Einschränkung,Nominierung eingeschränkt,1831,
O010668,Q15810072,Francis M. Pipkin Award,en,Francis M. Pipkin Award,Webseite,Francis-M.-Pipkin-Preis,ORAP,American Physical Society,wissenschaftlicher Sektor,US,https://www.aps.org/programs/honors/prizes/pipkin.cfm,Forschung,Wissenschaftlicher Preis,Ja,3000,USD,Keine Einschränkung,Keine Einschränkung,Nominierung eingeschränkt,1999,
O010669,Q5482142,Francis Parkman Prize,en,Francis Parkman Prize,Webseite,Francis-Parkman-Preis,ORAP,Society of American Historians,wissenschaftlicher Sektor,US,https://sah.columbia.edu/content/prizes/francis-parkman-prize,Forschung,Wissenschaftlicher Preis,Nein,2000,USD,Keine Einschränkung,Keine Einschränkung,Eigenbewerbung und Nominierung,1957,
O010671,Q166072,Francqui Prize,en,Francqui Prize,Webseite,Francqui-Preis,ORAP,Francqui Foundation,wissenschaftlicher Sektor,BE,https://www.francquifoundation.be/,Forschung,Wissenschaftlicher Preis,Ja,250000,EUR,International,Belgien,Nominierung Einrichtung / Gremium,1933,
O010678,Q30325315,Fred Hoyle Medal and Prize,en,Fred Hoyle Medal and Prize,Webseite,Fred-Hoyle-Medaille und -Preis,ORAP,Institute of Physics,wissenschaftlicher Sektor,GB,https://www.iop.org/about/awards/silver-subject-medals/fred-hoyle-medal-and-prize-recipients#gref,Forschung,Wissenschaftlicher Preis,Nein,1000,GBP,Keine Angabe,Keine Angabe,Nominierung offen,2008,
O010679,Q16938592,Fred Whipple Award and Lecture,en,Fred Whipple Award and Lecture,Webseite,Fred-Whipple-Preis und -Vortrag,ORAP,American Geophysical Union,wissenschaftlicher Sektor,US,https://www.agu.org/honors/whipple,Forschung,Wissenschaftlicher Preis,Nein,Keine Angabe,Keine Angabe,Keine Einschränkung,Keine Einschränkung,Nominierung offen,1989,
O010680,Q1452721,Frederic Ives Medal,en,Frederic Ives Medal,Webseite,Frederic-Ives-Medaille,ORAP,Optica,wissenschaftlicher Sektor,US,http://www.osa.org/en-us/awards_and_grants/awards/award_description/ivesquinn/,Forschung,Wissenschaftlicher Preis,Nein,Keine Angabe,Keine Angabe,Keine Einschränkung,Keine Einschränkung,Nominierung eingeschränkt,1929,
O010692,Q5504615,Frink Medal,en,Frink Medal,Webseite,Frink-Medaille,ORAP,Zoological Society of London,wissenschaftlicher Sektor,GB,https://www.zsl.org/about-zsl/awards,Forschung,Wissenschaftlicher Preis,Nein,Kein Preisgeld,Kein Preisgeld,Keine Einschränkung,Keine Einschränkung,Nominierung offen,1973,
O010698,Q900130,Fröhlich Prize,en,Fröhlich Prize,Webseite,Fröhlich-Preis,ORAP,London Mathematical Society,wissenschaftlicher Sektor,GB,https://www.lms.ac.uk/prizes/lms-prize-regulations,Forschung,Wissenschaftlicher Preis,Ja,Keine Angabe,Keine Angabe,International,Großbritannien und Nordirland,Keine Angabe,2002,
O010700,Q1004305,Delbert Ray Fulkerson Prize,en,Delbert Ray Fulkerson Prize,Webseite,Delbert-Ray-Fulkerson-Preis,ORAP,Mathematical Optimization Society; American Mathematical Society,wissenschaftlicher Sektor; wissenschaftlicher Sektor,US; US,http://www.ams.org/profession/prizes-awards/ams-prizes/fulkerson-prize,Forschung,Wissenschaftlicher Preis,Nein,1500,USD,Keine Einschränkung,Keine Einschränkung,Nominierung offen,1979,
O010703,Q1484275,G.K.Gilbert Award for Excellence in Geomorphological Research,en,G.K.Gilbert Award for Excellence in Geomorphological Research,Webseite,G.K.-Gilbert-Preis für Exzellenz in der geomorphologischen Forschung,ORAP,American Association of Geographers,wissenschaftlicher Sektor,US,https://aag-gsg.org/awards/gk_gilbert_award/,Forschung,Wissenschaftlicher Preis,Nein,Keine Angabe,Keine Angabe,Keine Angabe,Keine Angabe,Nominierung offen,1983,
O010705,Q386826,Gabor Medal,en,Gabor Medal,Webseite,Gabor-Medaille,ORAP,Royal Society,wissenschaftlicher Sektor,GB,https://royalsociety.org/grants-schemes-awards/awards/gabor-medal/,Forschung,Wissenschaftlicher Preis,Nein,2000,GBP,International,Großbritannien und Nordirland; Irland; Commonwealth,Nominierung offen,1989,
O010715,Q15811821,George A. Olah Award in Hydrocarbon or Petroleum Chemistry,en,George A. Olah Award in Hydrocarbon or Petroleum Chemistry,Webseite,George-A.-Olah-Preis für Kohlenwasserstoff- oder Erdölchemie,ORAP,American Chemical Society,wissenschaftlicher Sektor,US,https://www.acs.org/funding/awards/george-olah-award-in-hydrocarbon-or-petroleum-chemistry.html,Forschung,Wissenschaftlicher Preis,Nein,15000,USD,International,Vereinigte Staaten; Kanada,Nominierung offen,1948,
O010716,Q27966910,George C. Pimentel Award in Chemical Education,en,George C. Pimentel Award in Chemical Education,Webseite,George-C.-Pimentel-Preis für Chemieausbildung,ORAP,American Chemical Society,wissenschaftlicher Sektor,US,https://www.acs.org/funding/awards/george-pimentel-award-in-chemical-education.html,Lehre,Wissenschaftlicher Preis,Nein,5000,USD,Keine Einschränkung,Keine Einschränkung,Nominierung offen,1950,
O010717,Q1508099,George Pólya Award,en,George Pólya Award,Webseite,George-Pólya-Preis,ORAP,Mathematical Association of America,wissenschaftlicher Sektor,US,https://maa.org/george-polya-awards/,Lehre,Wissenschaftlicher Preis,Nein,1000,USD,Keine Angabe,Keine Angabe,Keine Angabe,1976,
O010719,Q1508409,George W. Beadle Award,en,George W. Beadle Award,Webseite,George-W.-Beadle-Preis,ORAP,Genetics Society of America,wissenschaftlicher Sektor,US,https://genetics-gsa.org/awards/george-w-beadle-award/,Forschung,Wissenschaftlicher Preis,Nein,Keine Angabe,Keine Angabe,Keine Einschränkung,Keine Einschränkung,Nominierung offen,1999,
O010732,Q4377042,Gerard P. Kuiper Prize in Planetary Sciences,en,Gerard P. Kuiper Prize in Planetary Sciences,Webseite,Gerard-P.-Kuiper-Preis für Planetenwissenschaften,ORAP,American Astronomical Society,wissenschaftlicher Sektor,US,https://dps.aas.org/prizes/kuiper,Forschung,Wissenschaftlicher Preis,Nein,Keine Angabe,Keine Angabe,Keine Einschränkung,Keine Einschränkung,Nominierung offen,1984,
O010741,Q5567330,GlaxoSmithKline Prize,en,GlaxoSmithKline Prize,Webseite,GlaxoSmithKline-Preis,ORAP,Royal Society,wissenschaftlicher Sektor,GB,https://royalsociety.org/grants-schemes-awards/awards/glaxosmithkline-prize-lecture/,Forschung,Wissenschaftlicher Preis,Nein,2500,GBP,Keine Einschränkung,Keine Einschränkung,Keine Angabe,1980,2016
O010744,Q901607,Glenn T. Seaborg Medal,en,Glenn T. Seaborg Medal,Webseite,Glenn-T.-Seaborg-Medaille,ORAP,University of Californa Los Angeles,wissenschaftlicher Sektor,US,https://seaborg.ucla.edu/,Forschung,Wissenschaftlicher Preis,Nein,Kein Preisgeld,Kein Preisgeld,Keine Angabe,Keine Angabe,Nominierung Einrichtung / Gremium,1987,
O010750,Q17148437,Golden Brain Award,en,Golden Brain Award,Webseite,Goldenes-Hirn-Preis,ORAP,Minerva Foundation,wissenschaftlicher Sektor,US,http://www.minervaberkeley.org/golden-brain,Forschung,Wissenschaftlicher Preis,Nein,Keine Angabe,Keine Angabe,Keine Angabe,Keine Angabe,Nominierung eingeschränkt,1985,
O010755,Q20711251,Charles J. Goodwin Award of Merit,en,Charles J. Goodwin Award of Merit,Webseite,Charles J. Goodwin-Preis für besondere wissenschaftliche Verdienste,ORAP,Society for Classical Studies,wissenschaftlicher Sektor,US,https://classicalstudies.org/awards-and-fellowships/charles-j-goodwin-award-merit,Forschung,Wissenschaftlicher Preis,Nein,Keine Angabe,Keine Angabe,Einrichtungs- oder organisationsgebunden,International,Eigenbewerbung und Nominierung,1951,
O010771,Q1483071,Gruber Cosmology Prize,en,Gruber Cosmology Prize,Webseite,Gruber-Kosmologie-Preis,ORAP,Gruber Foundation,Stiftungen,US,https://gruber.yale.edu/cosmology,Forschung,Wissenschaftlicher Preis,Nein,500000,USD,Keine Angabe,Keine Angabe,Nominierung offen,2000,
O010777,Q1562531,Dr H.P. Heineken Prize for Biochemistry and Biophysics,en,Dr H.P. Heineken Prize for Biochemistry and Biophysics,Webseite,Dr.-H.P.-Heineken-Preis für Biochemie und Biophysik,ORAP,Koninklijke Nederlandse Akademie van Wetenschappen,wissenschaftlicher Sektor,NL,https://www.heinekenprizes.org/heineken-prizes/dr-a-h-heineken-prize-for-biochemistry/,Forschung,Wissenschaftlicher Preis,Nein,250000,USD,Keine Einschränkung,Keine Einschränkung,Nominierung offen,,
O010797,Q21051209,Harry H. Hess Medal,en,Harry H. Hess Medal,Webseite,Harry-H.-Hess-Medaille,ORAP,American Geophysical Union,wissenschaftlicher Sektor,US,https://www.agu.org/honors/hess,Forschung,Wissenschaftlicher Preis,Nein,Kein Preisgeld,Kein Preisgeld,Keine Angabe,Keine Angabe,Eigenbewerbung und Nominierung,1985,
O010800,Q5679249,Haskins Medal,en,Haskins Medal,Webseite,Haskins-Medaille,ORAP,Medieval Academy of America,wissenschaftlicher Sektor,US,https://medievalacademy.org/page/Haskins_Medal,Forschung,Wissenschaftlicher Preis,Nein,Keine Angabe,Keine Angabe,Keine Angabe,Keine Angabe,Nominierung offen,1940,
O010817,Q1601825,Helen B. Warner Prize for Astronomy,en,Helen B. Warner Prize for Astronomy,Webseite,Helen-B.-Warner-Preis für Astronomie,ORAP,American Astronomical Society,wissenschaftlicher Sektor,US,https://aas.org/grants-and-prizes/helen-b-warner-prize-astronomy,Forschung,Wissenschaftlicher Preis,Ja,Keine Angabe,Keine Angabe,International,Nordamerika,Eigenbewerbung und Nominierung,1954,
O010819,Q1603323,Helmut Schmidt Prize in German-American Economic History,en,Helmut Schmidt Prize in German-American Economic History,Webseite,Helmut-Schmidt-Preis für deutsch-amerikanische Wirtschaftsgeschichte,ORAP,Deutsches Historisches Institut Washington,wissenschaftlicher Sektor,US,https://www.ghi-dc.org/programs/helmut-schmidt-prize-in-german-american-economic-history,Forschung,Wissenschaftlicher Preis,Nein,Keine Angabe,Keine Angabe,Keine Angabe,Keine Angabe,Keine Angabe,2007,2015
O010820,Q1605690,Henri Poincaré Prize,en,Henri Poincaré Prize,Webseite,Henri-Poincaré-Preis,ORAP,International Association of Mathematical Physics,wissenschaftlicher Sektor,US,http://www.iamp.org/page.php?page=page_prize_poincare,Forschung,Wissenschaftlicher Preis,Ja,Keine Angabe,Keine Angabe,Keine Einschränkung,Keine Einschränkung,Nominierung offen,1997,
O010821,Q746633,Henry Draper Medal,en,Henry Draper Medal,Webseite,Henry-Draper-Medaille,ORAP,National Academy of Sciences,wissenschaftlicher Sektor,US,https://www.nasonline.org/award/henry-draper-medal/,Forschung,Wissenschaftlicher Preis,Nein,25000,USD,Keine Angabe,Keine Angabe,Nominierung offen,1886,
O010822,Q20983759,Henry M. Stratton Medal,en,Henry M. Stratton Medal,Webseite,Henry-M.-Stratton-Medaille,ORAP,American Society of Hematology,wissenschaftlicher Sektor,US,https://www.hematology.org/awards/honorific/henry-m-stratton-medal,Forschung,Wissenschaftlicher Preis,Nein,Keine Angabe,Keine Angabe,Einrichtungs- oder organisationsgebunden,International,Nominierung eingeschränkt,1959,
O010823,Q2791048,Henry Marshall Tory Medal,en,Henry Marshall Tory Medal,Webseite,Henry-Marshall-Tory-Medaille,ORAP,Royal Society of Canada,wissenschaftlicher Sektor,CA,https://rsc-src.ca/en/awards-excellence/rsc-awards#Tory,Forschung,Wissenschaftlicher Preis,Nein,Kein Preisgeld,Kein Preisgeld,International,Kanada,Nominierung eingeschränkt,1941,
O010824,Q1607116,Henry Norris Russell Lectureship,en,Henry Norris Russell Lectureship,Webseite,Henry-Norris-Russell-Vorlesung,ORAP,American Astronomical Society,wissenschaftlicher Sektor,US,https://aas.org/grants-and-prizes/henry-norris-russell-lectureship,Forschung,Wissenschaftliche Auszeichnung,Nein,Kein Preisgeld,Kein Preisgeld,Keine Einschränkung,Keine Einschränkung,Eigenbewerbung und Nominierung,1946,
O010826,Q15815186,Herbert P. Broida Award,en,Herbert P. Broida Award,Webseite,Herbert-P.-Broida-Preis,ORAP,American Physical Society,wissenschaftlicher Sektor,US,https://www.aps.org/funding-recognition/award/herbert-broida-award,Forschung,Wissenschaftlicher Preis,Nein,5000,USD,Keine Einschränkung,Keine Einschränkung,Nominierung offen,1980,
O010829,Q31836463,Herman F. Mark Polymer Chemistry Award,en,Herman F. Mark Polymer Chemistry Award,Webseite,Herman-F.-Mark-Preis für Polymerchemie,ORAP,American Chemical Society,wissenschaftlicher Sektor,US,https://polyacs.org/herman-f-mark-polymer-chemistry-award/,Forschung,Wissenschaftlicher Preis,Nein,1500,USD,Einrichtungs- oder organisationsgebunden,International,Nominierung eingeschränkt,1976,
O010830,Q31837956,Herman Feshbach Prize in Theoretical Nuclear Physics,en,Herman Feshbach Prize in Theoretical Nuclear Physics,Webseite,Herman-Feshbach-Preis für theoretische Kernphysik,ORAP,American Physical Society,wissenschaftlicher Sektor,US,https://www.aps.org/funding-recognition/prize/herman-feshbach-prize,Forschung,Wissenschaftlicher Preis,Nein,10000,USD,Keine Einschränkung,Keine Einschränkung,Nominierung offen,2014,
O010857,Q5462709,Fluid Dynamics Prize,en,Fluid Dynamics Prize,Webseite,Preis für Strömungsdynamik,ORAP,American Physical Society,wissenschaftlicher Sektor,US,https://www.aps.org/programs/honors/prizes/fluid.cfm,Forschung,Wissenschaftlicher Preis,Nein,10000,USD,Keine Einschränkung,Keine Einschränkung,Nominierung offen,1979,
O010859,Q1653280,Ramanujan Prize,en,Ramanujan Prize,Webseite,Ramanujan-Preis,ORAP,Abdus Salam International Centre for Theoretical Physics; Internationale Mathematische Union,wissenschaftlicher Sektor; wissenschaftlicher Sektor,IT; DE,https://www.ictp.it/prize/ramanujan-prize,Forschung,Wissenschaftlicher Preis,Ja,10000,USD,International,Entwicklungsländer,Nominierung offen,2005,
O010865,Q5971528,IJCAI Award for Research Excellence,en,IJCAI Award for Research Excellence,Webseite,IJCAI-Preis für herausragende Forschung,ORAP,International Joint Conference on Artificial Intelligence,wissenschaftlicher Sektor,US,https://www.ijcai.org/awards,Forschung,Wissenschaftlicher Preis,Nein,Keine Angabe,Keine Angabe,Keine Angabe,Keine Angabe,Nominierung eingeschränkt,1985,
O010869,Q1565284,Inge Lehmann Medal,en,Inge Lehmann Medal,Webseite,Inge-Lehmann-Medaille,ORAP,American Geophysical Union,wissenschaftlicher Sektor,US,https://www.agu.org/honors/lehmann,Forschung,Wissenschaftlicher Preis,Nein,Keine Angabe,Keine Angabe,Keine Angabe,Keine Angabe,Eigenbewerbung und Nominierung,1997,
O010880,Q21905936,International Meteorological Organization Prize,en,International Meteorological Organization Prize,Webseite,Preis der Internationalen Meteorologischen Organisation,ORAP,World Meteorological Organization,wissenschaftlicher Sektor,CH,https://wmo.int/international-meteorological-organization-imo-prize,Forschung,Wissenschaftlicher Preis,Nein,10000,CHF,Keine Einschränkung,Keine Einschränkung,Nominierung Einrichtung / Gremium,1956,
O010887,Q901579,Irving Langmuir Award in Chemical Physics,en,Irving Langmuir Award in Chemical Physics,Webseite,Irving Langmuir-Preis für chemische Physik,ORAP,American Chemical Society,wissenschaftlicher Sektor,US,https://www.acs.org/funding/awards/irving-langmuir-award-in-chemical-physics.html,Forschung,Wissenschaftlicher Preis,Nein,5000,USD,Keine Einschränkung,Keine Einschränkung,Nominierung eingeschränkt,1966,
O010891,Q1258708,IZA Prize in Labor Economics,en,IZA Prize in Labor Economics,Webseite,IZA-Preis für Arbeitsökonomie,ORAP,Institute of Labor Economic,wissenschaftlicher Sektor,DE,https://www.iza.org/research/awards/iza-prize,Forschung,Wissenschaftlicher Preis,Nein,50000,EUR,Keine Einschränkung,Keine Einschränkung,Nominierung eingeschränkt,2002,
O010894,Q6109384,J. J. Ebers Award,en,J. J. Ebers Award,Webseite,J. J. Ebers-Preis,ORAP,Institute of Electrical and Electronics Engineers,wissenschaftlicher Sektor,US,https://eds.ieee.org/awards/j-j-ebers-award,Forschung,Wissenschaftlicher Preis,Nein,5000,USD,Keine Einschränkung,Keine Einschränkung,Nominierung eingeschränkt,1971,
O010895,Q9031006,J. Lawrence Smith Medal,en,J. Lawrence Smith Medal,Webseite,J. Lawrence Smith Medaille,ORAP,National Academy of Sciences,wissenschaftlicher Sektor,US,https://www.nasonline.org/award/j-lawrence-smith-medal/,Forschung,Wissenschaftlicher Preis,Nein,50000,USD,Keine Einschränkung,Keine Einschränkung,Nominierung eingeschränkt,1888,
O010902,Q6130765,James C. McGroddy Prize for New Materials,en,James C. McGroddy Prize for New Materials,Webseite,James C. McGroddy-Preis für neue Materialien,ORAP,American Physical Society,wissenschaftlicher Sektor,US,https://www.aps.org/programs/honors/prizes/mcgroddy.cfm,Forschung,Wissenschaftlicher Preis,Nein,10000,USD,Keine Einschränkung,Keine Einschränkung,Nominierung offen,1975,
O010903,Q1143433,James Craig Watson Medal,en,James Craig Watson Medal,Webseite,James Craig Watson Medaille,ORAP,National Academy of Sciences,wissenschaftlicher Sektor,US,https://www.nasonline.org/award/james-craig-watson-medal/,Forschung,Wissenschaftlicher Preis,Nein,75000,USD,Keine Angabe,Keine Angabe,Nominierung offen,1887,
O010905,Q1520638,James Clerk Maxwell Prize for Plasma Physics,en,James Clerk Maxwell Prize for Plasma Physics,Webseite,James Clerk Maxwell-Preis für Plasmaphysik,ORAP,American Physical Society,wissenschaftlicher Sektor,US,https://www.aps.org/funding-recognition/prize/maxwell,Forschung,Wissenschaftlicher Preis,Nein,10000,USD,Keine Einschränkung,Keine Einschränkung,Nominierung offen,1975,
O010906,Q1250250,James H. Wilkinson Prize,en,James H. Wilkinson Prize,Webseite,James H. Wilkinson-Preis,ORAP,Society for Industrial and Applied Mathematics,wissenschaftlicher Sektor,US,https://www.siam.org/prizes-recognition/major-prizes-lectures/detail/james-h-wilkinson-prize-in-numerical-analysis-and-scientific-computing,Forschung,Wissenschaftlicher Preis,Ja,2000,USD,Keine Einschränkung,Keine Einschränkung,Nominierung offen,1982,
O010915,Q1561489,Jessie Stevenson Kovalenko Medal,en,Jessie Stevenson Kovalenko Medal,Webseite,Jessie Stevenson Kovalenko Medaille,ORAP,National Academy of Sciences,wissenschaftlicher Sektor,US,https://www.nasonline.org/award/jessie-stevenson-kovalenko-medal/,Forschung,Wissenschaftlicher Preis,Nein,75000,USD,Keine Einschränkung,Keine Einschränkung,Nominierung offen,1952,
O010925,Q110632,John J. Abel Award,en,John J. Abel Award,Webseite,John J. Abel-Preis,ORAP,American Society for Pharmacology and Experimental Therapeutics,wissenschaftlicher Sektor,US,https://www.aspet.org/awards/aspet/abel/,Forschung,Wissenschaftlicher Preis,Ja,5000,USD,Einrichtungs- oder organisationsgebunden,International,Nominierung eingeschränkt,1947,
O010926,Q6240976,John J. Carty Award for the Advancement of Science,en,John J. Carty Award for the Advancement of Science,Webseite,John J. Carty-Preis für den Fortschritt der Wissenschaft,ORAP,National Academy of Sciences,wissenschaftlicher Sektor,US,https://www.nasonline.org/award/john-j-carty-award-for-the-advancement-of-science/,Forschung,Wissenschaftlicher Preis,Nein,25000,USD,Keine Einschränkung,Keine Einschränkung,Nominierung offen,1932,
O010927,Q2791092,John L. Synge Award,en,John L. Synge Award,Webseite,John L. Synge-Preis,ORAP,Royal Society of Canada,wissenschaftlicher Sektor,CA,https://rsc-src.ca/en/awards-excellence/rsc-awards#Synge,Forschung,Wissenschaftlicher Preis,Nein,Keine Angabe,Keine Angabe,International,Kanada,Nominierung eingeschränkt,1986,
O010929,Q6261517,John Tyndall Award,en,John Tyndall Award,Webseite,John Tyndall-Preis,ORAP,Optica; Institute of Electrical and Electronics Engineers,wissenschaftlicher Sektor; wissenschaftlicher Sektor,US; US,http://www.osa.org/en-us/awards_and_grants/awards/award_description/johntyndall/,Forschung,Wissenschaftlicher Preis,Nein,Keine Angabe,Keine Angabe,Keine Einschränkung,Keine Einschränkung,Nominierung eingeschränkt,1987,
O010933,Q16216162,Joseph L. Doob Prize,en,Joseph L. Doob Prize,Webseite,Joseph L. Doob-Preis,ORAP,American Mathematical Society,wissenschaftlicher Sektor,US,https://www.ams.org/prizes-awards/paview.cgi?parent_id=21,Forschung,Wissenschaftlicher Preis,Nein,5000,USD,Keine Angabe,Keine Angabe,Nominierung eingeschränkt,2005,
O010935,Q22341607,Joseph Zubin Award,en,Joseph Zubin Award,Webseite,Joseph Zubin-Preis,ORAP,Society for Research in Psychopathology,wissenschaftlicher Sektor,US,http://www.psychopathology.org/awardwinners,Forschung,Wissenschaftlicher Preis,Nein,Keine Angabe,Keine Angabe,Keine Angabe,Keine Angabe,Keine Angabe,1987,
O010941,Q1712436,Julius Edgar Lilienfeld Prize,en,Julius Edgar Lilienfeld Prize,Webseite,Julius Edgar Lilienfeld-Preis,ORAP,American Physical Society,wissenschaftlicher Sektor,US,https://www.aps.org/programs/honors/prizes/lilienfeld.cfm,Transfer,Wissenschaftlicher Preis,Nein,20000,USD,Keine Angabe,Keine Angabe,Nominierung offen,1989,
O010952,Q17149573,Karl Spencer Lashley Award,en,Karl Spencer Lashley Award,Webseite,Karl Spencer Lashley-Preis,ORAP,American Philosophical Society,wissenschaftlicher Sektor,US,https://www.amphilsoc.org/prizes/karl-spencer-lashley-award,Forschung,Wissenschaftlicher Preis,Nein,Keine Angabe,Keine Angabe,Keine Angabe,Keine Angabe,Keine Angabe,1959,
O010967,Q1738081,Keith R. Porter Lecture,en,Keith R. Porter Lecture,Webseite,Keith R. Porter Vorlesung,ORAP,American Society for Cell Biology,wissenschaftlicher Sektor,US,https://www.ascb.org/award/keith-r-porter-lecture/,Forschung,Wissenschaftlicher Preis,Nein,Kein Preisgeld,Kein Preisgeld,Keine Einschränkung,Keine Einschränkung,Eigenbewerbung und Nominierung,1982,
O010968,Q2506625,"William Thomson, Lord Kelvin Medal and Prize",en,"William Thomson, Lord Kelvin Medal and Prize",Webseite,"William Thomson, Lord Kelvin-Medaille und -Preis",ORAP,Institute of Physics,wissenschaftlicher Sektor,GB,https://www.iop.org/about/awards/gold-medals/william-thomson-lord-kelvin-medal-and-prize-recipients#gref,Transfer,Wissenschaftlicher Preis,Nein,1000,GBP,Keine Einschränkung,Keine Einschränkung,Eigenbewerbung und Nominierung,1996,
O010969,Q1140149,Kenneth O. May Prize in the History of Mathematics,en,Kenneth O. May Prize in the History of Mathematics,Webseite,Kenneth O. May-Preis für Mathematikgeschichte,ORAP,International Commission on the History of Mathematics,wissenschaftlicher Sektor,US,https://www.mathunion.org/ichm/prizes/kenneth-o-may-prize-history-mathematics,Forschung,Wissenschaftlicher Preis,Nein,Keine Angabe,Keine Angabe,Keine Angabe,Keine Angabe,Keine Angabe,1989,
O010992,Q1519756,Lakatos Award,en,Lakatos Award,Webseite,Lakatos-Preis,ORAP,London School of Economics and Political Science,wissenschaftlicher Sektor,GB,https://www.lse.ac.uk/philosophy/news/lakatos-award-2026-call-for-nominations,Forschung,Wissenschaftliche Auszeichnung,Nein,10000,GBP,Keine Einschränkung,Keine Einschränkung,Nominierung eingeschränkt,1986,
O010996,Q1806156,Lars Onsager Prize,en,Lars Onsager Prize,Webseite,Lars Onsager-Preis,ORAP,American Physical Society,wissenschaftlicher Sektor,US,https://www.aps.org/funding-recognition/prize/lars-onsager,Forschung,Wissenschaftlicher Preis,Nein,10000,USD,Keine Einschränkung,Keine Einschränkung,Nominierung offen,1995,
O010999,Q136696,Lasker~DeBakey Clinical Medical Research Award,en,Lasker~DeBakey Clinical Medical Research Award,Webseite,Lasker~DeBakey-Preis für klinische medizinische Forschung,ORAP,Lasker Foundation,Stiftungen,US,https://laskerfoundation.org/awards/about-the-awards/,Forschung,Wissenschaftlicher Preis,Nein,Keine Angabe,Keine Angabe,Keine Einschränkung,Keine Einschränkung,Nominierung offen,1946,
O011000,Q136567,Lasker~Koshland Special Achievement Award in Medical Science,en,Lasker~Koshland Special Achievement Award in Medical Science,Webseite,Lasker~Koshland-Preis für besondere Leistungen in der Medizin,ORAP,Lasker Foundation,Stiftungen,US,https://laskerfoundation.org/awards/about-the-awards/,Forschung,Wissenschaftlicher Preis,Nein,Keine Angabe,Keine Angabe,Keine Einschränkung,Keine Einschränkung,Nominierung offen,1997,
O011003,Q6547571,Leelavati Prize,en,Leelavati Prize,Webseite,Leelavati-Preis,ORAP,Internationale Mathematische Union,wissenschaftlicher Sektor,DE,https://www.mathunion.org/imu-awards/leelavati-prize,Transfer,Wissenschaftlicher Preis,Nein,1000000,INR,Keine Einschränkung,Keine Einschränkung,Nominierung offen,2010,
O011004,Q136733,van Leeuwenhoek Medal,en,van Leeuwenhoek Medal,Webseite,Van Leeuwenhoek-Medaille,ORAP,Koninklijke Nederlandse Vereniging voor Microbiologie,wissenschaftlicher Sektor,NL,https://www.knvm.org/activities/awards-and-grants/van-leeuwenhoek-medal,Forschung,Wissenschaftlicher Preis,Nein,Keine Angabe,Keine Angabe,Keine Angabe,Keine Angabe,Nominierung offen,1875,
O011009,Q21659514,Leo Szilard Lectureship Award,en,Leo Szilard Lectureship Award,Webseite,Leo Szilard Vorlesungspreis,ORAP,American Physical Society,wissenschaftlicher Sektor,US,https://www.aps.org/funding-recognition/award/szilard-lectureship,Transfer,Wissenschaftlicher Preis,Nein,5000,USD,Keine Einschränkung,Keine Einschränkung,Keine Angabe,1974,
O011025,Q16880122,Linnean Gold Medal,en,Linnean Gold Medal,Webseite,Linnean Goldmedaille,ORAP,Linnean Society of London,wissenschaftlicher Sektor,GB,https://www.linnean.org/the-society/medals-awards-prizes-grants/the-linnean-gold-medal,Sonstiges,Wissenschaftliche Auszeichnung,Nein,Keine Angabe,Keine Angabe,Einrichtungs- oder organisationsgebunden,Vereinigtes Königreich,Nominierung Einrichtung / Gremium,1988,
O011029,Q10568200,Livingstone Medal,en,Livingstone Medal,Webseite,Livingstone Medaille,ORAP,Royal Scottish Geographical Society,wissenschaftlicher Sektor,GB,https://www.rsgs.org/livingstone-medal,Transfer,Wissenschaftlicher Preis,Nein,Kein Preisgeld,Kein Preisgeld,Keine Angabe,Keine Angabe,Nominierung eingeschränkt,1901,
O011034,Q2760808,Logan Medal,en,Logan Medal,Webseite,Logan Medaille,ORAP,Geological Association of Canada,wissenschaftlicher Sektor,CA,https://gac.ca/about/grants-awards/logan-medal/,Forschung,Wissenschaftlicher Preis,Nein,Keine Angabe,Keine Angabe,Keine Angabe,Keine Angabe,Nominierung Einrichtung / Gremium,1964,
O011052,Q1543268,MacArthur Fellowship,en,MacArthur Fellowship,Webseite,MacArthur-Stipendium,ORAP,John D. and Catherine T. MacArthur Foundation,Stiftungen,US,https://www.macfound.org/programs/fellows/,Sonstiges,Wissenschaftlicher Preis,Nein,800000,USD,International,Vereinigte Staaten,Nominierung eingeschränkt,1981,
O011054,Q6730088,The Magellanic Premium of the American Philosophical Society,en,The Magellanic Premium of the American Philosophical Society,Webseite,Magellanic Premium der Amerikanischen Philosophischen Gesellschaft,ORAP,American Philosophical Society,wissenschaftlicher Sektor,US,https://www.amphilsoc.org/prizes/magellanic-premium-american-philosophical-society,Forschung,Wissenschaftlicher Preis,Nein,Keine Angabe,Keine Angabe,Keine Angabe,Keine Angabe,Nominierung offen,1790,
O011061,Q2776640,Marcel Grossmann Award,en,Marcel Grossmann Award,Webseite,Marcel Grossmann-Preis,ORAP,International Center for Relativistic Astrophysics,wissenschaftlicher Sektor,IT,http://www.icra.it/mg/awards/,Forschung,Wissenschaftlicher Preis,Nein,Kein Preisgeld,Kein Preisgeld,Keine Angabe,Keine Angabe,Keine Angabe,1985,
O011063,Q6761225,Maria Goeppert Mayer Award,en,Maria Goeppert Mayer Award,Webseite,Maria Goeppert Mayer-Preis,ORAP,American Physical Society,wissenschaftlicher Sektor,US,https://www.aps.org/funding-recognition/award/goeppert-mayer,Forschung,Wissenschaftlicher Preis,Ja,5000,USD,Keine Angabe,Keine Angabe,Nominierung offen,1986,
O011070,Q1906233,Mary Clark Thompson Medal,en,Mary Clark Thompson Medal,Webseite,Mary Clark Thompson Medaille,ORAP,National Academy of Sciences,wissenschaftlicher Sektor,US,https://www.nasonline.org/award/nas-award-in-the-evolution-of-earth-and-life/,Forschung,Wissenschaftlicher Preis,Nein,20000,USD,Keine Einschränkung,Keine Einschränkung,Nominierung offen,1919,
O011078,Q1911462,ACM SIGARCH Maurice Wilkes Award,en,ACM SIGARCH Maurice Wilkes Award,Webseite,ACM SIGARCH Maurice Wilkes-Preis,ORAP,Association for Computing Machinery,wirtschaftlicher Sektor,US,https://www.sigarch.org/benefit/awards/acm-sigarch-maurice-wilkes-award/,Forschung,Wissenschaftlicher Preis,Ja,2500,USD,Keine Angabe,Keine Angabe,Nominierung offen,1998,
O011080,Q1912290,Max Born Award,en,Max Born Award,Webseite,Max Born-Preis,ORAP,Optica,wissenschaftlicher Sektor,US,http://www.osa.org/en-us/awards_and_grants/awards/award_description/maxborn/,Forschung,Wissenschaftlicher Preis,Nein,Keine Angabe,Keine Angabe,Keine Einschränkung,Keine Einschränkung,Nominierung eingeschränkt,1982,
O011087,Q1745209,James Clerk Maxwell Medal and Prize,en,James Clerk Maxwell Medal and Prize,Webseite,James Clerk Maxwell Medaille und Preis,ORAP,Institute of Physics,wissenschaftlicher Sektor,GB,https://www.iop.org/about/awards/bronze-early-career-medals/james-clerk-maxwell-medal-and-prize-recipients#gref,Forschung,Wissenschaftlicher Preis,Ja,1000,GBP,Keine Einschränkung,Keine Einschränkung,Nominierung offen,1962,
O011100,Q1926301,Meyenburg-Preis,de,Meyenburg Award,ORAP,Meyenburg-Preis,Webseite,Wilhelm und Maria Meyenburg-Stiftung,Stiftungen,DE,http://www.meyenburg-stiftung.de/2preis.htm,Forschung,Wissenschaftlicher Preis,Nein,50000,EUR,Keine Einschränkung,Keine Einschränkung,Nominierung Einrichtung / Gremium,1981,
O011102,Q1383983,Michael Faraday Prize and Lecture,en,Michael Faraday Prize and Lecture,Webseite,Michael Faraday-Preis und Vortrag,ORAP,Royal Society,wissenschaftlicher Sektor,GB,https://royalsociety.org/grants-schemes-awards/awards/michael-faraday-prize/,Transfer,Wissenschaftlicher Preis,Nein,2500,GBP,International,Großbritannien und Nordirland; Irland; Commonwealth,Nominierung offen,1986,
O011118,Q3869391,NAS Award for Chemistry in Service to Society,en,NAS Award for Chemistry in Service to Society,Webseite,NAS-Preis für Chemie im Dienst der Gesellschaft,ORAP,National Academy of Sciences,wissenschaftlicher Sektor,US,https://www.nasonline.org/award/nas-award-for-chemistry-in-service-to-society/,Forschung,Wissenschaftlicher Preis,Nein,20000,USD,Keine Einschränkung,Keine Einschränkung,Nominierung offen,1991,
O011119,Q1959812,NAS Award for Scientific Discovery,en,NAS Award for Scientific Discovery,Webseite,NAS-Preis für wissenschaftliche Entdeckung,ORAP,National Academy of Sciences,wissenschaftlicher Sektor,US,https://www.nasonline.org/award/nas-award-for-scientific-discovery/,Forschung,Wissenschaftlicher Preis,Nein,50000,USD,International,Vereinigte Staaten,Nominierung offen,2015,
O011120,Q905656,NAS Award in Chemical Sciences,en,NAS Award in Chemical Sciences,Webseite,NAS-Preis in Chemischen Wissenschaften,ORAP,National Academy of Sciences,wissenschaftlicher Sektor,US,https://www.nasonline.org/award/nas-award-in-chemical-sciences/,Forschung,Wissenschaftlicher Preis,Nein,15000,USD,Keine Einschränkung,Keine Einschränkung,Nominierung offen,1979,
O011122,Q975308,NAS Award in Molecular Biology,en,NAS Award in Molecular Biology,Webseite,NAS-Preis in Molekularbiologie,ORAP,National Academy of Sciences,wissenschaftlicher Sektor,US,https://www.nasonline.org/award/nas-award-in-molecular-biology/,Forschung,Wissenschaftlicher Preis,Ja,25000,USD,Keine Einschränkung,Keine Einschränkung,Nominierung offen,1962,
O011123,Q1683914,NAS Award in the Neurosciences,en,NAS Award in the Neurosciences,Webseite,NAS-Preis in den Neurowissenschaften,ORAP,National Academy of Sciences,wissenschaftlicher Sektor,US,https://www.nasonline.org/award/nas-award-in-the-neurosciences/,Forschung,Wissenschaftlicher Preis,Nein,25000,USD,Keine Einschränkung,Keine Einschränkung,Nominierung offen,1988,
O011125,Q737051,National Medal of Science,en,National Medal of Science,Webseite,Nationale Wissenschaftsmedaille,ORAP,President of the United States,öffentlicher Sektor,US,http://www.nsf.gov/od/nms/medal.jsp,Forschung,Wissenschaftlicher Preis,Nein,Keine Angabe,Keine Angabe,International,Vereinigte Staaten,Nominierung offen,1962,
O011128,Q1356928,Naylor Prize,en,Naylor Prize,Webseite,Naylor-Preis,ORAP,London Mathematical Society,wissenschaftlicher Sektor,GB,https://www.lms.ac.uk/prizes/lms-prize-regulations,Forschung,Wissenschaftlicher Preis,Nein,Keine Angabe,Keine Angabe,International,Großbritannien und Nordirland,Nominierung offen,1977,
O011129,Q742399,Frederic Esser Nemmers Prize in Mathematics,en,Frederic Esser Nemmers Prize in Mathematics,Webseite,Frederic-Esser-Nemmers-Preis in Mathematik,ORAP,Northwestern University,wissenschaftlicher Sektor,US,https://www.nemmers.northwestern.edu/mathematics/,Forschung,Wissenschaftlicher Preis,Nein,300000,USD,Keine Einschränkung,Keine Einschränkung,Nominierung offen,1994,
O011133,Q7017608,AAAS Newcomb Cleveland Prize,en,AAAS Newcomb Cleveland Prize,Webseite,AAAS Newcomb Cleveland-Preis,ORAP,American Association for the Advancement of Science,wissenschaftlicher Sektor,US,https://www.aaas.org/awards/newcomb-cleveland-prize/about,Forschung,Wissenschaftlicher Preis,Nein,25000,USD,Keine Einschränkung,Keine Einschränkung,Nominierung offen,1923,
O011135,Q1350431,Nishina Memorial Prize,en,Nishina Memorial Prize,Webseite,Nishina-Gedenkpreis,ORAP,Koeki Zaidan Hojin Nishina Kinen Zaidan,Stiftungen,JP,https://www.nishina-mf.or.jp/project_en/kinen_en/,Forschung,Wissenschaftlicher Preis,Nein,500000,JPY,Keine Angabe,Keine Angabe,Nominierung eingeschränkt,1955,
O011138,Q56100732,Norman L. Bowen Award and Lecture,en,Norman L. Bowen Award and Lecture,Webseite,Norman L. Bowen-Preis und Vortrag,ORAP,American Geophysical Union,wissenschaftlicher Sektor,US,https://www.agu.org/honors/bowen,Forschung,Wissenschaftlicher Preis,Nein,Keine Angabe,Keine Angabe,Keine Einschränkung,Keine Einschränkung,Nominierung eingeschränkt,1981,
O011139,Q7052608,Norman Medal,en,Norman Medal,Webseite,Norman-Medaille,ORAP,American Society of Civil Engineers,Sonstige,US,https://www.asce.org/career-growth/awards-and-honors/norman-medal,Forschung,Wissenschaftlicher Preis,Nein,Keine Angabe,Keine Angabe,Einrichtungs- oder organisationsgebunden,International,Nominierung offen,1872,
O011144,Q1351451,Oersted Medal,en,Oersted Medal,Webseite,Oersted-Medaille,ORAP,American Association of Physics Teachers,wissenschaftlicher Sektor,US,https://www.aapt.org/Programs/awards/oersted.cfm,Lehre,Wissenschaftlicher Preis,Nein,Keine Angabe,Keine Angabe,Keine Angabe,Keine Angabe,Nominierung eingeschränkt,1936,
O011146,Q1572080,Oliver E. Buckley Condensed Matter Physics Prize,en,Oliver E. Buckley Condensed Matter Physics Prize,Webseite,Oliver E. Buckley-Preis für Festkörperphysik,ORAP,American Physical Society,wissenschaftlicher Sektor,US,https://www.aps.org/funding-recognition/prize/buckley-prize,Forschung,Wissenschaftlicher Preis,Nein,20000,USD,Keine Angabe,Keine Angabe,Nominierung offen,1953,
O011150,Q3656174,Oskar Pfister Award,en,Oskar Pfister Award,Webseite,Oskar Pfister-Preis,ORAP,American Psychiatric Association,wissenschaftlicher Sektor,US,https://www.psychiatry.org/Membership/Awards-Leadership-Opportunities/Awards/Oskar-Pfister-Award,Forschung,Wissenschaftlicher Preis,Nein,1000,USD,Keine Angabe,Keine Angabe,Eigenbewerbung und Nominierung,1983,
O011166,Q2037978,Otto Laporte Award,en,Otto Laporte Award,Webseite,Otto Laporte-Preis,ORAP,American Physical Society,wissenschaftlicher Sektor,US,https://engage.aps.org/dfd/honors/prizes-awards/otto-laporte-award,Forschung,Wissenschaftlicher Preis,Nein,Keine Angabe,Keine Angabe,Keine Angabe,Keine Angabe,Nominierung eingeschränkt,1972,2004
O011170,Q891037,W.K.H. Panofsky Prize in Experimental Particle Physics,en,W.K.H. Panofsky Prize in Experimental Particle Physics,Webseite,W.K.H. Panofsky-Preis für experimentelle Teilchenphysik,ORAP,American Physical Society,wissenschaftlicher Sektor,US,https://www.aps.org/programs/honors/prizes/panofsky.cfm,Forschung,Wissenschaftlicher Preis,Ja,10000,USD,Keine Einschränkung,Keine Einschränkung,Nominierung offen,1985,
O011175,Q56195112,Passano Award,en,Passano Award,Webseite,Passano-Preis,ORAP,Passano Foundation,Stiftungen,US,https://www.passanofoundation.org/services,Forschung,Wissenschaftlicher Preis,Nein,Keine Angabe,Keine Angabe,International,Vereinigte Staaten,Nominierung offen,1945,
O011189,Q2069200,R.A.F. Penrose Gold Medal,en,R.A.F. Penrose Gold Medal,Webseite,R.A.F. Penrose-Goldmedaille,ORAP,Society of Economic Geologists,wissenschaftlicher Sektor,US,https://www.segweb.org/SEG/Membership/SEG/Membership/Medals-and-Awards/RAF-Penrose-Gold-Medal.aspx,Forschung,Wissenschaftlicher Preis,Nein,Kein Preisgeld,Kein Preisgeld,Keine Einschränkung,Keine Einschränkung,Nominierung eingeschränkt,1924,
O011195,Q907169,Peter Debye Award in Physical Chemistry,en,Peter Debye Award in Physical Chemistry,Webseite,Peter Debye-Preis für Physikalische Chemie,ORAP,American Chemical Society,wissenschaftlicher Sektor,US,https://www.acs.org/funding/awards/peter-debye-award-in-physical-chemistry.html,Forschung,Wissenschaftlicher Preis,Nein,5000,USD,Keine Einschränkung,Keine Einschränkung,Nominierung offen,1962,
O011208,Q31837964,Polymer Physics Prize,en,Polymer Physics Prize,Webseite,Polymerphysik-Preis,ORAP,American Physical Society,wissenschaftlicher Sektor,US,https://www.aps.org/funding-recognition/prize/polymer-physics,Forschung,Wissenschaftlicher Preis,Nein,10000,USD,Keine Einschränkung,Keine Einschränkung,Nominierung offen,1962,
O011211,Q23044289,Pradel Research Award,en,Pradel Research Award,Webseite,Pradel-Forschungspreis,ORAP,National Academy of Sciences,wissenschaftlicher Sektor,US,https://www.nasonline.org/award/pradel-research-award/,Forschung,Wissenschaftlicher Preis,Nein,50000,USD,Keine Einschränkung,Keine Einschränkung,Nominierung offen,2012,
O011224,Q2108648,Enrico Fermi Prize,en,Enrico Fermi Prize,Webseite,Enrico-Fermi-Preis,ORAP,Società Italiana di Fisica,wissenschaftlicher Sektor,IT,https://en.sif.it/activities/fermi_award,Forschung,Wissenschaftlicher Preis,Nein,30000,EUR,Einrichtungs- oder organisationsgebunden,Italien,Nominierung eingeschränkt,2001,
O011230,Q2580812,Prestwich Medal,en,Prestwich Medal,Webseite,Prestwich-Medaille,ORAP,Geological Society of London,wissenschaftlicher Sektor,GB,https://www.geolsoc.org.uk/About/awards-grants-and-bursaries/society-awards/prestwich-medal,Forschung,Wissenschaftlicher Preis,Nein,Keine Angabe,Keine Angabe,Keine Angabe,Keine Angabe,Keine Angabe,1903,
O011250,Q31840530,Roger de Spoelberch Prize,en,Roger de Spoelberch Prize,Webseite,Roger de Spoelberch-Preis,ORAP,Fondation ROGER DE SPOELBERCH,Stiftungen,BE,https://www.fondation-roger-de-spoelberch.ch/en/roger-de-spoelberch-prize/,Forschung,Wissenschaftlicher Preis,Nein,750000,EUR,Keine Angabe,Keine Angabe,Keine Angabe,2009,
O011255,Q4811818,NAS Public Welfare Medal,en,NAS Public Welfare Medal,Webseite,NAS-Medaille für das öffentliche Wohl,ORAP,National Academy of Sciences,wissenschaftlicher Sektor,US,https://www.nasonline.org/award/nas-public-welfare-medal/,Transfer,Wissenschaftlicher Preis,Nein,Kein Preisgeld,Kein Preisgeld,Keine Angabe,Keine Angabe,Nominierung eingeschränkt,1914,
O011258,Q1745238,R. W. Wood Prize,en,R. W. Wood Prize,Webseite,R. W. Wood-Preis,ORAP,Optica,wissenschaftlicher Sektor,US,https://www.optica.org/get_involved/awards_and_honors/awards/award_descriptions/rwwood/,Forschung,Wissenschaftlicher Preis,Nein,Keine Angabe,Keine Angabe,Keine Einschränkung,Keine Einschränkung,Nominierung eingeschränkt,1975,
O011259,Q2129590,Ralph F. Hirschmann Award in Peptide Chemistry,en,Ralph F. Hirschmann Award in Peptide Chemistry,Webseite,Ralph F. Hirschmann-Preis für Peptidchemie,ORAP,American Chemical Society,wissenschaftlicher Sektor,US,https://www.acs.org/funding/awards/ralph-hirschmann-award-in-peptide-chemistry.html,Forschung,Wissenschaftlicher Preis,Nein,5000,USD,Keine Angabe,Keine Angabe,Nominierung offen,1988,
O011262,Q4287192,Rayleigh Medal,en,Rayleigh Medal,Webseite,Rayleigh-Medaille,ORAP,Institute of Acoustics,wissenschaftlicher Sektor,GB,https://www.ioa.org.uk/about-us/awards,Forschung,Wissenschaftlicher Preis,Nein,Keine Angabe,Keine Angabe,Keine Einschränkung,Keine Einschränkung,Nominierung offen,1976,
O011268,Q15842139,Remsen Award,en,Remsen Award,Webseite,Remsen-Preis,ORAP,American Chemical Society,wissenschaftlicher Sektor,US,https://acsmaryland.org/remsen-award/,Forschung,Wissenschaftlicher Preis,Nein,Keine Angabe,Keine Angabe,Keine Angabe,Keine Angabe,Nominierung offen,1946,
O011271,Q1765722,Richard Lounsbery Award,en,Richard Lounsbery Award,Webseite,Richard Lounsbery-Preis,ORAP,National Academy of Sciences; Académie des sciences,wissenschaftlicher Sektor; wissenschaftlicher Sektor,US; FR,https://www.nasonline.org/award/richard-lounsbery-award/,Forschung,Wissenschaftlicher Preis,Ja,75000,USD,International,Vereinigte Staaten; Frankreich,Nominierung eingeschränkt,1979,
O011281,Q2158547,Robert R. Wilson Prize for Achievement in the Physics of Particle Accelerators,en,Robert R. Wilson Prize for Achievement in the Physics of Particle Accelerators,Webseite,Robert R. Wilson-Preis für Leistungen in der Physik von Teilchenbeschleunigern,ORAP,American Physical Society,wissenschaftlicher Sektor,US,https://www.aps.org/programs/honors/prizes/wilson.cfm,Forschung,Wissenschaftlicher Preis,Ja,10000,USD,Keine Einschränkung,Keine Einschränkung,Nominierung eingeschränkt,1987,
O011282,Q18560196,Robert Robinson Award,en,Robert Robinson Award,Webseite,Robert Robinson-Preis,ORAP,Royal Society of Chemistry,wissenschaftlicher Sektor,GB,https://www.rsc.org/standards-and-recognition/prizes/robert-robinson-award,Forschung,Wissenschaftlicher Preis,Nein,Keine Angabe,Keine Angabe,Keine Angabe,Keine Angabe,Keine Angabe,1964,2020
O011285,Q2607382,Roebling Medal,en,Roebling Medal,Webseite,Roebling-Medaille,ORAP,Mineralogical Society of America,wissenschaftlicher Sektor,US,http://www.minsocam.org/msa/Awards/Roebling.html,Forschung,Wissenschaftlicher Preis,Nein,Keine Angabe,Keine Angabe,Keine Einschränkung,Keine Einschränkung,Nominierung offen,1937,
O011286,Q15842831,Roger Adams Award in Organic Chemistry,en,Roger Adams Award in Organic Chemistry,Webseite,Roger Adams-Preis für Organische Chemie,ORAP,American Chemical Society,wissenschaftlicher Sektor,US,https://www.acs.org/funding/awards/roger-adams-award-in-organic-chemistry.html,Forschung,Wissenschaftlicher Preis,Nein,25000,USD,Keine Einschränkung,Keine Einschränkung,Nominierung offen,1959,
O011287,Q7358837,Roger Revelle Medal,en,Roger Revelle Medal,Webseite,Roger Revelle-Medaille,ORAP,American Geophysical Union,wissenschaftlicher Sektor,US,https://www.agu.org/honors/revelle,Forschung,Wissenschaftlicher Preis,Nein,Keine Angabe,Keine Angabe,Keine Einschränkung,Keine Einschränkung,Eigenbewerbung und Nominierung,1992,
O011290,Q1659894,Romer-Simpson Medal,en,Romer-Simpson Medal,Webseite,Romer-Simpson-Medaille,ORAP,Society of Vertebrate Paleontology,wissenschaftlicher Sektor,US,https://vertpaleo.org/romer-simpson-medal/,Forschung,Wissenschaftlicher Preis,Nein,Keine Angabe,Keine Angabe,Keine Einschränkung,Keine Einschränkung,Nominierung eingeschränkt,1987,
O011296,Q25386857,Rothschild Prize,en,Rothschild Prize,Webseite,Rothschild-Preis,ORAP,Yad Hanadiv,Stiftungen,IL,https://www.yadhanadiv.org.il/rothschild-prize,Forschung,Wissenschaftlicher Preis,Nein,Keine Angabe,Keine Angabe,International,Israel,Nominierung eingeschränkt,1959,
O011307,Q2096481,Rumford Prize,en,Rumford Prize,Webseite,Rumford-Preis,ORAP,American Academy of Arts and Sciences,wissenschaftlicher Sektor,US,https://www.amacad.org/about/prizes/rumford-prize,Forschung,Wissenschaftlicher Preis,Nein,Keine Angabe,Keine Angabe,Keine Angabe,Keine Angabe,Keine Angabe,1839,
O011311,Q2240036,Ernest Rutherford Medal and Prize,en,Ernest Rutherford Medal and Prize,Webseite,Ernest-Rutherford-Medaille und -Preis,ORAP,Institute of Physics,wissenschaftlicher Sektor,GB,https://www.iop.org/about/awards/silver-subject-medals/ernest-rutherford-medal-and-prize-recipients#gref,Forschung,Wissenschaftlicher Preis,Nein,1000,GBP,International,Vereinigtes Königreich,Nominierung offen,1939,
O011318,Q426989,J. J. Sakurai Prize for Theoretical Particle Physics,en,J. J. Sakurai Prize for Theoretical Particle Physics,Webseite,J. J. Sakurai-Preis für theoretische Teilchenphysik,ORAP,American Physical Society,wissenschaftlicher Sektor,US,https://www.aps.org/programs/honors/prizes/sakurai.cfm,Forschung,Wissenschaftlicher Preis,Ja,10000,USD,Keine Einschränkung,Keine Einschränkung,Nominierung offen,1985,
O011328,Q25138330,Schrödinger medal,en,Schrödinger medal,Webseite,Schrödinger-Medaille,ORAP,World Association of Theoretical and Computational Chemists,wissenschaftlicher Sektor,US,https://watoc.net/watoc.schroedinger.html,Forschung,Wissenschaftlicher Preis,Nein,Kein Preisgeld,Kein Preisgeld,Keine Angabe,Keine Angabe,Nominierung eingeschränkt,1987,
O011330,Q2268592,Selman A. Waksman Award in Microbiology,en,Selman A. Waksman Award in Microbiology,Webseite,Selman A. Waksman-Preis für Mikrobiologie,ORAP,National Academy of Sciences,wissenschaftlicher Sektor,US,https://www.nasonline.org/award/selman-a-waksman-award-in-microbiology/,Forschung,Wissenschaftlicher Preis,Nein,20000,USD,Keine Angabe,Keine Angabe,Nominierung offen,1968,
O011332,Q943724,Senior Whitehead Prize,en,Senior Whitehead Prize,Webseite,Senior Whitehead-Preis,ORAP,London Mathematical Society,wissenschaftlicher Sektor,GB,https://www.lms.ac.uk/prizes/lms-prize-regulations,Forschung,Wissenschaftlicher Preis,Nein,Keine Angabe,Keine Angabe,International,Großbritannien und Nordirland,Keine Angabe,,
O011333,Q52160052,Seoul Test of Time Award,en,Seoul Test of Time Award,Webseite,Seoul Test of Time-Preis,ORAP,International World Wide Web Conference Committee,wissenschaftlicher Sektor,US,https://www.iw3c2.org/ToT/,Forschung,Wissenschaftlicher Preis,Nein,Keine Angabe,Keine Angabe,Keine Angabe,Keine Angabe,Keine Angabe,2015,
O011346,Q31823324,Sjöberg Prize,en,Sjöberg Prize,Webseite,Sjöberg-Preis,ORAP,Royal Swedish Academy of Sciences,wissenschaftlicher Sektor,SE,https://www.kva.se/en/prizes/sjoberg-prize/,Forschung,Wissenschaftlicher Preis,Nein,1000000,USD,Keine Einschränkung,Keine Einschränkung,Nominierung eingeschränkt,2017,
O011360,Q2335916,Stefan Banach Medal,en,Stefan Banach Medal,Webseite,Stefan Banach-Medaille,ORAP,Polska Akademia Nauk,wissenschaftlicher Sektor,PL,https://www.impan.pl/en/activities/awards/stefan-banach-medaledal,Forschung,Wissenschaftliche Auszeichnung,Nein,Kein Preisgeld,Kein Preisgeld,Keine Angabe,Keine Angabe,Nominierung eingeschränkt,1992,
O011367,Q21899338,Edward A. Strecker Annual Award,en,Edward A. Strecker Annual Award,Webseite,Edward-A.-Strecker-Jahrespreis,ORAP,University of Pennsylvania,wissenschaftlicher Sektor,US,https://www.med.upenn.edu/psych/Strecker.html,Forschung,Wissenschaftlicher Preis,Nein,Keine Angabe,Keine Angabe,International,Vereinigte Staaten; Kanada,Nominierung offen,1964,2016
O011368,Q4287196,Sue Tyler Friedman Medal,en,Sue Tyler Friedman Medal,Webseite,Sue Tyler Friedman-Medaille,ORAP,Geological Society of London,wissenschaftlicher Sektor,GB,https://www.geolsoc.org.uk/About/awards-grants-and-bursaries/society-awards/sue-tyler-friedman-medal,Forschung,Wissenschaftlicher Preis,Nein,Keine Angabe,Keine Angabe,Keine Einschränkung,Keine Einschränkung,Keine Angabe,1988,
O011369,Q964996,Sverdrup Gold Medal,en,Sverdrup Gold Medal,Webseite,Sverdrup-Goldmedaille,ORAP,American Meteorological Society,wissenschaftlicher Sektor,US,https://www.ametsoc.org/index.cfm/ams/about-ams/ams-awards-honors/awards/science-and-technology-medals/the-sverdrup-gold-medal/,Forschung,Wissenschaftlicher Preis,Nein,Keine Angabe,Keine Angabe,Keine Einschränkung,Keine Einschränkung,Nominierung offen,1964,
O011371,Q899402,Sylvester Medal,en,Sylvester Medal,Webseite,Sylvester-Medaille,ORAP,Royal Society,wissenschaftlicher Sektor,GB,https://royalsociety.org/grants-schemes-awards/awards/sylvester-medal/,Forschung,Wissenschaftlicher Preis,Nein,2000,GBP,International,Großbritannien und Nordirland; Irland; Commonwealth,Nominierung eingeschränkt,1901,
O011374,Q7664577,Szent-Györgyi Prize,en,Szent-Györgyi Prize,Webseite,Szent-Györgyi-Preis,ORAP,National Foundation for Cancer Research,wissenschaftlicher Sektor,US,https://www.nfcr.org/research-scientists/szent-gyorgyi-prize-for-progress-for-cancer-research-3/,Forschung,Wissenschaftlicher Preis,Nein,30000,USD,Keine Einschränkung,Keine Einschränkung,Nominierung offen,2006,
O011380,Q7697212,Telford Gold Medal,en,Telford Gold Medal,Webseite,Telford-Goldmedaille,ORAP,Institution of Civil Engineers,Sonstige,GB,https://www.emeraldgrouppublishing.com/ice-publishing-awards,Forschung,Wissenschaftlicher Preis,Nein,Keine Angabe,Keine Angabe,Keine Einschränkung,Keine Einschränkung,Nominierung Einrichtung / Gremium,1837,
O011384,Q2418765,Theodore von Kármán Prize,en,Theodore von Kármán Prize,Webseite,Theodore von Kármán-Preis,ORAP,Society for Industrial and Applied Mathematics,wissenschaftlicher Sektor,US,https://www.siam.org/prizes-recognition/major-prizes-lectures/detail/theodore-von-karman-prize,Forschung,Wissenschaftliche Auszeichnung,Nein,2000,USD,Keine Einschränkung,Keine Einschränkung,Nominierung offen,1968,
O011389,Q2424864,Thomas Hunt Morgan Medal,en,Thomas Hunt Morgan Medal,Webseite,Thomas Hunt Morgan-Medaille,ORAP,Genetics Society of America,wissenschaftlicher Sektor,US,https://genetics-gsa.org/awards/thomas-hunt-morgan-medal/,Forschung,Wissenschaftlicher Preis,Nein,Keine Angabe,Keine Angabe,Einrichtungs- oder organisationsgebunden,International,Nominierung offen,1981,
O011393,Q3482293,Thorarinsson Medal,en,Thorarinsson Medal,Webseite,Thorarinsson-Medaille,ORAP,International Association of Volcanology and Chemistry of the Earth’s Interior,wissenschaftlicher Sektor,US,https://www.iavceivolcano.org/guidelines-for-iavcei-awards/thorarinsson-medal/,Forschung,Wissenschaftlicher Preis,Nein,Keine Angabe,Keine Angabe,Keine Einschränkung,Keine Einschränkung,Keine Angabe,1987,
O011394,Q18560214,Tilden Prize,en,Tilden Prize,Webseite,Tilden-Preis,ORAP,Royal Society of Chemistry,wissenschaftlicher Sektor,GB,https://www.rsc.org/prizes-funding/prizes/find-a-prize/tilden-prizes/,Forschung,Wissenschaftlicher Preis,Nein,5000,GBP,Einrichtungs- oder organisationsgebunden,Großbritannien und Nordirland; Irland,Nominierung eingeschränkt,1939,
O011395,Q15851109,Tolman Award,en,Tolman Award,Webseite,Tolman-Preis,ORAP,American Chemical Society,wissenschaftlicher Sektor,US,http://scalacs.org/?page_id=20,Forschung,Wissenschaftlicher Preis,Nein,Keine Angabe,Keine Angabe,Keine Einschränkung,Keine Einschränkung,Nominierung eingeschränkt,1960,
O011397,Q1855427,Tom W. Bonner Prize in Nuclear Physics,en,Tom W. Bonner Prize in Nuclear Physics,Webseite,Tom W. Bonner-Preis für Kernphysik,ORAP,American Physical Society,wissenschaftlicher Sektor,US,https://www.aps.org/programs/honors/prizes/bonner.cfm,Forschung,Wissenschaftlicher Preis,Nein,10000,USD,Keine Angabe,Keine Angabe,Nominierung offen,1965,
O011400,Q7845154,Troland Research Award,en,Troland Research Award,Webseite,Troland-Forschungspreis,ORAP,National Academy of Sciences,wissenschaftlicher Sektor,US,https://www.nasonline.org/award/troland-research-award/,Forschung,Wissenschaftlicher Preis,Ja,75000,USD,International,Vereinigte Staaten,Nominierung eingeschränkt,1984,
O011413,Q3295036,Vannevar Bush Award,en,Vannevar Bush Award,Webseite,Vannevar Bush-Preis,ORAP,National Science Board,wissenschaftlicher Sektor,US,https://www.nsf.gov/nsb/awards/bush.jsp,Forschung,Wissenschaftlicher Preis,Nein,Keine Angabe,Keine Angabe,International,Vereinigte Staaten,Nominierung offen,1980,
O011416,Q3332237,Vega Medal,en,Vega Medal,Webseite,Vega-Medaille,ORAP,The Swedish Society for Anthropology and Geography,wissenschaftlicher Sektor,SE,https://ssag.se/english/medals/,Forschung,Wissenschaftlicher Preis,Nein,Kein Preisgeld,Kein Preisgeld,Keine Angabe,Keine Angabe,Keine Angabe,1881,
O011420,Q3405365,Vetlesen Prize,en,Vetlesen Prize,Webseite,Vetlesen-Preis,ORAP,Lamont-Doherty Earth Observatory; G. Unger Vetlesen Foundation,wissenschaftlicher Sektor; Stiftungen,US; NO,https://lamont.columbia.edu/about/vetlesen-prize,Forschung,Wissenschaftlicher Preis,Nein,250000,USD,Keine Einschränkung,Keine Einschränkung,Nominierung offen,1959,
O011421,Q17326788,Vfdb Excellence Award,en,Vfdb Excellence Award,Webseite,Vfdb-Exzellenzpreis,ORAP,Stiftung SafeInno,Stiftungen,DE,https://www.vfdb.de/newsroom/aktuelles/bewerbungen-fuer-die-excellence-awards-2023,Forschung,Wissenschaftlicher Preis,Ja,7500,EUR,DACH,Deutschland,Eigenbewerbung und Nominierung,,
O011423,Q7926863,Victoria Medal,en,Victoria Medal,Webseite,Victoria-Medaille,ORAP,Royal Geographical Society,wissenschaftlicher Sektor,GB,https://www.rgs.org/about-us/our-work/medals-awards-and-prizes/society-medals-and-awards,Forschung,Wissenschaftlicher Preis,Nein,Kein Preisgeld,Kein Preisgeld,Keine Einschränkung,Keine Einschränkung,Nominierung eingeschränkt,1902,
O011429,Q1700684,Von Hippel Award,en,Von Hippel Award,Webseite,Von Hippel-Preis,ORAP,Materials Research Society,wissenschaftlicher Sektor,US,https://www.mrs.org/careers-advancement/awards/fall-awards/von-hippel-award,Forschung,Wissenschaftlicher Preis,Nein,10000,USD,Keine Einschränkung,Keine Einschränkung,Nominierung offen,1976,
O011430,Q1139916,Theodore von Karman Medal,en,Theodore von Karman Medal,Webseite,Theodore von Karman Medaille,ORAP,American Society of Civil Engineers,Sonstige,US,https://www.asce.org/career-growth/awards-and-honors/theodore-von-karman-medal,Forschung,Wissenschaftlicher Preis,Nein,Keine Angabe,Keine Angabe,Keine Einschränkung,Keine Einschränkung,Nominierung offen,1960,
O011435,Q2541739,Waldo E. Smith Award,en,Waldo E. Smith Award,Webseite,Waldo E. Smith-Preis,ORAP,American Geophysical Union,wissenschaftlicher Sektor,US,https://www.agu.org/honors/smith,Transfer,Wissenschaftlicher Preis,Nein,Keine Angabe,Keine Angabe,Keine Einschränkung,Keine Einschränkung,Eigenbewerbung und Nominierung,1982,
O011436,Q2544568,Walter H. Bucher Medal,en,Walter H. Bucher Medal,Webseite,Walter H. Bucher-Medaille,ORAP,American Geophysical Union,wissenschaftlicher Sektor,US,https://www.agu.org/honors/bucher,Forschung,Wissenschaftlicher Preis,Nein,Keine Angabe,Keine Angabe,Keine Angabe,Keine Angabe,Eigenbewerbung und Nominierung,,
O011451,Q1814850,Whitehead Prize,en,Whitehead Prize,Webseite,Whitehead-Preis,ORAP,London Mathematical Society,wissenschaftlicher Sektor,GB,https://www.lms.ac.uk/prizes/lms-prizes,Forschung,Wissenschaftlicher Preis,Ja,Keine Angabe,Keine Angabe,International,Großbritannien und Nordirland,Nominierung offen,1979,
O011459,Q1726311,Samuel S. Wilks Memorial Award,en,Samuel S. Wilks Memorial Award,Webseite,Samuel S. Wilks Gedenkpreis,ORAP,American Statistical Association,wissenschaftlicher Sektor,US,https://www.amstat.org/your-career/awards/samuel-s-wilks-memorial-award,Forschung,Wissenschaftlicher Preis,Nein,1000,USD,Keine Angabe,Keine Angabe,Nominierung offen,1964,
O011460,Q3405402,ASHG Lifetime Achievement Award,en,ASHG Lifetime Achievement Award,Webseite,ASHG-Preis für das Lebenswerk,ORAP,American Society of Human Genetics,wissenschaftlicher Sektor,US,https://www.ashg.org/membership/awards/lifetime-achievement-award/,Forschung,Wissenschaftlicher Preis,Nein,25000,USD,Einrichtungs- oder organisationsgebunden,International,Nominierung eingeschränkt,1961,
O011463,Q1780740,William Bowie Medal,en,William Bowie Medal,Webseite,William Bowie-Medaille,ORAP,American Geophysical Union,wissenschaftlicher Sektor,US,https://www.agu.org/honors/bowie-medal,Forschung,Wissenschaftlicher Preis,Nein,Keine Angabe,Keine Angabe,Keine Angabe,Keine Angabe,Eigenbewerbung und Nominierung,1939,
O011464,Q8021013,William F. Meggers Award,en,William F. Meggers Award,Webseite,William F. Meggers-Preis,ORAP,Optica,wissenschaftlicher Sektor,US,https://www.optica.org/get_involved/awards_and_honors/awards/award_descriptions/meggersaward/,Forschung,Wissenschaftlicher Preis,Nein,Keine Angabe,Keine Angabe,Keine Einschränkung,Keine Einschränkung,Nominierung eingeschränkt,1970,
O011465,Q25324505,William H. Nichols Medal,en,William H. Nichols Medal,Webseite,William H. Nichols-Medaille,ORAP,American Chemical Society,wissenschaftlicher Sektor,US,http://newyorkacs.online/nichols_medal/,Forschung,Wissenschaftlicher Preis,Nein,Keine Angabe,Keine Angabe,Keine Angabe,Keine Angabe,Nominierung offen,,
O011466,Q8010631,Twenhofel Medal,en,Twenhofel Medal,Webseite,Twenhofel-Medaille,ORAP,Society for Sedimentary Geology,wissenschaftlicher Sektor,US,https://www.sepm.org/Twenhofel-Medal,Forschung,Wissenschaftlicher Preis,Nein,Kein Preisgeld,Kein Preisgeld,Keine Einschränkung,Keine Einschränkung,Nominierung offen,1970,
O011469,Q612041,William Brewster Memorial Award,en,William Brewster Memorial Award,Webseite,William Brewster-Gedenkpreis,ORAP,American Ornithological Society,wissenschaftlicher Sektor,US,https://americanornithology.org/awards-grants/achievement-awards/senior-professional/brewster/,Forschung,Wissenschaftlicher Preis,Nein,Keine Angabe,Keine Angabe,Keine Angabe,Keine Angabe,Nominierung offen,1921,
O011470,Q1465021,The Willis E. Lamb Award for Laser Science and Quantum Optics,en,The Willis E. Lamb Award for Laser Science and Quantum Optics,Webseite,Willis E. Lamb-Preis für Lasertechnologie und Quantenoptik,ORAP,Physics of Quantum Electronics,wissenschaftlicher Sektor,US,https://www.lambaward.org/,Forschung,Wissenschaftlicher Preis,Nein,Keine Angabe,Keine Angabe,Keine Einschränkung,Keine Einschränkung,Keine Angabe,1998,
O011497,Q832424,Wollaston Medal,en,Wollaston Medal,Webseite,Wollaston-Medaille,ORAP,Geological Society of London,wissenschaftlicher Sektor,GB,https://www.geolsoc.org.uk/About/awards-grants-and-bursaries/society-awards/wollaston-medal,Forschung,Wissenschaftlicher Preis,Nein,Keine Angabe,Keine Angabe,Keine Einschränkung,Keine Einschränkung,Nominierung eingeschränkt,1831,
O011499,Q8058296,Thomas Young Medal and Prize,en,Thomas Young Medal and Prize,Webseite,Thomas Young-Medaille und -Preis,ORAP,Institute of Physics,wissenschaftlicher Sektor,GB,https://www.iop.org/about/awards/silver-subject-medals/thomas-young-medal-and-prize-recipients#gref,Forschung,Wissenschaftlicher Preis,Nein,1000,GBP,International,Vereinigtes Königreich; Irland,Eigenbewerbung und Nominierung,1963,
O011500,Q509383,Yrjö Jahnsson Award,en,Yrjö Jahnsson Award,Webseite,Yrjö Jahnsson-Preis,ORAP,Yrjö Jahnsson Foundation; European Economic Association,wissenschaftlicher Sektor; wissenschaftlicher Sektor,FI; BE,https://www.eeassoc.org/awards/yrjo-jahnsson-award,Forschung,Wissenschaftlicher Preis,Ja,20000,EUR,International,Europa,Nominierung Einrichtung / Gremium,1993,
O011507,Q100151896,Edward A. Bouchet Award,en,Edward A. Bouchet Award,Webseite,Edward-A.-Bouchet-Preis,ORAP,American Physical Society,wissenschaftlicher Sektor,US,"https://www.aps.org/programs/honors/prizes/bouchet.cfm#:~:text=Edward%20A.-,Bouchet%20Award,advancement%20of%20underrepresented%20minority%20scientists.",Forschung,Wissenschaftlicher Preis,Nein,5000,USD,Keine Angabe,Keine Angabe,Nominierung offen,1994,
O011520,Q100736055,Global Achievement Award,en,Global Achievement Award,Webseite,Preis für weltweite Verdienste,ORAP,Johns Hopkins Alumni Association,wissenschaftlicher Sektor,US,https://alumni.jhu.edu/awards/global-achievement,Sonstiges,Wissenschaftliche Auszeichnung,Nein,Keine Angabe,Keine Angabe,Keine Einschränkung,Keine Einschränkung,Nominierung offen,2010,
O011537,Q1028339,Hale Prize,en,Hale Prize,Webseite,Hale-Preis,ORAP,American Astronomical Society,wissenschaftlicher Sektor,US,https://spd.aas.org/prizes#HalePrize,Forschung,Wissenschaftlicher Preis,Nein,Keine Angabe,Keine Angabe,Keine Einschränkung,Keine Einschränkung,Eigenbewerbung und Nominierung,1978,
O011553,Q104335138,International Hydrology Prize,en,International Hydrology Prize,Webseite,Internationaler Hydrologie-Preis,ORAP,International Association of Hydrological Sciences; UNESCO; World Meteorological Organization,wissenschaftlicher Sektor; öffentlicher Sektor; wissenschaftlicher Sektor,GB; FR; CH,https://iahs.info/About-IAHS/Competition--Events/International-Hydrology-Prize/,Forschung,Wissenschaftlicher Preis,Nein,Keine Angabe,Keine Angabe,Keine Einschränkung,Keine Einschränkung,Nominierung Einrichtung / Gremium,1979,
O011557,Q104540981,Boyd McCandless Award,en,Boyd McCandless Award,Webseite,Boyd-McCandless-Preis,ORAP,American Psychological Association,wissenschaftlicher Sektor,US,https://www.apadivisions.org/division-7/awards/mccandless,Forschung,Wissenschaftlicher Preis,Ja,Keine Angabe,Keine Angabe,Einrichtungs- oder organisationsgebunden,International,Nominierung offen,1982,
O011581,Q10499046,Fridtjof Nansen award for excellence in science,en,Fridtjof Nansen award for excellence in science,Webseite,Fridtjof-Nansen-Preis für Exzellenz in der Wissenschaft,ORAP,Nansen Foundation,Stiftungen,NO,https://dnva.no/englishscience-prizes/fridtjof-nansen-award-excellence-science,Forschung,Wissenschaftlicher Preis,Nein,300000,NOK,International,Norwegen,Nominierung eingeschränkt,,
O011583,Q10501878,Gad Rausing Prize,en,Gad Rausing Prize,Webseite,Gad-Rausing-Preis,ORAP,Kungliga Vitterhets Historie och Antikvitets Akademien,wissenschaftlicher Sektor,SE,https://www.vitterhetsakademien.se/english/the-royal-swedish-academy-of-letters-history-and-antiquities/prizes.html,Forschung,Wissenschaftlicher Preis,Nein,1500000,SEK,International,Nordische Länder,Eigenbewerbung und Nominierung,2003,
O011593,Q105079169,Leo P. Kadanoff Prize,en,Leo P. Kadanoff Prize,Webseite,Leo P. Kadanoff-Preis,ORAP,American Physical Society,wissenschaftlicher Sektor,US,https://www.aps.org/funding-recognition/prize/leo-kadanoff,Forschung,Wissenschaftlicher Preis,Nein,10000,USD,Keine Einschränkung,Keine Einschränkung,Nominierung offen,2019,
O011596,Q105098068,"Norman F. Ramsey Prize in Atomic, Molecular and Optical Physics, and in Precision Tests of Fundamental Laws and Symmetries",en,"Norman F. Ramsey Prize in Atomic, Molecular and Optical Physics, and in Precision Tests of Fundamental Laws and Symmetries",Webseite,"Norman F. Ramsey-Preis für Atom-, Molekular- und Optische Physik sowie für Präzisionstests fundamentaler Gesetze und Symmetrien",ORAP,American Physical Society,wissenschaftlicher Sektor,US,https://www.aps.org/programs/honors/prizes/ramsey.cfm,Forschung,Wissenschaftlicher Preis,Nein,10000,USD,Keine Einschränkung,Keine Einschränkung,Nominierung offen,2018,
O011597,Q105104394,"George E. Valley, Jr. Prize",en,"George E. Valley, Jr. Prize",Webseite,George-E.-Valley-Jr.-Preis,ORAP,American Physical Society,wissenschaftlicher Sektor,US,https://www.aps.org/programs/honors/prizes/valley.cfm,Forschung,Wissenschaftlicher Preis,Ja,10000,USD,Keine Angabe,Keine Angabe,Nominierung offen,2002,
O011606,Q105425607,AAS Education Prize,en,AAS Education Prize,Webseite,AAS Bildungs-Preis,ORAP,American Astronomical Society,wissenschaftlicher Sektor,US,https://aas.org/grants-and-prizes/education-prize,Lehre,Wissenschaftlicher Preis,Nein,Keine Angabe,Keine Angabe,Keine Einschränkung,Keine Einschränkung,Eigenbewerbung und Nominierung,2001,
O011664,Q106045103,Exceptional Contribution to Biocuration Award,en,Exceptional Contribution to Biocuration Award,Webseite,Preis für außergewöhnliche Beiträge zur Biokuration,ORAP,International Society for Biocuration,wissenschaftlicher Sektor,US,https://www.biocuration.org/community/biocuration-career-awards/exceptional-contribution-to-biocuration-award-winners/,Forschung,Wissenschaftlicher Preis,Nein,Keine Angabe,Keine Angabe,Keine Einschränkung,Keine Einschränkung,Eigenbewerbung und Nominierung,2017,
O011665,Q106045191,Biocuration Career Award,en,Biocuration Career Award,Webseite,Biocuration-Karriere-Preis,ORAP,International Society for Biocuration,wissenschaftlicher Sektor,US,https://www.biocuration.org/community/biocuration-career-awards/,Forschung,Wissenschaftlicher Preis,Nein,500,CHF,Keine Einschränkung,Keine Einschränkung,Eigenbewerbung und Nominierung,2016,
O011675,Q106257332,Patricia R. Barchas Award in Sociophysiology,en,Patricia R. Barchas Award in Sociophysiology,Webseite,Patricia R. Barchas-Preis für Soziophysiologie,ORAP,Society for Biopsychosocial Science and Medicine,wissenschaftlicher Sektor,US,https://psychosomatic.org/award/patricia-r-barchas-award-in-sociophysiology/,Forschung,Wissenschaftlicher Preis,Nein,1500,USD,Keine Angabe,Keine Angabe,Nominierung offen,1999,
O011685,Q106518912,Harold M. Rose Award for Anti-Racism Research and Practice,en,Harold M. Rose Award for Anti-Racism Research and Practice,Webseite,Harold-M.-Rose-Preis für Antirassismus-Forschung und Praxis,ORAP,American Association of Geographers,wissenschaftlicher Sektor,US,https://www.aag.org/award-grant/haroldrose/,Forschung,Wissenschaftlicher Preis,Nein,Keine Angabe,Keine Angabe,Keine Angabe,Keine Angabe,Nominierung offen,2013,
O011729,Q10761755,J. C. Hunsaker Award in Aeronautical Engineering,en,J. C. Hunsaker Award in Aeronautical Engineering,Webseite,J. C. Hunsaker-Preis für Luftfahrttechnik,ORAP,National Academy of Sciences,wissenschaftlicher Sektor,US,https://www.nasonline.org/award/j-c-hunsaker-award-in-aeronautical-engineering/,Forschung,Wissenschaftlicher Preis,Nein,50000,USD,Keine Einschränkung,Keine Einschränkung,Nominierung offen,1968,
O011743,Q108400507,AIME Robert Lansing Hardy Award,en,AIME Robert Lansing Hardy Award,Webseite,AIME Robert Lansing Hardy-Preis,ORAP,"Minerals, Metals & Materials Society",wissenschaftlicher Sektor,US,https://www.tms.org/portal/PROFESSIONAL_DEVELOPMENT/Honors___Awards/AIME_Robert_Lansing_Hardy_Award/portal/Professional_Development/Honors___Awards/AIME_Robert_Lansing_Hardy_Award.aspx?hkey=88fe462f-f828-4dfa-9a38-4d342573a99d,Forschung,Wissenschaftlicher Preis,Ja,5000,USD,Einrichtungs- oder organisationsgebunden,International,Nominierung offen,1956,
O011748,Q108574497,Henry Primakoff Award for Early-Career Particle Physics,en,Henry Primakoff Award for Early-Career Particle Physics,Webseite,Henry-Primakoff-Preis für Teilchenphysik in der frühen Karriere,ORAP,American Physical Society,wissenschaftlicher Sektor,US,https://www.aps.org/programs/honors/prizes/primakoff.cfm,Forschung,Wissenschaftlicher Preis,Ja,3000,USD,Keine Einschränkung,Keine Einschränkung,Nominierung offen,2012,
O011761,Q108853679,Psychometric Society Dissertation Prize,en,Psychometric Society Dissertation Prize,Webseite,Dissertationspreis der Psychometrischen Gesellschaft,ORAP,Psychometric Society,wissenschaftlicher Sektor,US,https://www.psychometricsociety.org/post/dissertation-prize,Forschung,Wissenschaftliche Auszeichnung,Ja,500,USD,Keine Einschränkung,Keine Einschränkung,Eigenbewerbung und Nominierung,1993,
O011771,Q108936336,Miles Conrad Award,en,Miles Conrad Award,Webseite,Miles Conrad-Preis,ORAP,National Information Standards Organization,Sonstige,US,https://www.niso.org/node/25942,Sonstiges,Wissenschaftliche Auszeichnung,Nein,Keine Angabe,Keine Angabe,Keine Einschränkung,Keine Einschränkung,Nominierung eingeschränkt,1968,
O011773,Q109031909,Arthur Holly Compton Award in Education,en,Arthur Holly Compton Award in Education,Webseite,Arthur-Holly-Compton-Preis für Bildung,ORAP,American Nuclear Society,Sonstige,US,https://www.ans.org/honors/award-compton/,Lehre,Wissenschaftlicher Preis,Nein,4000,USD,Keine Einschränkung,Keine Einschränkung,Nominierung offen,1967,
O011783,Q109348159,Young Investigator Research Program,en,Young Investigator Research Program,Webseite,Förderprogramm für Nachwuchswissenschaftlerinnen und -wissenschaftler,ORAP,Air Force Office of Scientific Research,wissenschaftlicher Sektor,US,https://www.afrl.af.mil/About-Us/Fact-Sheets/Fact-Sheet-Display/Article/2282106/afosr-funding-opportunities-special-programs/#anchor2,Forschung,Wissenschaftliche Auszeichnung,Ja,150000,EUR,International,Vereinigte Staaten,Keine Angabe,,
O011812,Q110700494,AIME Mineral Economics Award,en,AIME Mineral Economics Award,Webseite,AIME Mineralwirtschafts-Preis,ORAP,"American Institute of Mining, Metallurgical, and Petroleum Engineers",wissenschaftlicher Sektor,US,https://aimehq.org/what-we-do/awards/aime-mineral-economics-award,Forschung,Wissenschaftlicher Preis,Nein,Keine Angabe,Keine Angabe,Einrichtungs- oder organisationsgebunden,International,Nominierung eingeschränkt,1965,
O011822,Q110843607,Prize for a Faculty Member for Research in an Undergraduate Institution,en,Prize for a Faculty Member for Research in an Undergraduate Institution,Webseite,Preis für ein Fakultätsmitglied für Forschung an einer Undergraduate-Institution,ORAP,American Physical Society,wissenschaftlicher Sektor,US,https://www.aps.org/programs/honors/prizes/faculty-undergraduate.cfm,Forschung,Wissenschaftlicher Preis,Nein,5000,USD,International,Vereinigte Staaten,Nominierung offen,1986,
O011824,Q110867703,Stanley Corrsin Award,en,Stanley Corrsin Award,Webseite,Stanley Corrsin-Preis,ORAP,American Physical Society,wissenschaftlicher Sektor,US,https://www.aps.org/programs/honors/prizes/corrsin.cfm,Forschung,Wissenschaftlicher Preis,Nein,5000,USD,Keine Einschränkung,Keine Einschränkung,Nominierung offen,2011,
O011826,Q110867746,George E. Duvall Shock Compression Science Award,en,George E. Duvall Shock Compression Science Award,Webseite,George-E.-Duvall-Preis für Stoßkompressionswissenschaft,ORAP,American Physical Society,wissenschaftlicher Sektor,US,https://www.aps.org/programs/honors/prizes/shock.cfm,Forschung,Wissenschaftlicher Preis,Nein,5000,USD,Keine Einschränkung,Keine Einschränkung,Nominierung offen,1987,
O011827,Q110867751,Excellence in Physics Education Award,en,Excellence in Physics Education Award,Webseite,Preis für hervorragende Leistungen in der Physiklehre,ORAP,American Physical Society,wissenschaftlicher Sektor,US,https://www.aps.org/programs/honors/prizes/education.cfm,Lehre,Wissenschaftlicher Preis,Nein,5000,USD,Keine Einschränkung,Keine Einschränkung,Nominierung offen,2007,
O011828,Q110867754,Stuart Jay Freedman Award in Experimental Nuclear Physics,en,Stuart Jay Freedman Award in Experimental Nuclear Physics,Webseite,Stuart Jay Freedman-Preis für experimentelle Kernphysik,ORAP,American Physical Society,wissenschaftlicher Sektor,US,https://www.aps.org/programs/honors/prizes/freedman.cfm,Forschung,Wissenschaftlicher Preis,Ja,5000,USD,Keine Angabe,Keine Angabe,Nominierung offen,2016,
O011829,Q110867762,Prize for Industrial Applications of Physics,en,Prize for Industrial Applications of Physics,Webseite,Preis für industrielle Anwendungen der Physik,ORAP,American Physical Society,wissenschaftlicher Sektor,US,https://www.aps.org/programs/honors/prizes/industrial.cfm,Transfer,Wissenschaftlicher Preis,Nein,10000,USD,Keine Einschränkung,Keine Einschränkung,Nominierung offen,2007,2017
O011830,Q110867773,Richard A. Isaacson Award in Gravitational-Wave Science,en,Richard A. Isaacson Award in Gravitational-Wave Science,Webseite,Richard A. Isaacson-Preis für Gravitationswellen-Wissenschaft,ORAP,American Physical Society,wissenschaftlicher Sektor,US,https://www.aps.org/funding-recognition/award/isaacson,Forschung,Wissenschaftlicher Preis,Nein,5000,USD,Keine Angabe,Keine Angabe,Nominierung offen,2019,
O011831,Q110867795,Lev D. Landau and Lyman Spitzer Jr. Award for Outstanding Contributions to Plasma Physics,en,Lev D. Landau and Lyman Spitzer Jr. Award for Outstanding Contributions to Plasma Physics,Webseite,Lev D. Landau und Lyman Spitzer Jr.-Preis für herausragende Beiträge zur Plasmaphysik,ORAP,American Physical Society,wissenschaftlicher Sektor,US,https://www.aps.org/funding-recognition/award/landau-spitzer,Forschung,Wissenschaftlicher Preis,Nein,4000,USD,International,Vereinigte Staaten; Europäische Union,Nominierung eingeschränkt,2012,
O011832,Q110867809,Rolf Landauer and Charles H. Bennett Award in Quantum Computing,en,Rolf Landauer and Charles H. Bennett Award in Quantum Computing,Webseite,Rolf Landauer und Charles H. Bennett-Preis für Quanteninformatik,ORAP,American Physical Society,wissenschaftlicher Sektor,US,https://www.aps.org/funding-recognition/award/landauer-bennett,Forschung,Wissenschaftlicher Preis,Ja,5000,USD,Keine Einschränkung,Keine Einschränkung,Nominierung offen,2017,
O011833,Q110867817,Dwight Nicholson Medal for Outreach,en,Dwight Nicholson Medal for Outreach,Webseite,Dwight-Nicholson-Medaille für Öffentlichkeitsarbeit,ORAP,American Physical Society,wissenschaftlicher Sektor,US,https://www.aps.org/programs/honors/prizes/nicholson.cfm,Transfer,Wissenschaftlicher Preis,Nein,3000,USD,Keine Angabe,Keine Angabe,Nominierung offen,1994,
O011834,Q110867836,Irwin Oppenheim Award,en,Irwin Oppenheim Award,Webseite,Irwin Oppenheim-Preis,ORAP,American Physical Society,wissenschaftlicher Sektor,US,https://www.aps.org/funding-recognition/award/irwin-oppenheim,Forschung,Wissenschaftlicher Preis,Ja,5000,USD,Keine Einschränkung,Keine Einschränkung,Eigenbewerbung,2019,
O011836,Q110867870,Early Career Award for Soft Matter Research,en,Early Career Award for Soft Matter Research,Webseite,Early-Career-Preis für Forschung an weicher Materie,ORAP,American Physical Society,wissenschaftlicher Sektor,US,https://www.aps.org/programs/honors/prizes/early-career.cfm,Forschung,Wissenschaftlicher Preis,Ja,5000,USD,Keine Einschränkung,Keine Einschränkung,Nominierung offen,2015,
O011837,Q110867879,Thomas H. Stix Award for Outstanding Early Career Contributions to Plasma Physics Research,en,Thomas H. Stix Award for Outstanding Early Career Contributions to Plasma Physics Research,Webseite,Thomas H. Stix-Preis für herausragende Frühkarriereleistungen in der Plasmaphysik,ORAP,American Physical Society,wissenschaftlicher Sektor,US,https://www.aps.org/programs/honors/prizes/stix.cfm,Forschung,Wissenschaftlicher Preis,Ja,5000,USD,Keine Einschränkung,Keine Einschränkung,Nominierung offen,2014,
O011838,Q110867892,John Wheatley Award,en,John Wheatley Award,Webseite,John Wheatley-Preis,ORAP,American Physical Society,wissenschaftlicher Sektor,US,https://www.aps.org/programs/honors/prizes/wheatley.cfm,Lehre,Wissenschaftlicher Preis,Nein,5000,USD,International,Entwicklungsländer,Nominierung offen,1991,
O011856,Q111305042,Ocean Sciences Early Career Award,en,Ocean Sciences Early Career Award,Webseite,Frühe Karriere-Meereswissenschaften-Preis,ORAP,American Geophysical Union,wissenschaftlicher Sektor,US,https://www.agu.org/honors/os-early-career,Forschung,Wissenschaftlicher Preis,Ja,Keine Angabe,Keine Angabe,Keine Angabe,Keine Angabe,Nominierung offen,2004,
O011858,Q111371282,Ocean Sciences Award,en,Ocean Sciences Award,Webseite,Meereswissenschaften-Preis,ORAP,American Geophysical Union,wissenschaftlicher Sektor,US,https://www.agu.org/honors/os,Forschung,Wissenschaftlicher Preis,Nein,Keine Angabe,Keine Angabe,Keine Angabe,Keine Angabe,Nominierung offen,,
O011863,Q111454013,Wittek Quantum Prize for Open Source Software,en,Wittek Quantum Prize for Open Source Software,Webseite,Wittek-Quantenpreis für Open-Source-Software,ORAP,Quantum Open Source Foundation; Unitary Fund,wissenschaftlicher Sektor; Stiftungen,US; US,https://wittekprize.com,Transfer,Wissenschaftlicher Preis,Nein,4000,USD,Keine Einschränkung,Keine Einschränkung,Eigenbewerbung und Nominierung,2020,
O011881,Q112597621,Psychonomic Society Early Career Award,en,Psychonomic Society Early Career Award,Webseite,Frühe-Karriere-Preis der Psychonomischen Gesellschaft,ORAP,Psychonomic Society,wissenschaftlicher Sektor,US,https://www.psychonomic.org/page/early_career_award,Forschung,Wissenschaftlicher Preis,Ja,2500,USD,Einrichtungs- oder organisationsgebunden,International,Nominierung eingeschränkt,2012,
O011884,Q112815012,G.K. Gilbert Award in Surface Processes,en,G.K. Gilbert Award in Surface Processes,Webseite,G.K.-Gilbert-Preis für Oberflächenprozesse,ORAP,American Geophysical Union,wissenschaftlicher Sektor,US,https://www.agu.org/Honor-and-Recognize/Honors/Section-Awards/GK-Gilbert-Award,Forschung,Wissenschaftlicher Preis,Nein,Keine Angabe,Keine Angabe,Keine Angabe,Keine Angabe,Nominierung offen,2010,
O011890,Q113118223,Rivers Memorial Medal,en,Rivers Memorial Medal,Webseite,Rivers Gedenkmedaille,ORAP,Royal Anthropological Institute,wissenschaftlicher Sektor,GB,https://www.therai.org.uk/awards/honours/rivers-memorial-medal,Forschung,Wissenschaftlicher Preis,Nein,Kein Preisgeld,Kein Preisgeld,International,Großbritannien und Nordirland; Irland,Nominierung eingeschränkt,1924,
O011925,Q114509899,Ernest Scott Prize,en,Ernest Scott Prize,Webseite,Ernest-Scott-Preis,ORAP,University of Melbourne,wissenschaftlicher Sektor,AU,https://scholarships.unimelb.edu.au/awards/ernest-scott-prize,Forschung,Wissenschaftlicher Preis,Nein,15000,AUD,International,Australien; Neuseeland,Nominierung Einrichtung / Gremium,1943,
O011926,Q114560495,ESET Science Award,en,ESET Science Award,Webseite,ESET-Wissenschaftspreis,ORAP,Nadácia ESET,Stiftungen,SK,https://www.esetscienceaward.sk/en,Forschung,Wissenschaftlicher Preis,Nein,100000,EUR,International,Slowakei,Nominierung offen,2019,
O011954,Q115554545,New Zealand Marine Sciences Society Award,en,New Zealand Marine Sciences Society Award,Webseite,Neuseeländischer Meereswissenschaftspreis,ORAP,New Zealand Marine Sciences Society,wissenschaftlicher Sektor,NZ,https://nzmss.org/awards/nzmss-award/,Forschung,Wissenschaftlicher Preis,Nein,Kein Preisgeld,Kein Preisgeld,Keine Angabe,Keine Angabe,Nominierung eingeschränkt,1985,
O011958,Q115676068,Philip L. Quinn Prize,en,Philip L. Quinn Prize,Webseite,Philip L. Quinn-Preis,ORAP,American Philosophical Association,wissenschaftlicher Sektor,US,https://www.apaonline.org/page/quinn,Forschung,Wissenschaftlicher Preis,Nein,2500,USD,Einrichtungs- oder organisationsgebunden,International,Nominierung Einrichtung / Gremium,2007,
O011961,Q115704251,Gladys M. Kammerer Award ,en,Gladys M. Kammerer Award ,Webseite,Gladys-M.-Kammerer-Preis,ORAP,American Political Science Association,wissenschaftlicher Sektor,US,https://apsanet.org/PROGRAMS/APSA-Awards/Gladys-M-Kammerer-Award,Forschung,Wissenschaftlicher Preis,Nein,1000,USD,Keine Einschränkung,Keine Einschränkung,Eigenbewerbung und Nominierung,2004,
O011962,Q115704368,Heinz I. Eulau Award,en,Heinz I. Eulau Award,Webseite,Heinz-I.-Eulau-Preis,ORAP,American Political Science Association,wissenschaftlicher Sektor,US,https://apsanet.org/PROGRAMS/APSA-Awards/Heinz-I-Eulau-Award,Forschung,Wissenschaftlicher Preis,Nein,750,USD,Keine Einschränkung,Keine Einschränkung,Nominierung Einrichtung / Gremium,1988,
O011971,Q115978888,Jacques Parisot Foundation Fellowship,en,Jacques Parisot Foundation Fellowship,Webseite,Jacques Parisot Stiftung-Stipendium,ORAP,World Health Organization,öffentlicher Sektor,CH,https://apps.who.int/gb/awards/e/Parisot.html,Forschung,Wissenschaftliche Auszeichnung,Nein,5000,USD,Keine Einschränkung,Keine Einschränkung,Nominierung Einrichtung / Gremium,1977,2009
O012012,Q116767573,William Cullen Medal,en,William Cullen Medal,Webseite,William Cullen-Medaille,ORAP,Royal College of Physicians of Edinburgh,wissenschaftlicher Sektor,GB,https://www.rcpe.ac.uk/college/cullen-medal-greatest-benefit-practice-medicine,Forschung,Wissenschaftlicher Preis,Nein,Kein Preisgeld,Kein Preisgeld,Einrichtungs- oder organisationsgebunden,International,Nominierung eingeschränkt,2004,
O012014,Q116814086,Ralph B. Peck Award,en,Ralph B. Peck Award,Webseite,Ralph B. Peck-Preis,ORAP,American Society of Civil Engineers,Sonstige,US,https://www.asce.org/career-growth/awards-and-honors/ralph-b-peck-award,Forschung,Wissenschaftlicher Preis,Nein,Keine Angabe,Keine Angabe,Keine Einschränkung,Keine Einschränkung,Nominierung Einrichtung / Gremium,1999,
O012024,Q117101685,Frederick G. Kilgour Award for Research in Library and Information Technology,en,Frederick G. Kilgour Award for Research in Library and Information Technology,Webseite,Frederick-G.-Kilgour-Preis für Forschung in Bibliotheks- und Informationstechnologie,ORAP,Online Computer Library Center; Library and Information Technology Association,wissenschaftlicher Sektor; wissenschaftlicher Sektor,US; US,https://www.oclc.org/research/kilgouraward.html,Forschung,Wissenschaftlicher Preis,Nein,2000,USD,International,Vereinigte Staaten,Nominierung eingeschränkt,1998,
O012029,Q117359708,Abarbanel Prize,en,Abarbanel Prize,Webseite,Abarbanel-Preis,ORAP,Israel Mathematical Union,wissenschaftlicher Sektor,IL,https://www.imu.org.il/abarbanel-prize,Forschung,Wissenschaftlicher Preis,Ja,Keine Angabe,Keine Angabe,International,Israel,Keine Angabe,2018,
O012040,Q117838636,Mildred Dresselhaus Prize in Nanoscience and Nanomaterials,en,Mildred Dresselhaus Prize in Nanoscience and Nanomaterials,Webseite,Mildred Dresselhaus-Preis für Nanowissenschaften und Nanomaterialien,ORAP,American Physical Society,wissenschaftlicher Sektor,US,https://www.aps.org/programs/honors/prizes/dresselhaus.cfm,Forschung,Wissenschaftlicher Preis,Nein,10000,USD,Keine Einschränkung,Keine Einschränkung,Nominierung offen,2023,
O012041,Q117838875,Neil Ashcroft Early Career Award for Studies of Matter at Extreme High Pressure Conditions,en,Neil Ashcroft Early Career Award for Studies of Matter at Extreme High Pressure Conditions,Webseite,Neil Ashcroft Frühkarrierepreis für Studien von Materie unter extrem hohem Druck,ORAP,American Physical Society,wissenschaftlicher Sektor,US,https://www.aps.org/programs/honors/prizes/ashcroft.cfm,Forschung,Wissenschaftlicher Preis,Ja,5000,USD,Keine Einschränkung,Keine Einschränkung,Nominierung offen,2023,
O012043,Q117865525,Edward A. Flinn III Award,en,Edward A. Flinn III Award,Webseite,Edward-A.-Flinn-III-Preis,ORAP,American Geophysical Union,wissenschaftlicher Sektor,US,https://www.agu.org/honors/flinn,Forschung,Wissenschaftlicher Preis,Nein,Keine Angabe,Keine Angabe,Einrichtungs- oder organisationsgebunden,International,Eigenbewerbung und Nominierung,1991,
O012055,Q118367815,Nina Schooler Early Career Research Award,en,Nina Schooler Early Career Research Award,Webseite,Nina Schooler Frühe Karriere-Forschungspreis,ORAP,American Society of Clinical Psychopharmacology,wissenschaftlicher Sektor,US,https://ascpp.org/nina-schooler-award/,Forschung,Wissenschaftlicher Preis,Ja,7500,USD,Einrichtungs- oder organisationsgebunden,International,Eigenbewerbung,2017,
O012141,Q14324534,Louis-Jeantet Prize,en,Louis-Jeantet Prize,Webseite,Louis-Jeantet-Preis,ORAP,Fondation Louis-Jeantet,Stiftungen,CH,https://www.jeantet.ch/en/prizes-louis-jeantet/prizes-presentation/,Forschung,Wissenschaftlicher Preis,Nein,500000,CHF,International,Europa,Nominierung eingeschränkt,1986,
O012156,Q15995236,Kavli Medal and Lecture,en,Kavli Medal and Lecture,Webseite,Kavli Medaille und Vortrag,ORAP,Royal Society,wissenschaftlicher Sektor,GB,https://royalsociety.org/grants-schemes-awards/awards/kavli-medal-lecture/,Forschung,Wissenschaftlicher Preis,Ja,1000,GBP,International,Großbritannien und Nordirland; Irland; Commonwealth,Nominierung offen,2011,
O012166,Q16335182,ISCB Senior Scientist Award,en,ISCB Senior Scientist Award,Webseite,ISCB-Preis für herausragende Wissenschaftler/-innen,ORAP,International Society for Computational Biology,wissenschaftlicher Sektor,US,https://www.iscb.org/iscb-awards/accomplishment-senior-scientist-award,Forschung,Wissenschaftlicher Preis,Nein,Keine Angabe,Keine Angabe,Keine Angabe,Keine Angabe,Keine Angabe,2003,
O012195,Q17051028,John K. Fairbank Prize,en,John K. Fairbank Prize,Webseite,John K. Fairbank-Preis,ORAP,American Historical Association,wissenschaftlicher Sektor,US,https://www.historians.org/award-grant/john-k-fairbank-prize/,Forschung,Wissenschaftlicher Preis,Nein,1000,USD,Keine Angabe,Keine Angabe,Eigenbewerbung und Nominierung,1969,
O012207,Q17112655,APA Award for Distinguished Scientific Contributions,en,APA Award for Distinguished Scientific Contributions,Webseite,APA-Preis für herausragende wissenschaftliche Beiträge,ORAP,American Psychological Association,wissenschaftlicher Sektor,US,https://www.apa.org/about/awards/scientific-contributions?tab=3,Forschung,Wissenschaftlicher Preis,Nein,Keine Angabe,Keine Angabe,Keine Angabe,Keine Angabe,Nominierung offen,1956,
O012220,Q17145750,Redi Award,en,Redi Award,Webseite,Redi-Preis,ORAP,International Society on Toxinology,wissenschaftlicher Sektor,US,https://www.toxinology.org/redi-award/,Forschung,Wissenschaftlicher Preis,Nein,Keine Angabe,Keine Angabe,Keine Angabe,Keine Angabe,Nominierung Einrichtung / Gremium,1967,
O012278,Q18560150,De Gennes Prize,en,De Gennes Prize,Webseite,De-Gennes-Preis,ORAP,Royal Society of Chemistry,wissenschaftlicher Sektor,GB,https://www.rsc.org/prizes-funding/prizes/find-a-prize/materials-chemistry-division-open-award-de-gennes-prize/,Forschung,Wissenschaftlicher Preis,Nein,3000,GBP,Keine Einschränkung,Keine Einschränkung,Nominierung eingeschränkt,2008,
O012289,Q18560166,Interdisciplinary Prize,en,Interdisciplinary Prize,Webseite,Interdisziplinaritäts-Preis,ORAP,Royal Society of Chemistry,wissenschaftlicher Sektor,GB,https://www.rsc.org/prizes-funding/prizes/find-a-prize/interdisciplinary-prizes/,Forschung,Wissenschaftlicher Preis,Nein,5000,GBP,International,Großbritannien und Nordirland; Irland,Nominierung eingeschränkt,1986,
O012440,Q20826410,Frank Nelson Cole Prize in Number Theory,en,Frank Nelson Cole Prize in Number Theory,Webseite,Frank-Nelson-Cole-Preis in Zahlentheorie,ORAP,American Mathematical Society,wissenschaftlicher Sektor,US,https://www.ams.org/prizes-awards/paview.cgi?parent_id=15,Forschung,Wissenschaftlicher Preis,Nein,5000,USD,Keine Angabe,Keine Angabe,Nominierung offen,1931,
O012468,Q21899342,Vestermark Psychiatry Educator Award,en,Vestermark Psychiatry Educator Award,Webseite,Vestermark-Psychiatrie-Dozenten-Preis,ORAP,American Psychiatric Association,wissenschaftlicher Sektor,US,https://www.psychiatry.org/psychiatrists/awards-leadership-opportunities/awards/vestermark-psychiatry-educator-award,Lehre,Wissenschaftlicher Preis,Nein,Keine Angabe,Keine Angabe,Einrichtungs- oder organisationsgebunden,International,Nominierung offen,1969,
O012473,Q22000029,Back Award,en,Back Award,Webseite,Back-Preis,ORAP,Royal Geographical Society,wissenschaftlicher Sektor,GB,https://www.rgs.org/about-us/our-work/medals-awards-and-prizes/society-medals-and-awards,Transfer,Wissenschaftlicher Preis,Nein,Keine Angabe,Keine Angabe,Keine Einschränkung,Keine Einschränkung,Nominierung eingeschränkt,1882,
O012478,Q22074510,Leo Strauss Award,en,Leo Strauss Award,Webseite,Leo Strauss-Preis,ORAP,American Political Science Association,wissenschaftlicher Sektor,US,https://apsanet.org/PROGRAMS/APSA-Awards/Leo-Strauss-Award,Forschung,Wissenschaftlicher Preis,Ja,750,USD,Keine Einschränkung,Keine Einschränkung,Eigenbewerbung und Nominierung,2001,
O012480,Q22117474,Huxley Memorial Medal and Lecture,en,Huxley Memorial Medal and Lecture,Webseite,Huxley-Gedenkmedaille und -Vorlesung,ORAP,Royal Anthropological Institute,wissenschaftlicher Sektor,GB,https://www.therai.org.uk/awards/honours/huxley-memorial-medal-and-lecture,Forschung,Wissenschaftliche Auszeichnung,Nein,Kein Preisgeld,Kein Preisgeld,Keine Einschränkung,Keine Einschränkung,Nominierung Einrichtung / Gremium,1900,
O012481,Q22138529,Carl Rogers Award,en,Carl Rogers Award,Webseite,Carl-Rogers-Preis,ORAP,American Psychological Association,wissenschaftlicher Sektor,US,http://www.apadivisions.org/division-32/awards/carl-rogers.aspx,Forschung,Wissenschaftlicher Preis,Nein,Keine Angabe,Keine Angabe,Keine Angabe,Keine Angabe,Nominierung eingeschränkt,1999,
O012498,Q23009443,Rhoda and Bernard Sarnat International Prize in Mental Health,en,Rhoda and Bernard Sarnat International Prize in Mental Health,Webseite,Rhoda und Bernard Sarnat Internationaler Preis für psychische Gesundheit,ORAP,National Academy of Medicine,wissenschaftlicher Sektor,US,http://nam.edu/about-the-nam/the-rhoda-and-bernard-sarnat-international-prize-in-mental-health/,Forschung,Wissenschaftlicher Preis,Nein,20000,USD,Keine Einschränkung,Keine Einschränkung,Nominierung offen,1992,
O012502,Q23023629,James Cook Medal,en,James Cook Medal,Webseite,James Cook Medaille,ORAP,Royal Society of New South Wales,wissenschaftlicher Sektor,AU,https://www.royalsoc.org.au/awards/career-excellence-medals/james-cook-medal/,Forschung,Wissenschaftlicher Preis,Nein,Kein Preisgeld,Kein Preisgeld,International,Australien | New South Wales,Keine Angabe,1947,
O012517,Q23579537,Charles Fleming Award for Environmental Achievement,en,Charles Fleming Award for Environmental Achievement,Webseite,Charles-Fleming-Preis für Umweltschutz,ORAP,Royal Society of New Zealand Te Apārangi,wissenschaftlicher Sektor,NZ,https://www.royalsociety.org.nz/what-we-do/medals-and-awards/charles-fleming-award-for-environmental-achievement,Forschung,Wissenschaftliche Auszeichnung,Nein,2000,NZD,International,Neuseeland,Nominierung offen,1989,
O012528,Q23753172,Stefan Bergman Prize,en,Stefan Bergman Prize,Webseite,Stefan Bergman-Preis,ORAP,American Mathematical Society,wissenschaftlicher Sektor,US,https://www.ams.org/prizes-awards/paview.cgi?parent_id=36,Forschung,Wissenschaftlicher Preis,Nein,Keine Angabe,Keine Angabe,Keine Angabe,Keine Angabe,Keine Angabe,1989,2020
O012532,Q23955438,Blanche F. Ittleson Award,en,Blanche F. Ittleson Award,Webseite,Blanche-F.-Ittleson-Preis,ORAP,American Psychiatric Association,wissenschaftlicher Sektor,US,https://www.psychiatry.org/psychiatrists/awards-leadership-opportunities/awards/ittleson-award,Forschung,Wissenschaftlicher Preis,Ja,2000,USD,Keine Angabe,Keine Angabe,Eigenbewerbung,1976,
O012541,Q24534543,APA Award for Outstanding Lifetime Contributions to Psychology,en,APA Award for Outstanding Lifetime Contributions to Psychology,Webseite,APA-Preis für herausragende Lebensleistungen in der Psychologie,ORAP,American Psychological Association,wissenschaftlicher Sektor,US,http://www.apa.org/about/governance/president/outstanding.aspx,Forschung,Wissenschaftlicher Preis,Nein,Keine Angabe,Keine Angabe,Keine Angabe,Keine Angabe,Nominierung Einrichtung / Gremium,1990,
O012542,Q2460270,Bicentenary Medal,en,Bicentenary Medal,Webseite,Bicentennial-Medaille,ORAP,Linnean Society of London,wissenschaftlicher Sektor,GB,https://www.linnean.org/the-society/medals-awards-prizes-grants/the-bicentenary-medal,Forschung,Wissenschaftlicher Preis,Ja,Keine Angabe,Keine Angabe,Keine Einschränkung,Keine Einschränkung,Nominierung eingeschränkt,1978,
O012543,Q24816710,Outstanding International Psychologist Awards,en,Outstanding International Psychologist Awards,Webseite,Herausragender internationaler Psychologenpreis,ORAP,American Psychological Association,wissenschaftlicher Sektor,US,http://www.apa.org/about/awards/div-52-interpsyc.aspx?tab=3,Forschung,Wissenschaftlicher Preis,Nein,Keine Angabe,Keine Angabe,International,Vereinigte Staaten; außerhalb der Vereinigten Staaten,Nominierung eingeschränkt,1998,
O012553,Q24955922,Simon Memorial Prize,en,Simon Memorial Prize,Webseite,Simon Gedenkpreis,ORAP,Institute of Physics,wissenschaftlicher Sektor,GB,https://www.iop.org/physics-community/special-interest-groups/low-temperature-group/simon-memorial-prize#gref,Forschung,Wissenschaftlicher Preis,Nein,Keine Angabe,Keine Angabe,Keine Einschränkung,Keine Einschränkung,Keine Angabe,1959,
O012558,Q25066781,Dr. Hendrik Muller Prize,en,Dr. Hendrik Muller Prize,Webseite,Dr.-Hendrik-Muller-Preis,ORAP,Koninklijke Nederlandse Akademie van Wetenschappen,wissenschaftlicher Sektor,NL,https://www.knaw.nl/en/funds-and-prizes/dr-hendrik-muller-prize,Forschung,Wissenschaftliche Auszeichnung,Ja,25000,EUR,International,Niederlande,Nominierung eingeschränkt,1991,
O012562,Q25110425,C.E.K. Mees Medal,en,C.E.K. Mees Medal,Webseite,C.E.K.-Mees-Medaille,ORAP,Optica,wissenschaftlicher Sektor,US,https://www.osa.org/en-us/awards_and_grants/awards/award_description/meesmedal/,Forschung,Wissenschaftlicher Preis,Nein,Kein Preisgeld,Kein Preisgeld,Keine Einschränkung,Keine Einschränkung,Nominierung eingeschränkt,1962,
O012563,Q25111154,Space Flight Award,en,Space Flight Award,Webseite,Raumfahrt-Preis,ORAP,American Astronautical Society,wissenschaftlicher Sektor,US,https://astronautical.org/awards/space-flight/,Forschung,Wissenschaftlicher Preis,Nein,Keine Angabe,Keine Angabe,Keine Einschränkung,Keine Einschränkung,Nominierung offen,1955,
O012598,Q2654823,Charles P. Daly Medal,en,Charles P. Daly Medal,Webseite,Charles-P.-Daly-Medaille,ORAP,American Geographical Society,wissenschaftlicher Sektor,US,https://americangeo.org/honors/medals-and-awards/charles-p-daly-medal/,Forschung,Wissenschaftlicher Preis,Nein,Keine Angabe,Keine Angabe,Keine Angabe,Keine Angabe,Keine Angabe,1902,
O012600,Q26837543,Talent Prize,en,Talent Prize,Webseite,Talent-Preis,ORAP,Lundbeckfonden ,wissenschaftlicher Sektor,DK,https://lundbeckfonden.com/uddelinger-priser/ansoegere/apply-grants/talent-prize,Forschung,Wissenschaftlicher Preis,Ja,300000,DKK,International,Dänemark,Nominierung eingeschränkt,2020,
O012608,Q27491343,Adam Yarmolinsky Medal,en,Adam Yarmolinsky Medal,Webseite,Adam-Yarmolinsky-Medaille,ORAP,National Academy of Medicine,wissenschaftlicher Sektor,US,https://nam.edu/adam-yarmolinsky-medal/,Sonstiges,Wissenschaftliche Auszeichnung,Nein,Keine Angabe,Keine Angabe,Einrichtungs- oder organisationsgebunden,Vereinigte Staaten,Nominierung Einrichtung / Gremium,2000,
O012609,Q27491365,Walsh McDermott Medal,en,Walsh McDermott Medal,Webseite,Walsh McDermott-Medaille,ORAP,National Academy of Medicine,wissenschaftlicher Sektor,US,https://nam.edu/walsh-mcdermott-medal/,Sonstiges,Wissenschaftliche Auszeichnung,Nein,Keine Angabe,Keine Angabe,Einrichtungs- oder organisationsgebunden,Keine Angabe,Keine Angabe,2000,
O012613,Q27888577,John Maddox prize,en,John Maddox prize,Webseite,John Maddox-Preis,ORAP,Nature; Sense About Science,wissenschaftlicher Sektor; wissenschaftlicher Sektor,GB; GB,https://senseaboutscience.org/activities/the-john-maddox-prize/,Transfer,Wissenschaftlicher Preis,Nein,Keine Angabe,Keine Angabe,Keine Einschränkung,Keine Einschränkung,Eigenbewerbung und Nominierung,2012,
O012623,Q28402617,ACS Award for Encouraging Underrepresented and Economically Disadvantaged Students into Careers in the Chemical Sciences,en,ACS Award for Encouraging Underrepresented and Economically Disadvantaged Students into Careers in the Chemical Sciences,Webseite,ACS-Preis für die Ermutigung unterrepräsentierter und wirtschaftlich benachteiligter Student/-innen zu einer Karriere in den chemischen Wissenschaften,ORAP,American Chemical Society,wissenschaftlicher Sektor,US,https://www.acs.org/funding/awards/acs-award-for-encouraging-disadvantaged-students-into-careers-in-the-chemical-sciences.html,Lehre,Wissenschaftlicher Preis,Nein,5000,USD,International,Vereinigte Staaten,Nominierung offen,1993,
O012632,Q28448347,Paolo Farinella Prize,en,Paolo Farinella Prize,Webseite,Paolo Farinella-Preis,ORAP,Europlanet Society,wissenschaftlicher Sektor,GB,https://www.europlanet-society.org/paolo-farinella-prize/,Forschung,Wissenschaftlicher Preis,Ja,Keine Angabe,Keine Angabe,Keine Einschränkung,Keine Einschränkung,Nominierung offen,2011,
O012633,Q28454821,J. Russell Major Prize,en,J. Russell Major Prize,Webseite,J. Russell Major-Preis,ORAP,American Historical Association,wissenschaftlicher Sektor,US,https://www.historians.org/award-grant/j-russell-major-prize/,Forschung,Wissenschaftlicher Preis,Nein,1000,USD,Keine Einschränkung,Keine Einschränkung,Eigenbewerbung und Nominierung,2000,
O012634,Q28454824,George L. Mosse Prize,en,George L. Mosse Prize,Webseite,George-L.-Mosse-Preis,ORAP,American Historical Association,wissenschaftlicher Sektor,US,https://www.historians.org/award-grant/george-l-mosse-prize/,Forschung,Wissenschaftlicher Preis,Nein,1000,USD,Keine Angabe,Keine Angabe,Eigenbewerbung und Nominierung,2000,
O012653,Q2887042,Andrew Gemant Award,en,Andrew Gemant Award,Webseite,Andrew-Gemant-Preis,ORAP,American Institute of Physics,wissenschaftlicher Sektor,US,https://www.aip.org/aip/awards/gemant-award,Transfer,Wissenschaftlicher Preis,Nein,5000,USD,Keine Angabe,Keine Angabe,Nominierung offen,1987,
O012657,Q28950181,William W. Grimes Award for Excellence in Chemical Engineering,en,William W. Grimes Award for Excellence in Chemical Engineering,Webseite,William W. Grimes-Preis für Exzellenz in Chemieingenieurwesen,ORAP,American Institute of Chemical Engineers,wissenschaftlicher Sektor,US,https://www.aiche.org/community/awards/minority-affairs-committees-william-w-grimes-award-excellence-chemical-engineering,Sonstiges,Wissenschaftlicher Preis,Nein,1000,USD,Keine Angabe,Keine Angabe,Nominierung eingeschränkt,1995,
O012685,Q29809658,Talcott Parsons Prize,en,Talcott Parsons Prize,Webseite,Talcott Parsons-Preis,ORAP,American Academy of Arts and Sciences,wissenschaftlicher Sektor,US,https://www.amacad.org/about/prizes/talcott-parsons,Forschung,Wissenschaftlicher Preis,Nein,Keine Angabe,Keine Angabe,Keine Angabe,Keine Angabe,Keine Angabe,1974,
O012702,Q30177471,Gujar Mal Modi Award for Science & Technology,en,Gujar Mal Modi Award for Science & Technology,Webseite,Gujar-Mal-Modi-Preis für Wissenschaft & Technologie,ORAP,G. M. Modi Foundation,Stiftungen,IN,http://www.iifaindia.org/award_gmma.html,Forschung,Wissenschaftlicher Preis,Nein,Keine Angabe,Keine Angabe,Keine Angabe,Keine Angabe,Keine Angabe,1988,
O012765,Q3332201,Flavelle Medal,en,Flavelle Medal,Webseite,Flavelle-Medaille,ORAP,Royal Society of Canada,wissenschaftlicher Sektor,CA,https://rsc-src.ca/en/awards-excellence/rsc-awards#Bancroft,Forschung,Wissenschaftlicher Preis,Nein,Kein Preisgeld,Kein Preisgeld,International,Kanada,Nominierung offen,1924,
O012767,Q3332228,Pius XI Medal,en,Pius XI Medal,Webseite,Pius XI-Medaille,ORAP,Pontifical Academy of Sciences,wissenschaftlicher Sektor,VA,https://www.pas.va/en/about/pius-xi-medal.html,Forschung,Wissenschaftlicher Preis,Ja,Kein Preisgeld,Kein Preisgeld,Keine Einschränkung,Keine Einschränkung,Nominierung eingeschränkt,1938,
O012770,Q3332244,William Smith Medal,en,William Smith Medal,Webseite,William Smith-Medaille,ORAP,Geological Society of London,wissenschaftlicher Sektor,GB,https://www.geolsoc.org.uk/About/awards-grants-and-bursaries/society-awards/william-smith-medal,Forschung,Wissenschaftlicher Preis,Nein,Keine Angabe,Keine Angabe,Keine Angabe,Keine Angabe,Keine Angabe,1977,
O012785,Q3404381,Avicenna Prize for Ethics in Science,en,Avicenna Prize for Ethics in Science,Webseite,Avicenna-Preis für Ethik in der Wissenschaft,ORAP,UNESCO,öffentlicher Sektor,FR,https://www.unesco.org/en/prizes/avicenna-prize-science-ethics,Transfer,Wissenschaftlicher Preis,Nein,50000,USD,Keine Einschränkung,Keine Einschränkung,Nominierung Einrichtung / Gremium,2004,
O012820,Q34163793,Young Investigator Prize,en,Young Investigator Prize,Webseite,Preis für junge Forschende,ORAP,Lundbeckfonden ,wissenschaftlicher Sektor,DK,https://lundbeckfonden.com/uddelinger-priser/har-vi-stoettet/young-investigator-prize,Forschung,Wissenschaftlicher Preis,Ja,1000000,DKK,International,Dänemark,Nominierung Einrichtung / Gremium,2001,
O012829,Q35294856,Distinguished Mycologist Award,en,Distinguished Mycologist Award,Webseite,Preis für herausragende Mykologen,ORAP,Mycological Society of America,wissenschaftlicher Sektor,US,https://msafungi.org/distinguished-mycologist-award/,Forschung,Wissenschaftlicher Preis,Nein,Keine Angabe,Keine Angabe,Einrichtungs- oder organisationsgebunden,International,Nominierung eingeschränkt,1981,
O012849,Q3910497,E. Bright Wilson Award in Spectroscopy,en,E. Bright Wilson Award in Spectroscopy,Webseite,E.-Bright-Wilson-Preis für Spektroskopie,ORAP,American Chemical Society,wissenschaftlicher Sektor,US,https://www.acs.org/funding/awards/e-bright-wilson-award-in-spectroscopy.html,Forschung,Wissenschaftlicher Preis,Nein,5000,USD,Keine Angabe,Keine Angabe,Nominierung offen,1994,
O012859,Q41530292,Kurt Gödel Research Prize,en,Kurt Gödel Research Prize,Webseite,Kurt Gödel-Forschungspreis,ORAP,Kurt-Gödel-Gesellschaft,wissenschaftlicher Sektor,AT,https://fellowship.logic.at/,Forschung,Wissenschaftlicher Preis,Ja,100000,EUR,Keine Einschränkung,Keine Einschränkung,Eigenbewerbung,2014,
O012874,Q42417362,Edgar D. Tillyer Award,en,Edgar D. Tillyer Award,Webseite,Edgar-D.-Tillyer-Preis,ORAP,Optica,wissenschaftlicher Sektor,US,https://www.osa.org/en-us/awards_and_grants/awards/award_description/edgartillyer/,Forschung,Wissenschaftlicher Preis,Nein,Keine Angabe,Keine Angabe,Keine Einschränkung,Keine Einschränkung,Nominierung eingeschränkt,1954,
O012883,Q4287199,Tyndall Medal,en,Tyndall Medal,Webseite,Tyndall-Medaille,ORAP,Institute of Acoustics,wissenschaftlicher Sektor,GB,https://www.ioa.org.uk/about-us/awards,Forschung,Wissenschaftlicher Preis,Ja,Keine Angabe,Keine Angabe,International,Großbritannien und Nordirland,Nominierung offen,1975,
O012886,Q43080239,Nick Holonyak Jr. Award,en,Nick Holonyak Jr. Award,Webseite,Nick Holonyak Jr.-Preis,ORAP,Optica,wissenschaftlicher Sektor,US,https://www.osa.org/en-us/awards_and_grants/awards/award_description/nickholonyak/,Forschung,Wissenschaftlicher Preis,Nein,Keine Angabe,Keine Angabe,Keine Einschränkung,Keine Einschränkung,Nominierung offen,1998,
O012941,Q4649717,AAAS Award for Scientific Freedom and Responsibility,en,AAAS Award for Scientific Freedom and Responsibility,Webseite,AAAS-Preis für wissenschaftliche Freiheit und Verantwortung,ORAP,American Association for the Advancement of Science,wissenschaftlicher Sektor,US,https://www.aaas.org/page/aaas-award-scientific-freedom-and-responsibility,Sonstiges,Wissenschaftlicher Preis,Nein,5000,USD,Keine Einschränkung,Keine Einschränkung,Eigenbewerbung und Nominierung,1980,
O012947,Q4655139,Etta Zuber Falconer Lecture,en,Etta Zuber Falconer Lecture,Webseite,Etta-Zuber-Falconer-Vorlesung,ORAP,Association for Women in Mathematics; Mathematical Association of America,wissenschaftlicher Sektor; wissenschaftlicher Sektor,US; US,https://awm-math.org/awards/falconer-lectures/,Lehre,Wissenschaftliche Auszeichnung,Nein,1000,USD,Keine Einschränkung,Keine Einschränkung,Eigenbewerbung und Nominierung,1996,
O012973,Q47507798,Darwin Medal,en,Darwin Medal,Webseite,Darwin-Medaille,ORAP,International Coral Reef Society,wissenschaftlicher Sektor,AU,http://coralreefs.org/society-awards-and-grants/darwin-medal/,Forschung,Wissenschaftlicher Preis,Nein,Keine Angabe,Keine Angabe,Einrichtungs- oder organisationsgebunden,International,Nominierung eingeschränkt,1988,
O012974,Q47509089,AAAS Kavli Science Journalism Awards,en,AAAS Kavli Science Journalism Awards,Webseite,AAAS Kavli Wissenschaftsjournalismus-Preis,ORAP,American Association for the Advancement of Science,wissenschaftlicher Sektor,US,https://sjawards.aaas.org/,Transfer,Wissenschaftlicher Preis,Nein,5000,USD,Keine Angabe,Keine Angabe,Eigenbewerbung,1945,
O012982,Q4787713,Arctowski Medal,en,Arctowski Medal,Webseite,Arctowski-Medaille,ORAP,National Academy of Sciences,wissenschaftlicher Sektor,US,https://www.nasonline.org/award/arctowski-medal/,Forschung,Wissenschaftlicher Preis,Nein,200000,USD,Keine Angabe,Keine Angabe,Nominierung offen,1969,
O012987,Q4813188,Clarke Prize,en,Clarke Prize,Webseite,Clarke-Preis,ORAP,National Water Research Institute,wissenschaftlicher Sektor,US,https://www.nwri-usa.org/clarke-prize,Forschung,Wissenschaftlicher Preis,Nein,50000,USD,International,Vereinigte Staaten,Nominierung offen,1994,
O013016,Q48977503,Charles Lathrop Parsons Award,en,Charles Lathrop Parsons Award,Webseite,Charles-Lathrop-Parsons-Preis,ORAP,American Chemical Society,wissenschaftlicher Sektor,US,https://www.acs.org/funding/awards/charles-lathrop-parsons-award.html,Sonstiges,Wissenschaftlicher Preis,Nein,5000,USD,Einrichtungs- oder organisationsgebunden,International,Nominierung offen,1952,
O013018,Q48998257,David Rall Medal,en,David Rall Medal,Webseite,David-Rall-Medaille,ORAP,National Academy of Medicine,wissenschaftlicher Sektor,US,https://nam.edu/david-rall-medal/,Sonstiges,Wissenschaftliche Auszeichnung,Nein,Keine Angabe,Keine Angabe,Einrichtungs- oder organisationsgebunden,"Vereinigte Staaten | District of Columbia | Washington, D.C.",Nominierung Einrichtung / Gremium,2000,
O013025,Q4978617,Brudner Prize,en,Brudner Prize,Webseite,Brudner-Preis,ORAP,Yale University,wissenschaftlicher Sektor,US,https://lgbts.yale.edu/brudner,Sonstiges,Wissenschaftlicher Preis,Nein,10000,USD,Keine Angabe,Keine Angabe,Keine Angabe,2000,
O013034,Q50308746,Julius Friedenwald Medal,en,Julius Friedenwald Medal,Webseite,Julius Friedenwald Medaille,ORAP,American Gastroenterological Association,wissenschaftlicher Sektor,US,http://www.gastro.org/about/awards/julius-friedenwald-medal,Forschung,Wissenschaftliche Auszeichnung,Nein,5000,USD,Einrichtungs- oder organisationsgebunden,International,Nominierung eingeschränkt,1941,
O013107,Q5080062,Freer Medal,en,Freer Medal,Webseite,Freer-Medaille,ORAP,Smithsonian National Museum of Asian Art,wissenschaftlicher Sektor,US,https://asia.si.edu/research/awards-prizes/the-freer-medal/,Forschung,Wissenschaftliche Auszeichnung,Nein,Kein Preisgeld,Kein Preisgeld,Keine Angabe,Keine Angabe,Keine Angabe,1956,
O013124,Q5230623,David Adler Lectureship Award in the Field of Materials Physics,en,David Adler Lectureship Award in the Field of Materials Physics,Webseite,David-Adler-Vorlesungspreis für Materialphysik,ORAP,American Physical Society,wissenschaftlicher Sektor,US,https://www.aps.org/programs/honors/prizes/adler.cfm,Forschung,Wissenschaftlicher Preis,Nein,5000,USD,Keine Einschränkung,Keine Einschränkung,Nominierung offen,1988,
O013143,Q5294965,Donald P. Eckman Award,en,Donald P. Eckman Award,Webseite,Donald P. Eckman-Preis,ORAP,American Automatic Control Council,wissenschaftlicher Sektor,US,https://a2c2.org/award/donald-p-eckman-award,Forschung,Wissenschaftlicher Preis,Ja,Keine Angabe,Keine Angabe,Keine Einschränkung,Keine Einschränkung,Nominierung offen,1964,
O013147,Q5322683,ECI Prize,en,ECI Prize,Webseite,ECI-Preis,ORAP,International Ecology Institute,wissenschaftlicher Sektor,DE,https://www.int-res.com/about-us/international-ecology-institute-eci/eci-prize,Forschung,Wissenschaftlicher Preis,Nein,6000,EUR,Keine Einschränkung,Keine Einschränkung,Nominierung offen,1986,
O013155,Q5365969,Ellis R. Lippincott Award,en,Ellis R. Lippincott Award,Webseite,Ellis-R.-Lippincott-Preis,ORAP,Optica; Coblentz Society; Society for Applied Spectroscopy,wissenschaftlicher Sektor; wissenschaftlicher Sektor; wissenschaftlicher Sektor,US; US; US,https://www.optica.org/en-us/get_involved/awards_and_honors/awards/award_descriptions/ellislippincott/,Forschung,Wissenschaftlicher Preis,Nein,Keine Angabe,Keine Angabe,Keine Einschränkung,Keine Einschränkung,Nominierung eingeschränkt,1976,
O013161,Q5423786,F.W. Clarke Award,en,F.W. Clarke Award,Webseite,F.W.-Clarke-Preis,ORAP,Geochemical Society,wissenschaftlicher Sektor,US,https://geochemsoc.org/honors/society-awards/fw-clarke-award,Forschung,Wissenschaftlicher Preis,Ja,750,USD,Keine Einschränkung,Keine Einschränkung,Nominierung offen,1972,
O013182,Q5512304,G. K. Warren Prize,en,G. K. Warren Prize,Webseite,G.K.-Warren-Preis,ORAP,National Academy of Sciences,wissenschaftlicher Sektor,US,https://www.nasonline.org/award/g-k-warren-prize/,Forschung,Wissenschaftlicher Preis,Nein,20000,USD,Keine Angabe,Keine Angabe,Keine Angabe,1969,
O013201,Q5537170,Box Medal for Outstanding Contributions to Industrial Statistics,en,Box Medal for Outstanding Contributions to Industrial Statistics,Webseite,Box-Medaille für herausragende Beiträge zur industriellen Statistik,ORAP,European Network for Business and Industry Statistics,Sonstige,BE,https://enbis.org/awards/george_box_medal/,Transfer,Wissenschaftlicher Preis,Nein,Kein Preisgeld,Kein Preisgeld,International,Europa,Nominierung eingeschränkt,2003,
O013212,Q55615329,Joseph F. Keithley Award For Advances in Measurement Science,en,Joseph F. Keithley Award For Advances in Measurement Science,Webseite,Joseph F. Keithley-Preis für Fortschritte in der Messtechnik,ORAP,American Physical Society,wissenschaftlicher Sektor,US,https://www.aps.org/programs/honors/prizes/keithley.cfm,Forschung,Wissenschaftlicher Preis,Nein,5000,USD,Keine Einschränkung,Keine Einschränkung,Nominierung offen,1998,
O013220,Q55964762,Richard Burton Memorial Medal,en,Richard Burton Memorial Medal,Webseite,Richard Burton Gedenkmedaille,ORAP,Royal Asiatic Society,wissenschaftlicher Sektor,GB,https://royalasiaticsociety.org/awards-prizes-visiting-fellowships/,Forschung,Wissenschaftliche Auszeichnung,Nein,Kein Preisgeld,Kein Preisgeld,Keine Angabe,Keine Angabe,Nominierung Einrichtung / Gremium,1923,
O013221,Q56016343,Cuthbert Peek Award,en,Cuthbert Peek Award,Webseite,Cuthbert-Peek-Preis,ORAP,Royal Geographical Society,wissenschaftlicher Sektor,GB,https://www.rgs.org/about-us/our-work/medals-awards-and-prizes/society-medals-and-awards,Forschung,Wissenschaftlicher Preis,Nein,Keine Angabe,Keine Angabe,Keine Angabe,Keine Angabe,Nominierung eingeschränkt,1832,
O013243,Q56233176,Award for Distinguished Contributions to Psychophysiology,en,Award for Distinguished Contributions to Psychophysiology,Webseite,Preis für herausragende Beiträge zur Psychophysiologie,ORAP,Society for Psychophysiological Research,wissenschaftlicher Sektor,US,https://sprweb.org/dca_papers/,Forschung,Wissenschaftlicher Preis,Nein,Keine Angabe,Keine Angabe,Keine Angabe,Keine Angabe,Nominierung eingeschränkt,1969,
O013246,Q56240567,John H. Dillon Medal,en,John H. Dillon Medal,Webseite,John H. Dillon Medaille,ORAP,American Physical Society,wissenschaftlicher Sektor,US,https://www.aps.org/programs/honors/prizes/dillon.cfm,Forschung,Wissenschaftlicher Preis,Ja,5000,USD,Keine Angabe,Keine Angabe,Nominierung offen,1984,
O013247,Q56240583,Owens Corning Early Career Award,en,Owens Corning Early Career Award,Webseite,Owens Corning Frühe-Karriere-Preis,ORAP,American Institute of Chemical Engineers,wissenschaftlicher Sektor,US,https://www.aiche.org/community/awards/owens-corning-early-career-award,Forschung,Wissenschaftlicher Preis,Ja,2000,USD,Einrichtungs- oder organisationsgebunden,International,Nominierung eingeschränkt,2011,
O013254,Q56249085,Cunningham Medal,en,Cunningham Medal,Webseite,Cunningham-Medaille,ORAP,Royal Irish Academy,wissenschaftlicher Sektor,IE,https://www.ria.ie/cunningham-medal,Forschung,Wissenschaftlicher Preis,Nein,Kein Preisgeld,Kein Preisgeld,Einrichtungs- oder organisationsgebunden,Irland | Dublin,Nominierung eingeschränkt,1796,
O013330,Q5696835,Hector Medal,en,Hector Medal,Webseite,Hector-Medaille,ORAP,Royal Society of New Zealand Te Apārangi,wissenschaftlicher Sektor,NZ,https://www.royalsociety.org.nz/what-we-do/medals-and-awards/hector-medal/,Forschung,Wissenschaftlicher Preis,Nein,Kein Preisgeld,Kein Preisgeld,International,Neuseeland,Nominierung offen,1910,
O013335,Q57193500,The Charles F. Prentice Medal Award,en,The Charles F. Prentice Medal Award,Webseite,Charles F. Prentice-Medaille,ORAP,American Academy of Optometry,wissenschaftlicher Sektor,US,https://aaopt.org/awards-grants/optometrists-vision-scientists,Forschung,Wissenschaftlicher Preis,Nein,Keine Angabe,Keine Angabe,Einrichtungs- oder organisationsgebunden,International,Nominierung eingeschränkt,1958,
O013336,Q57202753,Shaw Prize in Life Science and Medicine,en,Shaw Prize in Life Science and Medicine,Webseite,Shaw-Preis für Lebenswissenschaften und Medizin,ORAP,Shaw Prize Foundation,Stiftungen,HK,https://www.shawprize.org/prizes-and-laureates/life-science-medicine/,Forschung,Wissenschaftlicher Preis,Nein,1200000,USD,Keine Einschränkung,Keine Einschränkung,Nominierung eingeschränkt,2004,
O013339,Q57232945,Shaw Prize in Astronomy,en,Shaw Prize in Astronomy,Webseite,Shaw-Preis für Astronomie,ORAP,Shaw Prize Foundation,Stiftungen,HK,https://www.shawprize.org/prizes-and-laureates/astronomy/,Forschung,Wissenschaftlicher Preis,Nein,1200000,USD,Keine Einschränkung,Keine Einschränkung,Nominierung eingeschränkt,2004,
O013340,Q57232963,Shaw Prize in Mathematical Sciences,en,Shaw Prize in Mathematical Sciences,Webseite,Shaw-Preis für Mathematische Wissenschaften,ORAP,Shaw Prize Foundation,Stiftungen,HK,https://www.shawprize.org/prizes-and-laureates/mathematical-sciences/,Forschung,Wissenschaftlicher Preis,Nein,1200000,USD,Keine Einschränkung,Keine Einschränkung,Nominierung eingeschränkt,2004,
O013341,Q57232995,Crafoord Prize in Astronomy,en,Crafoord Prize in Astronomy,Webseite,Crafoord-Preis in Astronomie,ORAP,Royal Swedish Academy of Sciences; Crafoord Foundation,wissenschaftlicher Sektor; Stiftungen,SE; SE,https://www.crafoordprize.se/about-the-prize/the-crafoord-prize/,Forschung,Wissenschaftlicher Preis,Nein,6000000,SEK,Keine Einschränkung,Keine Einschränkung,Nominierung offen,1982,
O013342,Q57233027,Crafoord Prize in Geosciences,en,Crafoord Prize in Geosciences,Webseite,Crafoord-Preis in Geowissenschaften,ORAP,Royal Swedish Academy of Sciences; Crafoord Foundation,wissenschaftlicher Sektor; Stiftungen,SE; SE,https://www.crafoordprize.se/about-the-prize/the-crafoord-prize/,Forschung,Wissenschaftlicher Preis,Nein,6000000,SEK,Keine Einschränkung,Keine Einschränkung,Nominierung offen,1983,
O013343,Q57233090,Crafoord Prize in Mathematics,en,Crafoord Prize in Mathematics,Webseite,Crafoord-Preis in Mathematik,ORAP,Royal Swedish Academy of Sciences; Crafoord Foundation,wissenschaftlicher Sektor; Stiftungen,SE; SE,https://www.crafoordprize.se/about-the-prize/the-crafoord-prize/,Forschung,Wissenschaftlicher Preis,Nein,6000000,SEK,Keine Einschränkung,Keine Einschränkung,Nominierung offen,1982,
O013344,Q57233498,Crafoord Prize in Biosciences,en,Crafoord Prize in Biosciences,Webseite,Crafoord-Preis in Biowissenschaften,ORAP,Royal Swedish Academy of Sciences; Crafoord Foundation,wissenschaftlicher Sektor; Stiftungen,SE; SE,https://www.crafoordprize.se/about-the-prize/the-crafoord-prize/,Forschung,Wissenschaftlicher Preis,Nein,6000000,SEK,Keine Einschränkung,Keine Einschränkung,Nominierung offen,1984,
O013347,Q57233717,R.H. Wilhelm Award in Chemical Reaction Engineering,en,R.H. Wilhelm Award in Chemical Reaction Engineering,Webseite,R.H. Wilhelm-Preis für Chemische Reaktionstechnik,ORAP,American Institute of Chemical Engineers,wissenschaftlicher Sektor,US,https://www.aiche.org/community/awards/r-h-wilhelm-award-chemical-reaction-engineering,Forschung,Wissenschaftlicher Preis,Nein,3000,USD,Keine Einschränkung,Keine Einschränkung,Nominierung offen,1966,
O013349,Q57233737,Founders Award for Outstanding Contributions to the Field of Chemical Engineering,en,Founders Award for Outstanding Contributions to the Field of Chemical Engineering,Webseite,Gründungs-Preis für herausragende Beiträge im Bereich Chemieingenieurwesen,ORAP,American Institute of Chemical Engineers,wissenschaftlicher Sektor,US,https://www.aiche.org/community/awards/founders-award-outstanding-contributions-field-chemical-engineering,Forschung,Wissenschaftlicher Preis,Nein,Keine Angabe,Keine Angabe,Einrichtungs- oder organisationsgebunden,International,Nominierung eingeschränkt,1958,
O013353,Q57233813,MRS Medal,en,MRS Medal,Webseite,MRS Medaille,ORAP,Materials Research Society,wissenschaftlicher Sektor,US,https://www.mrs.org/careers-advancement/awards/fall-awards/mrs-medal,Forschung,Wissenschaftlicher Preis,Nein,5000,USD,Keine Einschränkung,Keine Einschränkung,Nominierung offen,1990,
O013354,Q57233826,David Turnbull Lectureship,en,David Turnbull Lectureship,Webseite,David-Turnbull-Vorlesung,ORAP,Materials Research Society,wissenschaftlicher Sektor,US,https://www.mrs.org/careers-advancement/awards/fall-awards/david-turnbull-lectureship,Forschung,Wissenschaftlicher Preis,Nein,5000,USD,Keine Einschränkung,Keine Einschränkung,Nominierung eingeschränkt,1988,
O013355,Q57233987,Benjamin Franklin Medal in Civil and Mechanical Engineering,en,Benjamin Franklin Medal in Civil and Mechanical Engineering,Webseite,Benjamin-Franklin-Medaille für Bau- und Maschinenbauwesen,ORAP,Franklin Institute,wissenschaftlicher Sektor,US,https://www.fi.edu/en/awards/nominations/benjamin-franklin-medals,Forschung,Wissenschaftlicher Preis,Nein,10000,USD,Keine Einschränkung,Keine Einschränkung,Eigenbewerbung und Nominierung,1998,
O013359,Q57234338,August Vollmer Award,en,August Vollmer Award,Webseite,August-Vollmer-Preis,ORAP,American Society of Criminology,wissenschaftlicher Sektor,US,https://asc41.org/about-asc/awards/#toggle-id-13,Transfer,Wissenschaftlicher Preis,Nein,Keine Angabe,Keine Angabe,Keine Angabe,Keine Angabe,Nominierung eingeschränkt,1974,
O013365,Q57256580,Verriest Medal,en,Verriest Medal,Webseite,Verriest-Medaille,ORAP,International Colour Vision Society,wissenschaftlicher Sektor,US,http://icvs.info/index.php/veriest-medal,Forschung,Wissenschaftlicher Preis,Nein,Keine Angabe,Keine Angabe,Keine Angabe,Keine Angabe,Nominierung eingeschränkt,1991,
O013368,Q57282971,Te Tohu Taiao - Award for Ecological Excellence,en,Te Tohu Taiao - Award for Ecological Excellence,Webseite,Te Tohu Taiao-Preis für ökologische Exzellenz,ORAP,New Zealand Ecological Society,wissenschaftlicher Sektor,NZ,https://newzealandecology.org/awards-grants/te-tohu-taiao,Forschung,Wissenschaftliche Auszeichnung,Nein,1000,NZD,Keine Angabe,Keine Angabe,Eigenbewerbung und Nominierung,1990,
O013369,Q5733578,Herbert Baxter Adams Prize in European History,en,Herbert Baxter Adams Prize in European History,Webseite,Herbert-Baxter-Adams-Preis für Europäische Geschichte,ORAP,American Historical Association,wissenschaftlicher Sektor,US,https://www.historians.org/award-grant/herbert-baxter-adams-prize/,Forschung,Wissenschaftlicher Preis,Ja,1000,USD,Keine Angabe,Keine Angabe,Eigenbewerbung und Nominierung,1905,
O013383,Q57566036,Hamilton Award,en,Hamilton Award,Webseite,Hamilton-Preis,ORAP,Royal Society of New Zealand Te Apārangi,wissenschaftlicher Sektor,NZ,https://www.royalsociety.org.nz/what-we-do/medals-and-awards/hamilton-award/,Forschung,Wissenschaftlicher Preis,Ja,2500,NZD,International,Neuseeland,Nominierung offen,1923,
O013386,Q57566871,Cockayne Award,en,Cockayne Award,Webseite,Cockayne-Preis,ORAP,Royal Society of New Zealand Te Apārangi,wissenschaftlicher Sektor,NZ,https://www.royalsociety.org.nz/what-we-do/medals-and-awards/leonard-cockayne-lecture-award/,Forschung,Wissenschaftlicher Preis,Nein,2500,NZD,International,Neuseeland,Nominierung offen,1965,
O013469,Q5969764,ICTP Prize,en,ICTP Prize,Webseite,ICTP-Preis,ORAP,Abdus Salam International Centre for Theoretical Physics,wissenschaftlicher Sektor,IT,http://www.ictp.it/about-ictp/prizes-awards/the-ictp-prize.aspx,Forschung,Wissenschaftlicher Preis,Ja,Keine Angabe,Keine Angabe,International,Entwicklungsländer,Nominierung offen,1982,
O013589,Q61052749,Jonathan F. Reichert and Barbara Wolff-Reichert Award for Excellence in Advanced Laboratory Instruction,en,Jonathan F. Reichert and Barbara Wolff-Reichert Award for Excellence in Advanced Laboratory Instruction,Webseite,Jonathan F. Reichert und Barbara Wolff-Reichert-Preis für Exzellenz in fortgeschrittener Laboranleitung,ORAP,American Physical Society,wissenschaftlicher Sektor,US,https://www.aps.org/programs/honors/prizes/lab.cfm,Lehre,Wissenschaftlicher Preis,Nein,5000,USD,International,Vereinigte Staaten von Amerika,Nominierung offen,2012,
O013590,Q6106754,The J Paul Getty Award for Conservation,en,The J Paul Getty Award for Conservation,Webseite,J. Paul Getty-Preis für Konservierung,ORAP,World Wide Fund For Nature,Sonstige,CH,https://wwf.panda.org/wwf_news/?148222/The-J-Paul-Getty-Award-for-Conservation,Transfer,Wissenschaftlicher Preis,Nein,200000,USD,Keine Einschränkung,Keine Einschränkung,Nominierung Einrichtung / Gremium,1974,2008
O013598,Q6143927,James T. Grady-James H. Stack Award for Interpreting Chemistry for the Public,en,James T. Grady-James H. Stack Award for Interpreting Chemistry for the Public,Webseite,James T. Grady-James H. Stack-Preis für die Vermittlung von Chemie an die Öffentlichkeit,ORAP,American Chemical Society,wissenschaftlicher Sektor,US,https://www.acs.org/funding/awards/grady-stack-award-for-interpreting-chemistry-for-the-public.html,Transfer,Wissenschaftlicher Preis,Nein,5000,USD,Keine Angabe,Keine Angabe,Nominierung offen,1955,
O013640,Q61819309,Annie and John Selden Prize,en,Annie and John Selden Prize,Webseite,Annie-und-John-Selden-Preis,ORAP,Mathematical Association of America,wissenschaftlicher Sektor,US,https://maa.org/annie-and-john-selden-prize/,Lehre,Wissenschaftlicher Preis,Nein,1500,USD,Keine Einschränkung,Keine Einschränkung,Nominierung offen,2006,
O013665,Q62601766,Dr. Percy L. Julian Distinguished Lecture and Award,en,Dr. Percy L. Julian Distinguished Lecture and Award,Webseite,Dr.-Percy-L.-Julian-Preis für herausragende Vorträge und Auszeichnungen,ORAP,National Organization for the Professional Advancement of Black Chemists and Chemical Engineers,Sonstige,US,https://nobcche.org/awards/,Forschung,Wissenschaftlicher Preis,Nein,Keine Angabe,Keine Angabe,Keine Angabe,Keine Angabe,Eigenbewerbung und Nominierung,1975,
O013801,Q63494277,T.K Sidey Medal,en,T.K Sidey Medal,Webseite,T.K. Sidey-Medaille,ORAP,Royal Society of New Zealand Te Apārangi,wissenschaftlicher Sektor,NZ,https://www.royalsociety.org.nz/what-we-do/medals-and-awards/discontinued-awards/t-k-sidey-medal/,Forschung,Wissenschaftlicher Preis,Nein,Kein Preisgeld,Kein Preisgeld,Keine Angabe,Keine Angabe,Keine Angabe,1933,2016
O013804,Q63535549,Henry G. Houghton Award,en,Henry G. Houghton Award,Webseite,Henry-G.-Houghton-Preis,ORAP,American Meteorological Society,wissenschaftlicher Sektor,US,https://www.ametsoc.org/index.cfm/ams/about-ams/ams-awards-honors/awards/early-career-awards/the-henry-g-houghton-award/,Forschung,Wissenschaftlicher Preis,Ja,Keine Angabe,Keine Angabe,Keine Angabe,Keine Angabe,Nominierung offen,1951,
O013851,Q64784857,"Joseph Stokes III, MD Pioneer in Prevention Award",en,"Joseph Stokes III, MD Pioneer in Prevention Award",Webseite,"Joseph Stokes III, MD Pionierpreis für Prävention",ORAP,American Society for Preventive Cardiology,wissenschaftlicher Sektor,US,https://www.aspconline.org/joseph-stokes-award,Forschung,Wissenschaftlicher Preis,Nein,Keine Angabe,Keine Angabe,Keine Angabe,Keine Angabe,Keine Angabe,1996,
O013855,Q64833810,SIGCSE Award for Outstanding Contributions to Computer Science Education,en,SIGCSE Award for Outstanding Contributions to Computer Science Education,Webseite,SIGCSE-Preis für herausragende Beiträge zur Informatikausbildung,ORAP,Association for Computing Machinery,wissenschaftlicher Sektor,US,https://awards.acm.org/sig-awards/sigcse,Lehre,Wissenschaftlicher Preis,Nein,Keine Angabe,Keine Angabe,Keine Angabe,Keine Angabe,Keine Angabe,1981,
O013885,Q6530815,IMA Leslie Fox Prize for Numerical Analysis,en,IMA Leslie Fox Prize for Numerical Analysis,Webseite,IMA Leslie Fox-Preis für numerische Analyse,ORAP,Institute of Mathematics and its Applications,wissenschaftlicher Sektor,GB,http://www.ima.org.uk/about_us/awards_and_medals/ima_leslie_fox_prize/previous_winners.html,Forschung,Wissenschaftliche Auszeichnung,Ja,Keine Angabe,Keine Angabe,Keine Einschränkung,Keine Einschränkung,Eigenbewerbung,1985,
O013889,Q6538115,Nessyahu prize,en,Nessyahu prize,Webseite,Nessyahu-Preis,ORAP,Israel Mathematical Union,wissenschaftlicher Sektor,IL,https://www.imu.org.il/nessyahu-prize,Forschung,Wissenschaftlicher Preis,Ja,Keine Angabe,Keine Angabe,International,Israel,Keine Angabe,1995,
O013890,Q6543932,NSS Wernher Von Braun Memorial Award,en,NSS Wernher Von Braun Memorial Award,Webseite,NSS Wernher Von Braun Gedenkpreis,ORAP,National Space Society,wissenschaftlicher Sektor,US,https://space.nss.org/nss-wernher-von-braun-memorial-award/,Transfer,Wissenschaftlicher Preis,Nein,Keine Angabe,Keine Angabe,Keine Angabe,Keine Angabe,Nominierung offen,1993,
O013892,Q6561881,Levitzki prize,en,Levitzki prize,Webseite,Levitzki-Preis,ORAP,Israel Mathematical Union,wissenschaftlicher Sektor,IL,https://www.imu.org.il/levitzki-prize,Forschung,Wissenschaftlicher Preis,Ja,Keine Angabe,Keine Angabe,International,Israel,Keine Angabe,1998,
O013912,Q66180621,Senior Anne Bennett Prize,en,Senior Anne Bennett Prize,Webseite,Senior Anne Bennett-Preis,ORAP,London Mathematical Society,wissenschaftlicher Sektor,GB,https://www.lms.ac.uk/prizes/lms-prize-regulations,Forschung,Wissenschaftliche Auszeichnung,Nein,Keine Angabe,Keine Angabe,International,Großbritannien und Nordirland,Nominierung Einrichtung / Gremium,2014,
O013927,Q66724332,Albert Crewe Award,en,Albert Crewe Award,Webseite,Albert Crewe-Preis,ORAP,Microscopy Society of America,wissenschaftlicher Sektor,US,https://microscopy.org/society-awards-and-msa-fellows,Forschung,Wissenschaftliche Auszeichnung,Ja,Keine Angabe,Keine Angabe,Keine Angabe,Keine Angabe,Nominierung eingeschränkt,2012,
O013954,Q67193782,Euler Award,en,Euler Award,Webseite,Euler-Preis,ORAP,Network Science Society,wissenschaftlicher Sektor,US,https://netscisociety.net/award-prizes/euler-award,Forschung,Wissenschaftlicher Preis,Nein,Kein Preisgeld,Kein Preisgeld,Keine Angabe,Keine Angabe,Nominierung eingeschränkt,2019,
O013965,Q6766365,Marjory Stephenson Prize Lecture,en,Marjory Stephenson Prize Lecture,Webseite,Marjory Stephenson Preis-Vorlesung,ORAP,Microbiology Society,wissenschaftlicher Sektor,GB,https://microbiologysociety.org/grants-prizes/all-prizes-and-competitions-/prize-lectures/marjory-stephenson-prize-lecture.html,Forschung,Wissenschaftlicher Preis,Nein,1000,GBP,Keine Angabe,Keine Angabe,Nominierung eingeschränkt,1953,
O013970,Q67856316,Burton Medal,en,Burton Medal,Webseite,Burton-Medaille,ORAP,Microscopy Society of America,wissenschaftlicher Sektor,US,https://microscopy.org/society-awards-and-msa-fellows,Forschung,Wissenschaftliche Auszeichnung,Ja,Keine Angabe,Keine Angabe,Keine Angabe,Keine Angabe,Nominierung eingeschränkt,1975,
O014004,Q6934163,Mullard Award,en,Mullard Award,Webseite,Mullard-Preis,ORAP,Royal Society,wissenschaftlicher Sektor,GB,https://royalsociety.org/grants-schemes-awards/awards/mullard-award/,Transfer,Wissenschaftlicher Preis,Nein,2000,GBP,International,Großbritannien und Nordirland; Irland; Commonwealth,Nominierung offen,1967,
O014006,Q6936037,Mungo Park Medal,en,Mungo Park Medal,Webseite,Mungo Park Medaille,ORAP,Royal Scottish Geographical Society,wissenschaftlicher Sektor,GB,https://www.rsgs.org/mungo-park-medal,Forschung,Wissenschaftlicher Preis,Nein,Kein Preisgeld,Kein Preisgeld,Keine Angabe,Keine Angabe,Keine Angabe,1930,
O014007,Q6937543,Murchison Award,en,Murchison Award,Webseite,Murchison-Preis,ORAP,Royal Geographical Society,wissenschaftlicher Sektor,GB,https://www.rgs.org/about-us/our-work/medals-awards-and-prizes/society-medals-and-awards,Forschung,Wissenschaftlicher Preis,Nein,Keine Angabe,Keine Angabe,Keine Angabe,Keine Angabe,Keine Angabe,,
O014045,Q7105764,O. M. Miller Cartographic Medal,en,O. M. Miller Cartographic Medal,Webseite,O. M. Miller Kartographiemedaille,ORAP,American Geographical Society,wissenschaftlicher Sektor,US,https://americangeo.org/honors/medals-and-awards/o-m-miller-medal/,Forschung,Wissenschaftlicher Preis,Nein,Keine Angabe,Keine Angabe,Keine Angabe,Keine Angabe,Keine Angabe,1968,
O014046,Q7114033,Overton Prize,en,Overton Prize,Webseite,Overton-Preis,ORAP,International Society for Computational Biology,wissenschaftlicher Sektor,US,https://www.iscb.org/iscb-awards/overton-prize,Forschung,Wissenschaftlicher Preis,Ja,Keine Angabe,Keine Angabe,Keine Angabe,Keine Angabe,Nominierung offen,2001,
O014069,Q7234626,Potamkin Prize,en,Potamkin Prize,Webseite,Potamkin-Preis,ORAP,American Academy of Neurology,wissenschaftlicher Sektor,US,https://www.potamkinprize.org/,Forschung,Wissenschaftlicher Preis,Nein,100000,USD,Keine Angabe,Keine Angabe,Nominierung offen,1988,
O014072,Q7246543,FNP Prize,en,FNP Prize,Webseite,FNP-Preis,ORAP,Fundacja na rzecz Nauki Polskiej,wissenschaftlicher Sektor,PL,https://www.fnp.org.pl/en/component/fnp_programs/program/the-fnp-prize,Forschung,Wissenschaftlicher Preis,Nein,250000,PLN,International,Polen,Nominierung eingeschränkt,1992,
O014085,Q7331107,Richtmyer Memorial Lecture Award,en,Richtmyer Memorial Lecture Award,Webseite,Richtmyer Gedenkvortrags-Preis,ORAP,American Association of Physics Teachers,wissenschaftlicher Sektor,US,https://www.aapt.org/Programs/awards/richtmyer.cfm,Lehre,Wissenschaftlicher Preis,Nein,Keine Angabe,Keine Angabe,Keine Angabe,Keine Angabe,Nominierung eingeschränkt,1941,
O014087,Q7343787,Robert E. Horton Medal,en,Robert E. Horton Medal,Webseite,Robert E. Horton-Medaille,ORAP,American Geophysical Union,wissenschaftlicher Sektor,US,https://www.agu.org/honors/horton-medal,Forschung,Wissenschaftlicher Preis,Nein,Keine Angabe,Keine Angabe,Keine Einschränkung,Keine Einschränkung,Eigenbewerbung und Nominierung,1974,
O014099,Q7411378,Samuel Finley Breese Morse Medal,en,Samuel Finley Breese Morse Medal,Webseite,Samuel Finley Breese Morse-Medaille,ORAP,American Geographical Society,wissenschaftlicher Sektor,US,https://www.americangeo.org/morse-medal,Forschung,Wissenschaftlicher Preis,Nein,Keine Angabe,Keine Angabe,Keine Angabe,Keine Angabe,Keine Angabe,1902,
O014104,Q7448381,Seligman Crystal,en,Seligman Crystal,Webseite,Seligman-Kristall,ORAP,International Glaciological Society,wissenschaftlicher Sektor,US,https://www.igsoc.org/awards/seligman/,Forschung,Wissenschaftlicher Preis,Nein,Keine Angabe,Keine Angabe,Einrichtungs- oder organisationsgebunden,International,Nominierung eingeschränkt,1963,
O014118,Q75840014,Distinguished Africanist Award,en,Distinguished Africanist Award,Webseite,Preis für herausragende Leistungen in der Afrikawissenschaft,ORAP,African Studies Association,wissenschaftlicher Sektor,US,https://africanstudies.org/awards-prizes/distinguished-africanist-award/,Forschung,Wissenschaftlicher Preis,Nein,Keine Angabe,Keine Angabe,Keine Einschränkung,Keine Einschränkung,Nominierung eingeschränkt,1984,
O014120,Q7606781,Stein Rokkan Prize,en,Stein Rokkan Prize,Webseite,Stein Rokkan-Preis,ORAP,International Science Council; Universitetet i Bergen; European Consortium for Political Research,wissenschaftlicher Sektor; wissenschaftlicher Sektor; wissenschaftlicher Sektor,FR; NO; GB,https://ecpr.eu/prizes/prizedetails.aspx?PrizeID=6,Forschung,Wissenschaftlicher Preis,Nein,4300,GBP,Keine Angabe,Keine Angabe,Nominierung Einrichtung / Gremium,1996,
O014122,Q7618534,Sir George Stokes Award,en,Sir George Stokes Award,Webseite,Sir George Stokes-Preis,ORAP,Royal Society of Chemistry,wissenschaftlicher Sektor,GB,https://www.rsc.org/standards-and-recognition/prizes/horizon-prizes/analytical-science-horizon-prize-sir-george-stokes-prize,Forschung,Wissenschaftlicher Preis,Nein,Keine Angabe,Keine Angabe,Keine Einschränkung,Keine Einschränkung,Keine Angabe,1999,
O014127,Q76506316,Lloyd N. Ferguson Young Scientist Award for Excellence in Research,en,Lloyd N. Ferguson Young Scientist Award for Excellence in Research,Webseite,Lloyd N. Ferguson-Preis für junge Wissenschaftler/-innen für Exzellenz in der Forschung,ORAP,National Organization for the Professional Advancement of Black Chemists and Chemical Engineers,Sonstige,US,https://nobcche.org/awards/,Forschung,Wissenschaftlicher Preis,Ja,Keine Angabe,Keine Angabe,Keine Einschränkung,Keine Einschränkung,Eigenbewerbung und Nominierung,,
O014139,Q7791279,Thomas Jefferson Foundation Medal in Architecture,en,Thomas Jefferson Foundation Medal in Architecture,Webseite,Thomas Jefferson Foundation-Medaille für Architektur,ORAP,University of Virginia; Thomas Jefferson Foundation,wissenschaftlicher Sektor; Stiftungen,US; US,https://www.arch.virginia.edu/news/thomas-jefferson-foundation-medal-in-architecture,Sonstiges,Wissenschaftliche Auszeichnung,Nein,Kein Preisgeld,Kein Preisgeld,Keine Einschränkung,Keine Einschränkung,Nominierung Einrichtung / Gremium,1966,
O014144,Q7847698,Truman Capote Award for Literary Criticism in Memory of Newton Arvin,en,Truman Capote Award for Literary Criticism in Memory of Newton Arvin,Webseite,Truman Capote-Preis für Literaturkritik in Erinnerung an Newton Arvin,ORAP,University of Iowa,wissenschaftlicher Sektor,US,https://writersworkshop.uiowa.edu/capote-award-literary-criticism,Forschung,Wissenschaftlicher Preis,Nein,30000,USD,Keine Angabe,Keine Angabe,Nominierung Einrichtung / Gremium,1995,
O014151,Q7913243,Van Cleef Memorial Medal,en,Van Cleef Memorial Medal,Webseite,Van Cleef Gedenkmedaille,ORAP,American Geographical Society,wissenschaftlicher Sektor,US,https://americangeo.org/honors/medals-and-awards/van-cleef-memorial-medal/,Forschung,Wissenschaftlicher Preis,Nein,Keine Angabe,Keine Angabe,Keine Einschränkung,Keine Einschränkung,Keine Angabe,1970,
O014153,Q79305100,Bledisloe Medal,en,Bledisloe Medal,Webseite,Bledisloe-Medaille,ORAP,Lincoln University,wissenschaftlicher Sektor,NZ,https://alumni.lincoln.ac.nz/ocd.aspx?action=printsnippet&snippet=13&printtemplate=on&builder=on&code=&menuItem=Bledisloe+Medal,Sonstiges,Wissenschaftlicher Preis,Nein,Keine Angabe,Keine Angabe,Einrichtungs- oder organisationsgebunden,Neuseeland | Canterbury | Lincoln,Nominierung offen,1930,
O014167,Q80312796,Peter Kilham Memorial Award,en,Peter Kilham Memorial Award,Webseite,Peter Kilham Gedenkpreis,ORAP,International Association of Theoretical and Applied Limnology,wissenschaftlicher Sektor,US,https://limnology.org/kilham-memorial-lectures/,Forschung,Wissenschaftliche Auszeichnung,Nein,1000,USD,Einrichtungs- oder organisationsgebunden,International,Nominierung Einrichtung / Gremium,1992,
O014172,Q80924640,AAG Glenda Laws Award,en,AAG Glenda Laws Award,Webseite,AAG Glenda Laws-Preis,ORAP,American Association of Geographers,wissenschaftlicher Sektor,US,https://www.aag.org/award-grant/laws/,Forschung,Wissenschaftlicher Preis,Ja,Keine Angabe,Keine Angabe,Keine Einschränkung,Keine Einschränkung,Nominierung offen,2004,
O014173,Q81158007,Ralph J. Bunche Award,en,Ralph J. Bunche Award,Webseite,Ralph J. Bunche-Preis,ORAP,American Political Science Association,wissenschaftlicher Sektor,US,https://apsanet.org/programs/apsa-awards/ralph-j-bunche-award/,Forschung,Wissenschaftlicher Preis,Nein,1000,USD,Keine Einschränkung,Keine Einschränkung,Eigenbewerbung und Nominierung,1978,
O014178,Q83191017,Will Allis Prize for the Study of Ionized Gases,en,Will Allis Prize for the Study of Ionized Gases,Webseite,Will Allis-Preis für das Studium ionisierter Gase,ORAP,American Physical Society,wissenschaftlicher Sektor,US,https://www.aps.org/programs/honors/prizes/allis.cfm,Forschung,Wissenschaftlicher Preis,Nein,10000,USD,Keine Einschränkung,Keine Einschränkung,Nominierung offen,1990,
O014179,Q83191321,APS Medal for Exceptional Achievement in Research,en,APS Medal for Exceptional Achievement in Research,Webseite,APS-Medaille für außergewöhnliche Forschungsleistungen,ORAP,American Physical Society,wissenschaftlicher Sektor,US,https://www.aps.org/programs/honors/prizes/apsmedal.cfm,Forschung,Wissenschaftlicher Preis,Nein,50000,USD,Keine Einschränkung,Keine Einschränkung,Nominierung offen,2016,
O014197,Q85507816,Van Courtlandt Elliott Prize,en,Van Courtlandt Elliott Prize,Webseite,Van Courtlandt Elliott-Preis,ORAP,Medieval Academy of America,wissenschaftlicher Sektor,US,https://www.medievalacademy.org/page/Elliott_Prize,Forschung,Wissenschaftlicher Preis,Ja,500,USD,Keine Angabe,Keine Angabe,Eigenbewerbung und Nominierung,1972,
O014201,Q85769987,Irish Historical Research Prize,en,Irish Historical Research Prize,Webseite,Irischer Preis für historische Forschung,ORAP,National University of Ireland,wissenschaftlicher Sektor,IE,http://www.nui.ie/awards/PublicationPrizesGrants/,Forschung,Wissenschaftlicher Preis,Nein,5000,EUR,Einrichtungs- oder organisationsgebunden,Irland,Eigenbewerbung,,
O014244,Q88285009,Earl P. Benditt Award,en,Earl P. Benditt Award,Webseite,Earl-P.-Benditt-Preis,ORAP,North American Vascular Biology Organization,wissenschaftlicher Sektor,US,http://www.navbo.org/awards/earl-p-benditt-award,Forschung,Wissenschaftlicher Preis,Nein,Keine Angabe,Keine Angabe,Keine Angabe,Keine Angabe,Nominierung eingeschränkt,2009,
O014265,Q90694403,ACM Athena Lecturer Award,en,ACM Athena Lecturer Award,Webseite,ACM Athena Dozenten-Preis,ORAP,Association for Computing Machinery,wissenschaftlicher Sektor,US,https://awards.acm.org/athena,Forschung,Wissenschaftlicher Preis,Nein,50000,USD,Keine Angabe,Keine Angabe,Nominierung offen,2006,
O014290,Q94573154,Willi Dansgaard Award,en,Willi Dansgaard Award,Webseite,Willi Dansgaard-Preis,ORAP,American Geophysical Union,wissenschaftlicher Sektor,US,https://www.agu.org/honors/dansgaard,Forschung,Wissenschaftlicher Preis,Nein,Keine Angabe,Keine Angabe,Einrichtungs- oder organisationsgebunden,International,Nominierung eingeschränkt,2015,
O014368,Q98456122,Asahiko Taira International Scientific Ocean Drilling Research Prize,en,Asahiko Taira International Scientific Ocean Drilling Research Prize,Webseite,Asahiko-Taira-Preis für internationale wissenschaftliche Ozeanbohrungsforschung,ORAP,American Geophysical Union,wissenschaftlicher Sektor,US,https://www.agu.org/honors/taira,Forschung,Wissenschaftlicher Preis,Ja,18000,USD,Keine Angabe,Keine Angabe,Eigenbewerbung und Nominierung,2015,
O014380,Q99486275,Trevor Evans Award,en,Trevor Evans Award,Webseite,Trevor Evans-Preis,ORAP,Mathematical Association of America,wissenschaftlicher Sektor,US,https://maa.org/trevor-evans-awards/,Lehre,Wissenschaftlicher Preis,Nein,1000,USD,Keine Angabe,Keine Angabe,Keine Angabe,1996,
O020007,Q25384286,HFSP Nakasone Award,en,HFSP Nakasone Award,Webseite,HFSP Nakasone-Preis,ORAP,International Human Frontier Science Program Organization,wissenschaftlicher Sektor,FR,https://www.hfsp.org/awardees/hfsp-nakasone-award,Forschung,Wissenschaftliche Auszeichnung,Ja,15000,USD,International,Australien; Belgien; Bulgarien; Dänemark; Deutschland; Estland; Finnland; Frankreich; Griechenland; Großbritannien und Nordirland; Indien; Irland; Israel; Italien; Japan; Kanada; Kroatien; Lettland; Litauen; Luxemburg; Malta; Niederlande; Neuseeland; Norwegen; Österreich; Polen; Portugal; Rumänien; Schweden; Schweiz; Singapur; Slowakei; Slowenien; Spanien; Südafrika; Südkorea; Tschechien; Vereinigte Staaten; Zypern (nur EU-Gebiet),Eigenbewerbung,2010,
O020008,,ERC Synergy Grant,en,ERC Synergy Grant,Webseite,ERC-Synergy-Grant,ORAP,European Research Council,wissenschaftlicher Sektor,BE,https://erc.europa.eu/apply-grant/synergy-grant,Forschung,Wissenschaftliche Auszeichnung,Nein,10000000,EUR,International,Europa; Albanien; Armenien; Bosnien-Herzegowina; Faröer Inseln; Georgien; Großbritannien und Nordirland; Island; Israel; Kanada; Kosovo; Moldavien; Montenegro; Neuseeland; Nord-Mazedonien; Norwegen; Serbien; Tunesien; Türkei; Ukraine,Eigenbewerbung,2012,
O020012,,ERC Proof of Concept Grant,en,ERC Proof of Concept Grant,Webseite,ERC-Proof-of-Concept-Grant,ORAP,European Research Council,wissenschaftlicher Sektor,BE,https://erc.europa.eu/apply-grant/proof-concept,Transfer,Wissenschaftlicher Preis,Nein,150000,EUR,International,Europa; Albanien; Armenien; Bosnien-Herzegowina; Faröer Inseln; Georgien; Großbritannien und Nordirland; Island; Israel; Kanada; Kosovo; Moldavien; Montenegro; Neuseeland; Nord-Mazedonien; Norwegen; Serbien; Tunesien; Türkei; Ukraine,Eigenbewerbung,,
O020022,,IEEE CSS Distinguished Member Award,en,IEEE CSS Distinguished Member Award,Webseite,IEEE-CSS-Auszeichnung für verdiente Mitglieder,ORAP,Institute of Electrical and Electronics Engineers ,wissenschaftlicher Sektor,US,https://ieeecss.org/awards/distinguished-member-award,Forschung,Wissenschaftliche Auszeichnung,Nein,Kein Preisgeld,Kein Preisgeld,Einrichtungs- oder organisationsgebunden,International,Keine Angabe,1983,
O020025,,Union Fellows Program,en,Union Fellows Program,Webseite,Union Fellows-Programm,ORAP,American Geophysical Union,wissenschaftlicher Sektor,US,https://www.agu.org/honors/union-fellows,Forschung,Wissenschaftlicher Preis,Nein,Kein Preisgeld,Kein Preisgeld,Einrichtungs- oder organisationsgebunden,International,Nominierung eingeschränkt,,
O020029,,Julius von Haast Fellowship Award,en,Julius von Haast Fellowship Award,Webseite,Julius von Haast Stipendienpreis,ORAP,Royal Society of New Zealand Te Apārangi,wissenschaftlicher Sektor,NZ,https://www.royalsociety.org.nz/what-we-do/funds-and-opportunities/catalyst-fund/catalyst-leaders/funding-overview,Forschung,Wissenschaftliche Auszeichnung,Nein,150000,NZD,DACH,Deutschland,Nominierung Einrichtung / Gremium,2004,
O020030,,Jürgen Warnatz Gold Medal,en,Jürgen Warnatz Gold Medal,Webseite,Jürgen Warnatz Goldmedaille,ORAP,Combustion Institute,wissenschaftlicher Sektor,US,https://www.combustioninstitute.org/jrgen_warnatz_gold_medal.php,Forschung,Wissenschaftlicher Preis,Nein,Kein Preisgeld,Kein Preisgeld,Keine Angabe,Keine Angabe,Keine Angabe,2016,
O020031,Q60519094,Google Faculty Research Award,en,Google Faculty Research Award,Webseite,Google-Fakultätsforschungs-Preis,ORAP,Google Research,wirtschaftlicher Sektor,US,https://research.google/outreach/past-programs/faculty-research-awards/,Forschung,Wissenschaftlicher Preis,Nein,Keine Angabe,Keine Angabe,Keine Einschränkung,Keine Einschränkung,Eigenbewerbung und Nominierung,2005,2019
O020032,,Hannes Alfvén Medal,en,Hannes Alfvén Medal,Webseite,Hannes-Alfvén-Medaille,ORAP,European Geosciences Union e. V.,wissenschaftlicher Sektor,DE,https://www.egu.eu/awards-medals/hannes-alfven/,Forschung,Wissenschaftlicher Preis,Nein,Kein Preisgeld,Kein Preisgeld,Keine Angabe,Keine Angabe,Nominierung eingeschränkt,1997,
O020035,,IROS Harashima Award for Innovative Technologies,en,IROS Harashima Award for Innovative Technologies,Webseite,IROS Harashima-Preis für innovative Technologien,ORAP,Institute of Electrical and Electronics Engineers ,wissenschaftlicher Sektor,US,https://www.ieee-ras.org/index.php?option=com_content&view=article&id=77:iros-harashima-award-for-innovative-technologies&catid=69:society-awards,Forschung,Wissenschaftlicher Preis,Nein,2000,USD,Keine Einschränkung,Keine Einschränkung,Nominierung offen,2007,
O020037,,Next Generation Award,en,Next Generation Award,Webseite,Next Generation-Preis,ORAP,Deutsche Gesellschaft für Immungenetik,wissenschaftlicher Sektor,DE,https://www.immungenetik.de/index.php/preise/next-generation-award,Forschung,Wissenschaftlicher Preis,Ja,3000,EUR,Einrichtungs- oder organisationsgebunden,Deutschland,Nominierung eingeschränkt,2008,
O020039,,Outstanding Investigator Award,en,Outstanding Investigator Award,Webseite,Preis für herausragende Forschende,ORAP,International Society for Heart Research,wissenschaftlicher Sektor,US,https://ishrworld.org/page/Investigator,Forschung,Wissenschaftlicher Preis,Nein,1500,USD,Einrichtungs- oder organisationsgebunden,International,Nominierung eingeschränkt,,
O020043,,Stein and Moore Award,en,Stein and Moore Award,Webseite,Stein und Moore-Preis,ORAP,Protein Society,wissenschaftlicher Sektor,US,https://www.proteinsociety.org/protein-society-awards,Forschung,Wissenschaftlicher Preis,Nein,Keine Angabe,Keine Angabe,Keine Angabe,Keine Angabe,Nominierung offen,1987,
O020046,,Distinguished Women in Chemistry or Chemical Engineering Award,en,Distinguished Women in Chemistry or Chemical Engineering Award,Webseite,Auszeichnung für herausragende Frauen in Chemie oder im chemischen Ingenieurwesen,ORAP,International Union of Pure and Applied Chemistry,wissenschaftlicher Sektor,US,https://iupac.org/what-we-do/awards/iupac-distinguished-women/,Forschung,Wissenschaftlicher Preis,Nein,Kein Preisgeld,Kein Preisgeld,Keine Einschränkung,Keine Einschränkung,Nominierung offen,2011,
O013296,Q56667085,AAI Lifetime Achievement Award,en,AAI Lifetime Achievement Award,Webseite,AAI Auszeichnung für das Lebenswerk,ORAP,American Association of Immunologists,wissenschaftlicher Sektor,US,https://www.aai.org/Awards/Career/AAI-Lifetime-Achievement-Award,Forschung,Wissenschaftliche Auszeichnung,Nein,Keine Angabe,Keine Angabe,Einrichtungs- oder organisationsgebunden,International,Keine Angabe,1994,
O013841,Q64489949,Premios Alberto Sols,es,Alberto Sols Awards,ORAP,Alberto Sols-Preise,ORAP,Ayuntamiento de Sax,öffentlicher Sektor,ES,https://www.sax.es/areas-municipales/cultura/premios-alberto-sols/,Forschung,Wissenschaftlicher Preis,Nein,22000,EUR,International,Spanien | Comunidad Valenciana,Keine Angabe,1986,
O010146,Q6085042,Fundación BBVA Premios Fronteras del Conocimiento,es,BBVA Foundation Frontiers of Knowledge Awards,Webseite,Auszeichnungen der BBVA Foundation Frontiers of Knowledge,ORAP,Fundación BBVA,Stiftungen,ES,https://www.frontiersofknowledgeawards-fbbva.es/conditions/,Forschung,Wissenschaftlicher Preis,Nein,400000,EUR,Keine Einschränkung,Keine Einschränkung,Nominierung eingeschränkt,2008,
O013357,Q57234212,"Fundación BBVA Premio Fronteras del Conocimiento - Economía, Finanzas y Gestión de Empresas",es,"BBVA Foundation Frontiers of Knowledge Award - Economics, Finance and Management",Webseite,"Frontiers of Knowledge-Preis der BBVA-Stiftung für Wirtschaft, Finanzen und Unternehmensführung",ORAP,Fundación BBVA,Stiftungen,ES,https://www.frontiersofknowledgeawards-fbbva.es/conditions/,Forschung,Wissenschaftlicher Preis,Nein,400000,EUR,Keine Einschränkung,Keine Einschränkung,Nominierung eingeschränkt,2008,
O004446,,Premi a tesis doctorals,ca,Doctoral thesis award,ORAP,Dissertationspreis,ORAP,Universitat de Barcelona,wissenschaftlicher Sektor,ES,https://www.ub.edu/cdub/premi-tesis-doctorals,Forschung,Wissenschaftlicher Preis,Ja,4000,EUR,Einrichtungs- oder organisationsgebunden,Spanien | Katalonien | Barcelona,Eigenbewerbung,1997,
O004447,,Premio Extraordinario de Doctorado,es,Extraordinary PhD Award,Webseite,Preis für eine außergewöhnliche Dissertation,ORAP,Universidad Complutense de Madrid,wissenschaftlicher Sektor,ES,https://edoctorado.ucm.es/pex,Forschung,Wissenschaftlicher Preis,Ja,Kein Preisgeld,Kein Preisgeld,International,Spanien | Madrid,Nominierung Einrichtung / Gremium,,
O012890,Q43431094,Medalla Echegaray,es,Echegaray Medal,ORAP,Echegaray-Medaille,ORAP,"Real Academia de Ciencias Exactas, Físicas y Naturales de España",wissenschaftlicher Sektor,ES,https://rac.es/premios/,Forschung,Wissenschaftlicher Preis,Ja,Kein Preisgeld,Kein Preisgeld,Keine Angabe,Keine Angabe,Keine Angabe,1907,
O012518,Q2365303,Prix Acfas André-Laurendeau,fr,Acfas Prize André-Laurendeau,ORAP,Acfas André-Laurendeau-Preis,ORAP,Association francophone pour le savoir,wissenschaftlicher Sektor,CA,http://www.acfas.ca/prix-concours/prix-acfas/andre-laurendeau,Forschung,Wissenschaftlicher Preis,Nein,Keine Angabe,Keine Angabe,Keine Angabe,Keine Angabe,Nominierung offen,1986,
O012801,Q3404842,Prix Acfas Jacques-Rousseau,fr,Acfas Prize Jacques-Rousseau,ORAP,Acfas Jacques-Rousseau-Preis,ORAP,Association francophone pour le savoir,wissenschaftlicher Sektor,CA,https://www.acfas.ca/prix-concours/prix-acfas/jacques-rousseau,Forschung,Wissenschaftlicher Preis,Nein,Keine Angabe,Keine Angabe,Keine Angabe,Keine Angabe,Keine Angabe,1986,
O012806,Q3405011,Prix Acfas Thérèse Gouin-Décarie,fr,Acfas Prize Thérèse Gouin-Décarie,ORAP,Acfas-Thérèse-Gouin-Décarie-Preis,ORAP,Association francophone pour le savoir,wissenschaftlicher Sektor,CA,http://www.acfas.ca/prix-concours/prix-acfas/therese-gouin-decarie,Forschung,Wissenschaftlicher Preis,Nein,Keine Angabe,Keine Angabe,Keine Angabe,Keine Angabe,Keine Angabe,1975,
O011235,Q3404311,Prix Caquot,fr,Caquot Prize,ORAP,Caquot-Preis,ORAP,Association française de génie civil,wissenschaftlicher Sektor,FR,https://www.afgc.asso.fr/activites-afgc/les-prix-afgc/,Forschung,Wissenschaftlicher Preis,Nein,Keine Angabe,Keine Angabe,International,Frankreich; International,Keine Angabe,1989,
O012789,Q3404440,Prix Carlyle S. Beals,fr,Carlyle S. Beals Award,Webseite,Carlyle S. Beals-Preis,ORAP,Canadian Astronomical Society,wissenschaftlicher Sektor,CA,https://casca.ca/?page_id=3319&lang=fr,Forschung,Wissenschaftlicher Preis,Nein,Keine Angabe,Keine Angabe,International,Kanada,Eigenbewerbung und Nominierung,1982,
O014241,Q88072608,Prix Paoletti,fr,Paoletti Prize,ORAP,Paoletti-Preis,ORAP,CNRS - Centre national de la recherche scientifique,wissenschaftlicher Sektor,FR,https://insb.cnrs.fr/fr/prix-paoletti,Forschung,Wissenschaftlicher Preis,Ja,10000,EUR,Einrichtungs- oder organisationsgebunden,Frankreich,Eigenbewerbung und Nominierung,1996,
O002444,Q1496528,Prix Gay-Lussac Humboldt,fr,Gay-Lussac Humboldt Prize,ORAP,Gay-Lussac-Humboldt-Preis,ORAP,"Ministère de l’Enseignement supérieur, de la Recherche et de l’Espace",öffentlicher Sektor,FR,https://www.enseignementsup-recherche.gouv.fr/fr/prix-gay-lussac-humboldt-86770,Forschung,Wissenschaftlicher Preis,Nein,60000,EUR,International,Deutschland; Frankreich,Nominierung eingeschränkt,1981,
O002806,,Prix Germaine de Staël,fr,Germaine de Staël Prize,ORAP,Germaine-de-Staël-Preis,ORAP,Deutscher Romanistenverband,wissenschaftlicher Sektor,DE,http://francoromanistes.de/prix-germaine-de-stael/,Forschung,Wissenschaftlicher Preis,Ja,Keine Angabe,Keine Angabe,DACH,Deutschland,Eigenbewerbung,1998,
O004216,,Grand Prix de la Fondation de la Maison de la Chimie,fr,Grand Prize of the Foundation of the House of Chemistry,ORAP,Großer Preis der Stiftung des Hauses der Chemie,ORAP,Fondation de la Maison de la Chimie,Stiftungen,FR,https://actions.maisondelachimie.com/les-prix-de-la-fondation/grand-prix-de-la-fondation/,Forschung,Wissenschaftlicher Preis,Nein,35000,EUR,Keine Einschränkung,Keine Einschränkung,Nominierung Einrichtung / Gremium,1986,
O010764,Q3114992,La Grande médaille,fr,The Grand Medal of the french academy of science,Webseite,Die Große Medaille der Akademie der Wissenschaften Frankreich,ORAP,Académie des sciences,wissenschaftlicher Sektor,FR,https://www.academie-sciences.fr/la-grande-medaille,Forschung,Wissenschaftlicher Preis,Nein,20000,EUR,Keine Einschränkung,Keine Einschränkung,Nominierung eingeschränkt,1997,
O010776,Q101072282,Grand prix Guy Lazorthes,fr,Guy Lazorthes Grand Prize,ORAP,Guy-Lazorthes-Preis,ORAP,Académie des sciences,wissenschaftlicher Sektor,FR,https://www.academie-sciences.fr/prix-guy-lazorthes,Forschung,Wissenschaftlicher Preis,Nein,15000,EUR,International,Frankreich,Keine Angabe,2015,
O010939,Q1711648,Prix Jules Janssen,fr,Jules Janssen Prize,ORAP,Jules-Janssen-Preis,ORAP,Société astronomique de France,wissenschaftlicher Sektor,FR,https://saf-astronomie.fr/prix-janssen/,Forschung,Wissenschaftlicher Preis,Nein,Kein Preisgeld,Kein Preisgeld,International,Frankreich; International,Keine Angabe,1897,
O011184,Q1542976,Prix Paul Langevin,fr,Paul Langevin Prize,ORAP,Paul-Langevin-Preis,ORAP,Société française de Physique,wissenschaftlicher Sektor,FR,https://www.sfpnet.fr/prix/prix-paul-langevin,Forschung,Wissenschaftlicher Preis,Nein,Keine Angabe,Keine Angabe,Keine Einschränkung,Keine Einschränkung,Nominierung offen,1957,
O011236,Q262340,Grand prix Ampère de l'Électricité de France,fr,Ampère Grand Prize of L'Électricité de France,ORAP,Ampère-Preis der L'Électricité de France,ORAP,Académie des sciences,wissenschaftlicher Sektor,FR,https://www.academie-sciences.fr/prix-ampere-de-lelectricite-de-france,Forschung,Wissenschaftlicher Preis,Nein,50000,EUR,International,Frankreich,Keine Angabe,1974,
O011237,Q904645,Grand prix Charles-Léopold Mayer,fr,Charles-Léopold Mayer Grand Prize,ORAP,Charles-Léopold-Mayer-Preis,ORAP,Académie des sciences,wissenschaftlicher Sektor,FR,https://www.academie-sciences.fr/prix-charles-leopold-mayer,Forschung,Wissenschaftlicher Preis,Ja,20000,EUR,Keine Einschränkung,Keine Einschränkung,Nominierung eingeschränkt,1961,
O011243,Q1305177,Prix Félix Robin,fr,Félix Robin Prize,ORAP,Félix-Robin-Preis,ORAP,Société française de Physique,wissenschaftlicher Sektor,FR,https://www.sfphysique.fr/prix/prix-felix-robin/,Forschung,Wissenschaftlicher Preis,Nein,Keine Angabe,Keine Angabe,International,Frankreich,Nominierung offen,1922,
O011538,Q103134739,Prix Rossi,fr,Rossi Prize,ORAP,Rossi-Preis,ORAP,Académie des sciences morales et politiques,wissenschaftlicher Sektor,FR,https://academiesciencesmoralesetpolitiques.fr/prix-et-palmares-de-lannee/prix-et-medailles/liste-des-prix-par-classement-thematique/prix-rossi/,Forschung,Wissenschaftlicher Preis,Ja,Keine Angabe,Keine Angabe,Keine Angabe,Keine Angabe,Nominierung Einrichtung / Gremium,1998,
O011668,Q1061245,Médaille Massey,fr,Massey Medal,ORAP,Massey-Medaille,ORAP,Royal Canadian Geographical Society,Stiftungen,CA,https://rcgs.org/programmes/prix-de-la-societe/la-medaille-massey/,Forschung,Wissenschaftlicher Preis,Nein,Kein Preisgeld,Kein Preisgeld,International,Kanada,Nominierung Einrichtung / Gremium,1959,
O011780,Q109286425,Médaille scientifique Pégase,fr,Pégase Scientific Medal,ORAP,Pégase-Wissenschafts-Medaille,ORAP,Laboratoire de recherche sur la foudre,wissenschaftlicher Sektor,FR,https://www.labofoudre.com/page11.html,Transfer,Wissenschaftlicher Preis,Nein,Keine Angabe,Keine Angabe,Keine Angabe,Keine Angabe,Keine Angabe,2014,
O011867,Q111596692,Médaille de la Société historique de Montréal,fr,Historical Society of Montreal Medal,ORAP,Medaille der Historischen Gesellschaft von Montreal,ORAP,Société Historique de Montréal,Stiftungen,CA,https://www.societehistoriquedemontreal.org/notre-histoire/liste-des-medailles-de-la-shm/,Forschung,Wissenschaftliche Auszeichnung,Nein,Keine Angabe,Keine Angabe,Keine Angabe,Keine Angabe,Keine Angabe,1922,
O011931,Q114853495,Prix Jean Dufrenoy,fr,Jean Dufrenoy Prize,ORAP,Jean-Dufrenoy-Preis,ORAP,Académie d'agriculture de France,wissenschaftlicher Sektor,FR,https://www.academie-agriculture.fr/prix-medailles/prix-jean-dufrenoy,Forschung,Wissenschaftlicher Preis,Ja,2500,EUR,International,Frankreich,Nominierung Einrichtung / Gremium,1982,
O011957,Q115640627,Les prix solennels de thèse,fr,Solemn thesis prizes awarded by the Chancellery of the Universities of Paris,Webseite,Dissertationspreis der Kanzler der Pariser Universitäten,ORAP,Chancellerie des Universités de Paris,öffentlicher Sektor,FR,https://www.sorbonne.fr/la-chancellerie-des-universites-de-paris/v2la-chancellerie-des-universites-de-paris-recompense-lexcellence-universitaire-et-propose-des-prix/les-prix-universitaires/,Forschung,Wissenschaftlicher Preis,Ja,10000,EUR,Einrichtungs- oder organisationsgebunden,Frankreich | Île-de-France | Paris,Nominierung Einrichtung / Gremium,,
O012038,Q117823160,Prix Henry Rey,fr,Henry Rey Prize,ORAP,Henry-Rey-Preis,ORAP,Société astronomique de France,wissenschaftlicher Sektor,FR,https://saf-astronomie.fr/prix/,Forschung,Wissenschaftlicher Preis,Nein,Kein Preisgeld,Kein Preisgeld,Keine Angabe,Keine Angabe,Keine Angabe,1926,
O012616,Q27996489,Prix Jaffé,fr,Jaffé Prize,ORAP,Jaffé-Preis,ORAP,Académie des sciences,wissenschaftlicher Sektor,FR,https://www.institutdefrance.fr/lesfondations/jaffe/,Forschung,Wissenschaftlicher Preis,Nein,35000,EUR,Keine Einschränkung,Keine Einschränkung,Nominierung Einrichtung / Gremium,1930,
O012745,Q3113718,Grand Prix Achille-Le Bel,fr,Achille Le Bel Prize,ORAP,Achille-Le-Bel-Preis,ORAP,Société Chimique de France,wissenschaftlicher Sektor,FR,https://new.societechimiquedefrance.fr/distinctions_cat/achille-le-bel/,Forschung,Wissenschaftlicher Preis,Nein,Keine Angabe,Keine Angabe,Einrichtungs- oder organisationsgebunden,Frankreich,Nominierung Einrichtung / Gremium,1976,
O012762,Q3332186,Médaille Blondel,fr,Blondel Medal,ORAP,Blondel-Medaille,ORAP,"Société de l'électricité, de l'électronique et des technologies de l'information et de la communication",wissenschaftlicher Sektor,FR,https://see.asso.fr/medaille-blondel/,Forschung,Wissenschaftlicher Preis,Ja,Kein Preisgeld,Kein Preisgeld,Keine Einschränkung,Keine Einschränkung,Eigenbewerbung,1942,
O012800,Q3404840,Prix Jacques-Louis Lions,fr,Jacques-Louis Lions Prize,ORAP,Jacques-Louis-Lions-Preis,ORAP,Société de Mathématiques Appliquées et Industrielles,wissenschaftlicher Sektor,FR,http://smai.emath.fr/spip.php?article22&lang=fr,Forschung,Wissenschaftlicher Preis,Nein,10000,EUR,International,Frankreich,Nominierung Einrichtung / Gremium,2003,
O013119,Q51679997,Prix Dodo,fr,Dodo Prize,ORAP,Dodo-Preis,ORAP,Académie française,wissenschaftlicher Sektor,FR,http://www.academie-francaise.fr/prix-dodo,Forschung,Wissenschaftlicher Preis,Nein,Keine Angabe,Keine Angabe,Keine Angabe,Keine Angabe,Nominierung Einrichtung / Gremium,1893,
O013273,Q56374235,Prix Paul Flat,fr,Paul Flat Prize,ORAP,Paul-Flat-Preis,ORAP,Académie française,wissenschaftlicher Sektor,FR,http://www.academie-francaise.fr/prix-paul-flat,Sonstiges,Wissenschaftlicher Preis,Ja,Keine Angabe,Keine Angabe,Keine Angabe,Keine Angabe,Keine Angabe,1919,
O013309,Q56822870,Prix Le Dissez de Penanrun,fr,Le Dissez de Penanrun Prize,ORAP,Le-Dissez-de-Penanrun-Preis,ORAP,Académie des sciences morales et politiques,wissenschaftlicher Sektor,FR,https://academiesciencesmoralesetpolitiques.fr/prix-et-medailles/liste-des-prix-par-classement-thematique/prix-le-dissez-de-penanrun/,Forschung,Wissenschaftlicher Preis,Nein,Keine Angabe,Keine Angabe,Keine Angabe,Keine Angabe,Nominierung Einrichtung / Gremium,,
O013454,Q59245518,Prix Charles Dupin,fr,Charles Dupin Prize,ORAP,Charles-Dupin-Preis,ORAP,Académie des sciences morales et politiques,wissenschaftlicher Sektor,FR,https://academiesciencesmoralesetpolitiques.fr/prix-et-palmares-de-lannee/prix-et-medailles/liste-des-prix-par-classement-thematique/prix-charles-dupin/,Forschung,Wissenschaftlicher Preis,Nein,Keine Angabe,Keine Angabe,Keine Angabe,Keine Angabe,Nominierung eingeschränkt,1998,
O013464,Q59469467,Prix Madeleine Laurain-Portemer,fr,Madeleine Laurain-Portemer Prize,ORAP,Madeleine-Laurain-Portemer-Preis,ORAP,Académie des sciences morales et politiques,wissenschaftlicher Sektor,FR,https://academiesciencesmoralesetpolitiques.fr/prix-et-medailles/liste-des-prix-par-classement-thematique/prix-madeleine-laurain-portemer/,Forschung,Wissenschaftlicher Preis,Nein,Keine Angabe,Keine Angabe,Keine Angabe,Keine Angabe,Nominierung eingeschränkt,1998,
O013894,Q65666403,Prix Léon de Rosen,fr,Léon de Rosen Prize,ORAP,Léon-de-Rosen-Preis,ORAP,Académie française,wissenschaftlicher Sektor,FR,http://www.academie-francaise.fr/prix-leon-de-rosen,Sonstiges,Wissenschaftlicher Preis,Nein,15000,EUR,Keine Angabe,Keine Angabe,Keine Angabe,2010,
O013900,Q65917087,Prix Limantour,fr,Limantour Prize,ORAP,Limantour-Preis,ORAP,Académie des sciences morales et politiques,wissenschaftlicher Sektor,FR,https://academiesciencesmoralesetpolitiques.fr/prix-et-medailles/liste-des-prix-par-classement-thematique/prix-limantour/,Forschung,Wissenschaftlicher Preis,Nein,Keine Angabe,Keine Angabe,Keine Angabe,Keine Angabe,Eigenbewerbung,2001,
O013901,Q65935658,Prix Jean Sainteny,fr,Jean Sainteny Prize,ORAP,Jean-Sainteny-Preis,ORAP,Académie des sciences morales et politiques,wissenschaftlicher Sektor,FR,https://academiesciencesmoralesetpolitiques.fr/prix-et-medailles/liste-des-prix-par-classement-thematique/prix-jean-sainteny/,Forschung,Wissenschaftlicher Preis,Nein,Keine Angabe,Keine Angabe,Keine Angabe,Keine Angabe,Nominierung eingeschränkt,1999,
O013936,Q66906180,Prix Dagnan-Bouveret,fr,Dagnan-Bouveret Prize,ORAP,Dagnan-Bouveret-Preis,ORAP,Académie des sciences morales et politiques,wissenschaftlicher Sektor,FR,https://academiesciencesmoralesetpolitiques.fr/prix-et-medailles/liste-des-prix-par-classement-thematique/prix-dagnan-bouveret/,Forschung,Wissenschaftlicher Preis,Nein,Keine Angabe,Keine Angabe,Keine Angabe,Keine Angabe,Nominierung eingeschränkt,2001,
O014064,Q71974767,Prix Choucri Cardahi,fr,Choucri Cardahi Prize,ORAP,Choucri-Cardahi-Preis,ORAP,Académie des sciences morales et politiques,wissenschaftlicher Sektor,FR,https://academiesciencesmoralesetpolitiques.fr/prix-et-medailles/liste-des-prix-par-classement-thematique/prix-choucri-cardahi/,Forschung,Wissenschaftlicher Preis,Nein,Keine Angabe,Keine Angabe,Keine Angabe,Keine Angabe,Nominierung eingeschränkt,1997,
O014065,Q71982086,Prix Louis Marin,fr,Louis Marin Prize,ORAP,Louis-Marin-Preis,ORAP,Académie des sciences morales et politiques,wissenschaftlicher Sektor,FR,https://academiesciencesmoralesetpolitiques.fr/prix-et-medailles/liste-des-prix-par-classement-thematique/prix-louis-marin/,Forschung,Wissenschaftlicher Preis,Nein,Keine Angabe,Keine Angabe,Keine Angabe,Keine Angabe,Nominierung eingeschränkt,1999,
O014066,Q71983632,Fondation du docteur Carrière,fr,Doctor Carrière Foundation Prize,ORAP,Preis der Doctor Carrière Foundation,ORAP,Académie des sciences morales et politiques,wissenschaftlicher Sektor,FR,https://academiesciencesmoralesetpolitiques.fr/prix-et-medailles/liste-des-prix-par-classement-thematique/fondation-du-docteur-carriere/,Forschung,Wissenschaftlicher Preis,Nein,Keine Angabe,Keine Angabe,Keine Angabe,Keine Angabe,Keine Angabe,1999,
O014108,Q74625623,Prix de la Fondation Chanoine Delpeuch,fr,Foundation Chanoine Delpeuch Prize,ORAP,Preis der  Fondation Chanoine Delpeuch,ORAP,Académie des sciences morales et politiques,wissenschaftlicher Sektor,FR,https://academiesciencesmoralesetpolitiques.fr/prix-et-medailles/liste-des-prix-par-classement-thematique/prix-du-chanoine-delpeuch-institut-de-france/,Forschung,Wissenschaftlicher Preis,Nein,Keine Angabe,Keine Angabe,Keine Angabe,Keine Angabe,Nominierung eingeschränkt,2002,
O014223,Q87436512,Prix Victor Cousin,fr,Victor Cousin Prize,ORAP,Victor-Cousin-Preis,ORAP,Académie des sciences morales et politiques,wissenschaftlicher Sektor,FR,https://academiesciencesmoralesetpolitiques.fr/prix-et-palmares-de-lannee/prix-et-medailles/liste-des-prix-par-classement-thematique/prix-victor-cousin/,Forschung,Wissenschaftlicher Preis,Nein,Keine Angabe,Keine Angabe,Keine Angabe,Keine Angabe,Keine Angabe,1999,
O014232,Q87717846,Prix Liliane Bettencourt pour les sciences du vivant,fr,Liliane Bettencourt Prize for Life Sciences,Webseite,Liliane-Bettencourt-Preis für Biowissenschaften,ORAP,Fondation Bettencourt-Schueller,Stiftungen,FR,https://www.fondationbs.org/ce-que-nous-faisons/sciences-de-la-vie/prix-liliane-bettencourt-pour-les-sciences-du-vivant,Forschung,Wissenschaftlicher Preis,Ja,100000,EUR,International,Europa,Nominierung eingeschränkt,1997,
O010082,Q722214,Rényi Alfréd Díj,hu,Rényi Prize,Webseite,Rényi-Preis,ORAP,Rényi Alfréd Matematikai Kutatóintézet,wissenschaftlicher Sektor,HU,https://renyi.hu/dijak/renyi-alfred-dij,Forschung,Wissenschaftlicher Preis,Nein,Keine Angabe,Keine Angabe,Einrichtungs- oder organisationsgebunden,Ungarn,Keine Angabe,1972,
O002298,,Premio Enrico Greppi,it,Enrico Greppi Award,Webseite,Enrico Greppi-Preis,ORAP,European Headache Federation; Società Italiana per lo Studio delle Cefalee,wissenschaftlicher Sektor; wissenschaftlicher Sektor,IT; IT,https://www.sisc.it/04_premiborsestudio/enrico_greppi_award.php?id_liv1=4&id_liv2=11,Forschung,Wissenschaftlicher Preis,Nein,5000,EUR,Keine Einschränkung,Keine Einschränkung,Eigenbewerbung,1989,
O010143,Q1052947,Premio Giuseppe Bartolozzi,it,Giuseppe Bartolozzi Prize,ORAP,Giuseppe-Bartolozzi-Preis,ORAP,Unione Matematica Italiana,wissenschaftlicher Sektor,IT,https://umi.dm.unibo.it/premi-old/premio-giuseppe-bartolozzi/,Forschung,Wissenschaftlicher Preis,Ja,1500,EUR,International,Italien,Eigenbewerbung und Nominierung,1969,
O011075,Q1419938,Medaglia Matteucci,it,Matteucci Medal,Webseite,Matteucci-Medaille,ORAP,Accademia Nazionale delle Scienze,wissenschaftlicher Sektor,IT,https://www.accademiaxl.it/attivita/medaglie/,Forschung,Wissenschaftlicher Preis,Nein,Keine Angabe,Keine Angabe,Keine Einschränkung,Keine Einschränkung,Nominierung eingeschränkt,1870,
O011222,Q937591,Premio Caccioppoli,it,Caccioppoli Prize,ORAP,Caccioppoli-Preis,ORAP,Unione Matematica Italiana,wissenschaftlicher Sektor,IT,https://umi.dm.unibo.it/premi-old/prova/,Forschung,Wissenschaftlicher Preis,Ja,8000,EUR,International,Italien,Nominierung Einrichtung / Gremium,1960,
O011351,Q1131142,NWO-Spinozapremie,nl,Spinoza Prize,Webseite,Spinoza-Preis,ORAP,Nederlandse Organisatie voor Wetenschappelijk Onderzoek,wissenschaftlicher Sektor,NL,https://www.nwo.nl/nwo-spinozapremie,Forschung,Wissenschaftlicher Preis,Nein,1500000,EUR,International,Niederlande,Nominierung eingeschränkt,1995,
O010232,Q2783593,Christiaan Huygens Prijs,nl,Christiaan Huygens Prize,ORAP,Christiaan Huygens-Preis,ORAP,Stichting Christiaan Huygensprijs,Stiftungen,NL,https://christiaanhuygensprijs.nl/,Forschung,Wissenschaftlicher Preis,Ja,10000,EUR,Einrichtungs- oder organisationsgebunden,Niederlande,Nominierung Einrichtung / Gremium,1998,
O011980,Q116216102,Prijs van de Vlaamse Minister voor Wetenschapsbeleid,nl,Prize from the Flemish Minister for Science Policy,ORAP,Preis des flämischen Ministers für Wissenschaftspolitik,ORAP,Koninklijke Vlaamse Academie van België voor Wetenschappen en Kunsten,wissenschaftlicher Sektor,BE,https://kvab.be/prijzen/prijs-van-de-vlaamse-minister-voor-wetenschapsbeleid,Transfer,Wissenschaftlicher Preis,Nein,7500,EUR,Keine Angabe,Keine Angabe,Nominierung Einrichtung / Gremium,2000,
O011981,Q116216147,Prijs van de Vlaamse Wetenschappelijke Stichting,nl,Prize of the Flemish Scientific Foundation,ORAP,Preis der Flämischen Wissenschaftlichen Stiftung,ORAP,Koninklijke Vlaamse Academie van België voor Wetenschappen en Kunsten,wissenschaftlicher Sektor,BE,https://kvab.be/prijzen/prijs-van-de-vlaamse-wetenschappelijke-stichting,Forschung,Wissenschaftlicher Preis,Ja,10000,EUR,Keine Angabe,Keine Angabe,Eigenbewerbung,2002,
O012003,Q116462379,Erik Duverger-prijs,nl,Erik Duverger Award,ORAP,Erik-Duverger-Preis,ORAP,Koninklijke Vlaamse Academie van België voor Wetenschappen en Kunsten,wissenschaftlicher Sektor,BE,https://kvab.be/nl/node/163/17,Forschung,Wissenschaftlicher Preis,Nein,5000,EUR,Keine Angabe,Keine Angabe,Eigenbewerbung,2005,
O012004,Q116462892,Marie-Christiane Maselis-prijs,nl,Marie-Christiane Maselis Prize,ORAP,Marie-Christiane Maselis-Preis,ORAP,Koninklijke Vlaamse Academie van België voor Wetenschappen en Kunsten,wissenschaftlicher Sektor,BE,https://kvab.be/nl/node/163/21,Forschung,Wissenschaftlicher Preis,Nein,5000,EUR,International,Belgien,Keine Angabe,2008,2016
O012005,Q116463834,Mgr. Jozef-Coppens-prijs,nl,Bishop Jozef-Coppens Prize,ORAP,Bischof-Jozef-Coppens-Preis,ORAP,Koninklijke Vlaamse Academie van België voor Wetenschappen en Kunsten,wissenschaftlicher Sektor,BE,https://kvab.be/nl/node/163/14,Forschung,Wissenschaftlicher Preis,Ja,1250,EUR,Einrichtungs- oder organisationsgebunden,Belgien | Flandern,Eigenbewerbung,1986,
O012007,Q116465278,Henri Schouteden-prijs,nl,Henri Schouteden Prize,ORAP,Henri-Schouteden-Preis,ORAP,Koninklijke Vlaamse Academie van België voor Wetenschappen en Kunsten,wissenschaftlicher Sektor,BE,https://kvab.be/nl/node/163/22,Forschung,Wissenschaftlicher Preis,Ja,1250,EUR,Einrichtungs- oder organisationsgebunden,Belgien | Flandern,Eigenbewerbung,1965,
O012008,Q116465678,Henri Vanderlinden-prijs,nl,Henri Vanderlinden Prize,ORAP,Henri-Vanderlinden-Preis,ORAP,Koninklijke Vlaamse Academie van België voor Wetenschappen en Kunsten,wissenschaftlicher Sektor,BE,https://kvab.be/nl/node/163/23,Forschung,Wissenschaftlicher Preis,Nein,1250,EUR,Einrichtungs- oder organisationsgebunden,Belgien | Flandern,Keine Angabe,1990,
O011998,Q116259316,Naturviterprisen,no,The Natural Scientist Award,ORAP,Der Preis für Naturwissenschaften,ORAP,Naturviterne,öffentlicher Sektor,NO,https://www.naturviterne.no/naturviterprisen/category925.html,Transfer,Wissenschaftlicher Preis,Nein,50000,NOK,Keine Angabe,Keine Angabe,Nominierung eingeschränkt,2021,
O012093,Q11981638,Kong Olav Vs kreftforskningspris,no,King Olav V Cancer Research Prize,ORAP,König Olav V. Krebsforschungspreis,ORAP,Kreftforeningen,Stiftungen,NO,https://kreftforeningen.no/forskning/kong-olav-vs-kreftforskningspris/,Forschung,Wissenschaftliche Auszeichnung,Nein,1000000,NOK,International,Norwegen,Nominierung Einrichtung / Gremium,1992,
O012338,Q18759577,Guldberg og Waage-medaljen,no,The Guldberg and Waage Medal,ORAP,Die Guldberg und Waage Medaille,ORAP,Norsk Kjemisk Selskap,wissenschaftlicher Sektor,NO,https://kjemi.no/guldberg-og-waage-medaljen/,Forschung,Wissenschaftlicher Preis,Nein,Kein Preisgeld,Kein Preisgeld,International,Norwegen,Keine Angabe,1964,
O001016,,Björn Carlsons Östersjöpris,sv,Bjoern Carlson Baltic Sea Prize,ORAP,Björn Carlsons Ostsee-Preis,ORAP,Björn Carlsons Östersjöstiftelse,Stiftungen,SE,https://bcop.se/,Forschung,Wissenschaftliche Auszeichnung,Nein,4000000,SEK,Keine Angabe,Keine Angabe,Nominierung eingeschränkt,2022,
O010765,Q900321,Gregori Aminoffs pris,sv,Gregori Aminoff Prize,ORAP,Gregori-Aminoff-Preis,ORAP,Royal Swedish Academy of Sciences,wissenschaftlicher Sektor,SE,https://www.kva.se/priser/gregori-aminoffs-pris/,Forschung,Wissenschaftlicher Preis,Nein,150000,SEK,Keine Einschränkung,Keine Einschränkung,Nominierung Einrichtung / Gremium,1979,
O011552,Q10430643,Björkénska priset,sv,Björkén Prize,Webseite,Der Björkén-Preis,ORAP,Uppsala universitet,wissenschaftlicher Sektor,SE,https://www.uu.se/en/about-uu/academic-traditions/traditions/the-bjorken-prize,Forschung,Wissenschaftlicher Preis,Nein,Keine Angabe,Keine Angabe,International,Schweden,Nominierung Einrichtung / Gremium,1902,
O011860,Q111414433,Sven Berggren priset,sv,Sven Berggren Prize,Webseite,Sven-Berggren-Preis,ORAP,Kungliga Fysiografiska Sällskapet i Lund,wissenschaftlicher Sektor,SE,https://www.fysiografen.se/sv/medaljer-priser/,Forschung,Wissenschaftliche Auszeichnung,Nein,Keine Angabe,Keine Angabe,Keine Angabe,Keine Angabe,Keine Angabe,1995,
O010986,Q658444,Kyōto-shō,ja,Kyoto Prize,Webseite,Kyoto-Preis,ORAP,Koeki Zaidan Hojin Inamori Zaidan,wissenschaftlicher Sektor,JP,https://www.kyotoprize.org/,Forschung,Wissenschaftlicher Preis,Nein,100000000,JPY,Keine Einschränkung,Keine Einschränkung,Nominierung Einrichtung / Gremium,1984,
O011512,Q100235796,Eminentes Engenheiros do Ano,pt,Eminent Engineer of the Year,ORAP,Herausragende Ingenieurin/herausragender Ingenieur des Jahres,ORAP,Instituto de Engenharia,wissenschaftlicher Sektor,BR,https://www.institutodeengenharia.org.br/site/engenheiro-do-ano/,Forschung,Wissenschaftlicher Preis,Nein,Keine Angabe,Keine Angabe,Keine Angabe,Keine Angabe,Keine Angabe,1963,
O011132,Q1982621,New Horizons in Physics Prize,en,New Horizons in Physics Prize,Webseite,Preis für neue Horizonte in der Physik,ORAP,Breakthrough Prize Foundation,wissenschaftlicher Sektor,US,https://breakthroughprize.org/Prizes/1,Forschung,Wissenschaftlicher Preis,Ja,100000,USD,Keine Einschränkung,Keine Einschränkung,Nominierung offen,2012,
O010713,Q980337,Genetics Society of America Medal,en,Genetics Society of America Medal,Webseite,Medaille der Genetics Society of America,ORAP,Genetics Society of America,wissenschaftlicher Sektor,US,https://genetics-gsa.org/awards/genetics-society-of-america-medal/,Forschung,Wissenschaftlicher Preis,Nein,Kein Preisgeld,Kein Preisgeld,Einrichtungs- oder organisationsgebunden,International,Nominierung eingeschränkt,1981,
O011089,Q1957671,Médaille d'or du CNRS,fr,CNRS gold medal,Webseite,CNRS-Goldmedaille,ORAP,CNRS - Centre national de la recherche scientifique,wissenschaftlicher Sektor,FR,https://fondation-cnrs.org/medaille-dor-du-cnrs/,Forschung,Wissenschaftlicher Preis,Nein,50000,EUR,Keine Angabe,Keine Angabe,Keine Angabe,1954,
O013205,Q5550285,Premio Internacional Menéndez Pelayo,es,Menéndez Pelayo International Prize,ORAP,Menéndez Pelayo Internationaler Preis,ORAP,Universidad Internacional Menéndez Pelayo; Fundación Cervantina de México,wissenschaftlicher Sektor; Stiftungen,ES; MX,https://www.uimp.es/institucional/premios-y-reconocimientos/premio-menendez-pelayo.html,Forschung,Wissenschaftlicher Preis,Nein,20000,EUR,Keine Einschränkung,Keine Einschränkung,Nominierung eingeschränkt,1987,
O013973,Q67881293,Prix Liotard,fr,Liotard Award,ORAP,Liotard-Preis,ORAP,Société des explorateurs français,wissenschaftlicher Sektor,FR,https://www.societe-explorateurs.org/parrainage-et-prix/prix-louis-liotard/,Forschung,Wissenschaftlicher Preis,Nein,Keine Angabe,Keine Angabe,Keine Angabe,Keine Angabe,Keine Angabe,1948,
O011849,Q111164558,Prix Auguste Viquesnel,fr,Auguste Viquesnel Award,ORAP,Auguste Viquesnel-Preis,ORAP,Société géologique de France,wissenschaftlicher Sektor,FR,https://www.geosoc.fr/les-prix/distinctions-prix/63-propos/les-prix/liste-des-prix-sgf/108-prix-viquesnel.html,Forschung,Wissenschaftlicher Preis,Nein,Keine Angabe,Keine Angabe,Keine Angabe,Keine Angabe,Keine Angabe,1875,
O011130,Q1627355,Erwin Plein Nemmers Prize in Economics,en,Erwin Plein Nemmers Prize in Economics,Webseite,Erwin Plein Nemmers-Preis für Wirtschaftswissenschaften,ORAP,Northwestern University,wissenschaftlicher Sektor,US,https://www.nemmers.northwestern.edu/economics/,Forschung,Wissenschaftlicher Preis,Nein,300000,USD,Keine Einschränkung,Keine Einschränkung,Nominierung offen,1994,
O020120,,Abt Jerusalem-Preis,de,Abbot Jerusalem Prize,ORAP,Abt Jerusalem-Preis,Webseite,Evangelisch-lutherische Landeskirche in Braunschweig; Technische Universität Braunschweig; Braunschweigische Wissenschaftliche Gesellschaft,öffentlicher Sektor; wissenschaftlicher Sektor; wissenschaftlicher Sektor,DE; DE; DE,https://www.thzbs.de/ev-akademie/abt-jerusalem-preis,Forschung,Wissenschaftlicher Preis,Nein,5000,EUR,Keine Angabe,Keine Angabe,Keine Angabe,2009,
O012815,Q3405400,Prix Wilder-Penfield,fr,Wilder Penfield Award,ORAP,Wilder-Penfield-Preis,ORAP,Gouvernement du Québec,öffentlicher Sektor,CA,https://prixduquebec.gouv.qc.ca/prix/scientifiques/wilder-penfield/,Forschung,Wissenschaftlicher Preis,Nein,3000,CAD,International,Kanada | Québec,Nominierung offen,1993,
O012128,Q12378608,Viktor Ambartsumian International Science Prize,en,Viktor Ambartsumian International Science Prize,Webseite,Viktor Ambartsumian Internationaler Wissenschaftspreis,ORAP,Hayastani gitutyunneri azgayin akademia,wissenschaftlicher Sektor,AM,http://vaprize.sci.am,Forschung,Wissenschaftlicher Preis,Nein,300000,USD,Keine Einschränkung,Keine Einschränkung,Nominierung eingeschränkt,2010,
O020112,,Dr. Wilhelmy VDE Preis,de,Dr. Wilhelmy VDE Prize,ORAP,Dr. Wilhelmy VDE Preis,Webseite,VDE Verband der Elektrotechnik Elektronik Informationstechnik; Dr. Wilhelmy-Stiftung,wissenschaftlicher Sektor; wissenschaftlicher Sektor,DE; DE,https://www.vde.com/de/elektroingenieurinnen/preise-ehrungen/wilhelmy-vde-preis,Forschung,Wissenschaftlicher Preis,Ja,3000,EUR,DACH,Deutschland,Keine Angabe,,
O010174,Q891656,Boltzmann Medal,en,Boltzmann Medal,Webseite,Boltzmann-Medaille,ORAP,International Union of Pure and Applied Physics,wissenschaftlicher Sektor,CH,https://iupap.org/who-we-are/internal-organization/commissions/c3-statistical-physics/c3-awards/#commission,Forschung,Wissenschaftlicher Preis,Nein,Kein Preisgeld,Kein Preisgeld,Keine Einschränkung,Keine Einschränkung,Nominierung eingeschränkt,1975,
O020065,,Preis für klinische Radioonkologie,de,Prize for Clinical Radiation Oncology,ORAP,Preis für klinische Radioonkologie,Webseite,Deutsche Gesellschaft für Radioonkologie,wissenschaftlicher Sektor,DE,https://www.degro.org/degro/preise/preis-fuer-klinische-radioonkologie/,Forschung,Wissenschaftlicher Preis,Nein,25000,EUR,DACH,Deutschland; Österreich; Schweiz,Eigenbewerbung,2023,
O011104,Q1853663,Millennium Technology Prize,en,Millennium Technology Prize,Webseite,Millennium-Technologiepreis,ORAP,Tekniikan Akatemia -säätiö,öffentlicher Sektor,FI,https://millenniumprize.org/,Forschung,Wissenschaftlicher Preis,Nein,1000000,EUR,Keine Einschränkung,Keine Einschränkung,Nominierung offen,2004,
O020067,,Rowena-Morse-Preis,de,Rowena Morse Prize,Webseite,Rowena-Morse-Preis,Webseite,Friedrich-Schiller-Universität Jena,wissenschaftlicher Sektor,DE,https://www.uni-jena.de/167728/wissenschaftspreise,Forschung,Wissenschaftlicher Preis,Nein,5000,EUR,Einrichtungs- oder organisationsgebunden,Deutschland | Thüringen | Jena,Keine Angabe,,
O011411,Q1195902,V. M. Goldschmidt Award,en,V. M. Goldschmidt Award,Webseite,V. M. Goldschmidt-Preis,ORAP,Geochemical Society,wissenschaftlicher Sektor,US,https://geochemsoc.org/honors/society-awards/vm-goldschmidt-award,Forschung,Wissenschaftlicher Preis,Nein,1500,USD,Keine Einschränkung,Keine Einschränkung,Nominierung offen,1972,
O020163,,Dr. K. H. Eberle Preis,de,Dr K. H. Eberle Prize,ORAP,Dr. K. H. Eberle Preis,Webseite,Dr. K. H. Eberle Stiftung,wissenschaftlicher Sektor,DE,https://dreberlestiftung.de/foerderprojekte/,Forschung,Wissenschaftlicher Preis,Nein,100000,EUR,Einrichtungs- oder organisationsgebunden,Deutschland | Baden-Württemberg | Tübingen; Lörrach; Konstanz,Keine Angabe,2016,
O020074,,Wilhelm Pfeffer-Preis,de,Wilhelm Pfeffer Prize,ORAP,Wilhelm Pfeffer-Preis,Webseite,Deutsche Botanische Gesellschaft (DBG),wissenschaftlicher Sektor,DE,https://www.deutsche-botanische-gesellschaft.de/ueber-die-dbg/nachwuchsfoerderung/pfeffer-preis,Forschung,Wissenschaftlicher Preis,Ja,2500,EUR,Keine Angabe,Keine Angabe,Nominierung eingeschränkt,1992,
O020084,,Wilhelm-Ostwald-Medaille,de,Wilhelm Ostwald Medal,ORAP,Wilhelm-Ostwald-Medaille,Webseite,Sächsische Akademie der Wissenschaften zu Leipzig,wissenschaftlicher Sektor,DE,https://www.saw-leipzig.de/de/ueber-die-akademie/wilhelm-ostwald-medaille,Forschung,Wissenschaftlicher Preis,Nein,Keine Angabe,Keine Angabe,Keine Angabe,Keine Angabe,Nominierung eingeschränkt,1979,
O011191,Q1385301,Perkin Medal,en,Perkin Medal,Webseite,Perkin Medaille,ORAP,Society of Chemical Industry,wissenschaftlicher Sektor,US,https://sci-america.org/awards/#perkin,Forschung,Wissenschaftlicher Preis,Nein,Keine Angabe,Keine Angabe,International,Vereinigte Staaten,Nominierung eingeschränkt,1906,
O011141,Q12329332,Novo Nordisk Prisen,da,Novo Nordisk Prize,Webseite,Novo Nordisk-Preis,ORAP,Novo Nordisk Fonden,wissenschaftlicher Sektor,DK,https://novonordiskfonden.dk/grant/novo-nordisk-prize-nomination/,Forschung,Wissenschaftlicher Preis,Nein,5000000,DKK,International,Europa,Nominierung offen,,
O011151,Q1778662,Oskar Klein Medal,en,Oskar Klein Medal,Webseite,Oskar-Klein-Medaille,ORAP,Royal Swedish Academy of Sciences; Stockholms Universitet,wissenschaftlicher Sektor; wissenschaftlicher Sektor,SE; SE,https://www.okc.albanova.se/about-the-okc?cache=0&open-collapse-boxes=ccbd-oskarkleinmemoriallecture,Forschung,Wissenschaftlicher Preis,Nein,Keine Angabe,Keine Angabe,Keine Angabe,Keine Angabe,Keine Angabe,1988,
O020102,,Wissen der Vielen – Forschungspreis für Citizen Science,de,Knowledge of the Many - Research Prize for Citizen Science,ORAP,Wissen der Vielen – Forschungspreis für Citizen Science,Webseite,Wissenschaft im Dialog; Museum für Naturkunde - Leibniz-Institut für Evolutions- und Biodiversitätsforschung,wissenschaftlicher Sektor; wissenschaftlicher Sektor,DE; DE,https://www.mitforschen.org/ein-preis-fuer-exzellente-forschung-mit-citizen-science,Forschung,Wissenschaftlicher Preis,Nein,20000,EUR,DACH,Deutschland,Nominierung offen,,
O020114,,RWDG-Wissenschaftspreis,de,RWDG Science Prize,ORAP,RWDG-Wissenschaftspreis,Webseite,Rheinisch-Westfälische Dermatologische Gesellschaft,wissenschaftlicher Sektor,DE,https://www.dwfa.de/wissenschaftspreise,Forschung,Wissenschaftlicher Preis,Ja,5000,EUR,Einrichtungs- oder organisationsgebunden,Deutschland | Nordrhein-Westfalen,Eigenbewerbung,,
O011452,Q1562007,Sir Edmund Whittaker Memorial Prize,en,Sir Edmund Whittaker Memorial Prize,Webseite,Sir Edmund Whittaker Memorialpreis,ORAP,Edinburgh Mathematical Society,wissenschaftlicher Sektor,GB,https://www.ems.ac.uk/prizes/,Forschung,Wissenschaftlicher Preis,Ja,1000,GBP,International,Schottland,Nominierung eingeschränkt,,
O012780,Q3376522,Göran Gustafssonprisen,sv,Goeran Gustafsson Prize,ORAP,Göran-Gustafsson-Preis,ORAP,Royal Swedish Academy of Sciences,wissenschaftlicher Sektor,SE,http://gustafssonsstiftelser.se/sid-4/stiftelse-2-kva/pristagare/,Forschung,Wissenschaftlicher Preis,Ja,6600000,SEK,International,Schweden,Nominierung Einrichtung / Gremium,1991,
O012642,Q28502289,Villanova University Mendel Medal,en,Villanova University Mendel Medal,Webseite,Mendel-Medaille der Universität Villanova,ORAP,Villanova University,wissenschaftlicher Sektor,US,https://www1.villanova.edu/university/events/mendel-medal.html,Forschung,Wissenschaftlicher Preis,Nein,Keine Angabe,Keine Angabe,Keine Angabe,Keine Angabe,Nominierung Einrichtung / Gremium,1929,
O010943,Q782022,UNESCO Kalinga Prize for the Popularization of Science,en,UNESCO Kalinga Prize for the Popularization of Science,Webseite,UNESCO-Kalinga-Preis für die Popularisierung der Wissenschaft,ORAP,UNESCO,öffentlicher Sektor,FR,https://www.unesco.org/en/prizes/popularization-science/about,Transfer,Wissenschaftlicher Preis,Nein,40000,USD,Keine Angabe,Keine Angabe,Nominierung eingeschränkt,1951,
O020119,,H.F. Mark Medaille,de,H.F. Mark Medal,ORAP,H.F. Mark Medaille,Webseite,Österreichisches Forschungsinstitut für Chemie und Technik (OFI),wissenschaftlicher Sektor,AT,https://www.ofi.at/events/verleihung-hfm-2024,Forschung,Wissenschaftlicher Preis,Nein,Keine Angabe,Keine Angabe,Keine Angabe,Keine Angabe,Keine Angabe,1975,
O010770,Q477467,Gruber Genetics Prize,en,Gruber Genetics Prize,Webseite,Gruber-Preis für Genetik,ORAP,Gruber Foundation,Stiftungen,US,https://gruber.yale.edu/genetics,Forschung,Wissenschaftlicher Preis,Nein,500000,USD,Keine Einschränkung,Keine Einschränkung,Nominierung offen,2001,
O020130,,Frontiers annual Spotlight Award,en,Frontiers annual Spotlight Award,Webseite,Jährlicher Spotlight Preis von Frontiers,ORAP,Frontiers Media,wirtschaftlicher Sektor,CH,https://www.spotlightaward.frontiersin.org/award,Forschung,Wissenschaftlicher Preis,Nein,100000,USD,Keine Einschränkung,Keine Einschränkung,Keine Angabe,,
O012252,Q18397105,Vening Meinesz prijs,nl,Vening Meinesz Prize,Webseite,Vening Meinesz-Preis,ORAP,Koninklijk Nederlands Geologisch Mijnbouwkundig Genootschap,wissenschaftlicher Sektor,NL,https://www.kngmg.nl/en/vening-meineszprijs/,Forschung,Wissenschaftlicher Preis,Ja,10000,EUR,International,Niederlande,Nominierung eingeschränkt,1965,
O012969,Q47486817,Villum Kann Rasmussen Annual Award,en,Villum Kann Rasmussen Annual Award,Webseite,Villum-Kann-Rasmussen-Jahrespreis,ORAP,Villum Fonden,wissenschaftlicher Sektor,DK,https://villumfonden.dk/en/group/grantsubarea/villum-kann-rasmussen-annual-award,Forschung,Wissenschaftlicher Preis,Nein,5000000,DKK,International,Dänemark,Nominierung Einrichtung / Gremium,1987,
O012154,Q15995115,Harry H. Goode Memorial Award,en,Harry H. Goode Memorial Award,Webseite,Harry H. Goode Gedenkpreis,ORAP,Institute of Electrical and Electronics Engineers,wissenschaftlicher Sektor,US,https://www.computer.org/volunteering/awards/goode,Forschung,Wissenschaftlicher Preis,Nein,2000,USD,Keine Angabe,Keine Angabe,Nominierung offen,1964,
O011169,Q2047718,Paleontological Society Medal,en,Paleontological Society Medal,Webseite,Medaille der Paläontologischen Gesellschaft,ORAP,Paleontological Society,wissenschaftlicher Sektor,US,https://www.paleosoc.org/paleontological-society-medal,Forschung,Wissenschaftlicher Preis,Nein,Keine Angabe,Keine Angabe,Keine Einschränkung,Keine Einschränkung,Nominierung offen,,
O020054,,Brandenburger Wissenschaftspreis Lehre,de,Brandenburg Science Prize for Teaching,ORAP,Brandenburger Wissenschaftspreis Lehre,Webseite,"Ministerium für Wissenschaft, Forschung und Kultur des Landes Brandenburg",öffentlicher Sektor,DE,https://mwfk.brandenburg.de/mwfk/de/wissenschaft/brandenburger-wissenschaftspreise/landeslehrpreis/,Lehre,Wissenschaftlicher Preis,Nein,10000,EUR,DACH,Deutschland | Brandenburg,Nominierung Einrichtung / Gremium,2016,
O012217,Q17142808,Karl Deutsch Award,en,Karl Deutsch Award,Webseite,Karl Deutsch-Preis,ORAP,International Studies Association,wissenschaftlicher Sektor,US,https://www.isanet.org/Programs/Awards/Karl-Deutsch,Forschung,Wissenschaftlicher Preis,Ja,500,USD,Einrichtungs- oder organisationsgebunden,International,Eigenbewerbung und Nominierung,1985,
O001211,,WLA Prize,en,WLA Prize,Webseite,WLA-Preis,ORAP,Shijie Dingjian Kexuejia Xiehui,wissenschaftlicher Sektor,HK,https://www.thewlaprize.org/,Forschung,Wissenschaftlicher Preis,Nein,10000000,RMB,Keine Einschränkung,Keine Einschränkung,Nominierung offen,2022,
O020087,,Ars legendi-Fakultätenpreis Wald- und Forstwissenschaften,de,Ars legendi Faculty Prize for Forestry and Forest Sciences,ORAP,Ars legendi-Fakultätenpreis Wald- und Forstwissenschaften,Webseite,Stifterverband für die Deutsche Wissenschaft; Forstlicher Fakultätentag; Sattelmühle-Stiftung,wissenschaftlicher Sektor; wissenschaftlicher Sektor; wissenschaftlicher Sektor,DE; DE; DE,https://www.stifterverband.org/ars-legendi-wald-und-forstwissenschaften,Lehre,Wissenschaftlicher Preis,Nein,15000,EUR,Einrichtungs- oder organisationsgebunden,Deutschland,Keine Angabe,2024,
O020117,Q575568,International Prize for Biology,en ,International Prize for Biology,Webseite,Internationaler Preis für Biologie,ORAP,Nihon Gakujutsu Shinkōkai,wissenschaftlicher Sektor,JP,https://www.jsps.go.jp/english/e-biol/,Forschung,Wissenschaftlicher Preis,Nein,10000000,JPY,Keine Einschränkung,Keine Einschränkung,Nominierung offen,1985,
O013915,Q66360522,McKay Hammer Award,en,McKay Hammer Award,Webseite,McKay Hammer-Preis,ORAP,Geoscience Society of New Zealand,wissenschaftlicher Sektor,NZ,https://gsnz.org.nz/awards-and-recognition/past-award-recipients/mckay-hammer-award/,Forschung,Wissenschaftlicher Preis,Nein,Kein Preisgeld,Kein Preisgeld,Einrichtungs- oder organisationsgebunden,Neuseeland,Eigenbewerbung und Nominierung,1956,
O002571,,Janssen Prize for Creativity in Organic Synthesis,en,Janssen Prize for Creativity in Organic Synthesis,Webseite,Janssen-Preis für Kreativität in der organischen Synthese,ORAP,Janssen Pharmaceutica,wirtschaftlicher Sektor,BE,https://www.janssenprizeorganicsynthesis.com/,Forschung,Wissenschaftlicher Preis,Ja,20000,EUR,Keine Angabe,Keine Angabe,Nominierung offen,,
O001137,,Preis der Dr. Margrit Egnér-Stiftung,de,Award of the Dr. Margrit Egnér Foundation,ORAP,Preis der Dr. Margrit Egnér-Stiftung,Webseite,Dr. Margrit Egnér-Stiftung,wissenschaftlicher Sektor,CH,https://margritegner.ch/,Forschung,Wissenschaftlicher Preis,Nein,Keine Angabe,Keine Angabe,Keine Angabe,Keine Angabe,Keine Angabe,2006,
O010702,Q745990,G. K. Gilbert Award,en,G. K. Gilbert Award,Webseite,G. K. Gilbert Preis,ORAP,Geological Society of America,wissenschaftlicher Sektor,US,https://community.geosociety.org/pgd/awards/gilbert,Forschung,Wissenschaftlicher Preis,Nein,Keine Angabe,Keine Angabe,Keine Angabe,Keine Angabe,Nominierung offen,1983,
O002036,Q47170,Sveriges Riksbanks pris i ekonomisk vetenskap till Alfred Nobels minne,sv,Sveriges Riksbank Prize in Economic Sciences in Memory of Alfred Nobel,Webseite,Alfred-Nobel-Gedächtnispreis für Wirtschaftswissenschaften,ORAP,Royal Swedish Academy of Sciences,wissenschaftlicher Sektor,SE,https://www.kva.se/priser/ekonomipriset/,Forschung,Wissenschaftlicher Preis,Nein,11000000,SEK,Keine Einschränkung,Keine Einschränkung,Nominierung eingeschränkt,1969,
O012491,Q22704303,Hagedorn Prisen,da,The Hagedorn Prize,Webseite,Hagedorn-Preis,ORAP,Dansk Selskab for Intern Medicin,wissenschaftlicher Sektor,DK,https://novonordiskfonden.dk/priser/hagedorn-prisen/,Forschung,Wissenschaftlicher Preis,Nein,1500000,DKK,International,Dänemark,Nominierung eingeschränkt,1966,
O010265,Q1166881,Darwin-Wallace Medal,en,Darwin-Wallace Medal,Webseite,Darwin-Wallace-Medaille,ORAP,Linnean Society of London,wissenschaftlicher Sektor,GB,https://www.linnean.org/the-society/medals-awards-prizes-grants/the-darwin-wallace-medal,Forschung,Wissenschaftlicher Preis,Nein,Kein Preisgeld,Kein Preisgeld,Keine Einschränkung,Keine Einschränkung,Nominierung offen,2018,
O020060,Q2581817,Willy-Hager-Preis,de,Willy Hager Prize,ORAP,Willy-Hager-Preis,Webseite,Willy-Hager-Stiftung,Stiftungen,DE,https://willy-hager-stiftung.de/preise/willy-hager-preis,Forschung,Wissenschaftlicher Preis,Ja,6000,EUR,DACH,Deutschland,Eigenbewerbung,1993,
O001140,,Memento Forschungspreis,de,Memento Research Prize,ORAP,Memento Forschungspreis,Webseite,BUKO Pharma-Kampagne; DAHW Deutsche Lepra- und Tuberkulosehilfe; Ärzte ohne Grenzen; Brot für die Welt,Stiftungen; Stiftungen; Stiftungen; Stiftungen,DE; DE; DE; DE,https://memento-preis.de/der-memento-forschungspreis/,Forschung,Wissenschaftlicher Preis,Nein,5000,EUR,Keine Angabe,Keine Angabe,Eigenbewerbung,2014,
O013039,Q50384813,Basser Global Prize,en,Basser Global Prize,Webseite,Basser-Global-Preis,ORAP,Penn Medicine,wissenschaftlicher Sektor,US,https://www.basser.org/basser-global-prize,Forschung,Wissenschaftlicher Preis,Nein,100000,USD,Keine Einschränkung,Keine Einschränkung,Nominierung offen,2013,
O014166,Q8017107,William Procter Prize for Scientific Achievement,en,William Procter Prize for Scientific Achievement,Webseite,William-Procter-Preis für wissenschaftliche Leistungen,ORAP,"Sigma Xi, The Scientific Research Honor Society",wissenschaftlicher Sektor,US,https://www.sigmaxi.org/programs/prizes-awards/william-procter,Forschung,Wissenschaftlicher Preis,Nein,10000,USD,Keine Angabe,Keine Angabe,Nominierung offen,1950,
O020055,,Brandenburger Wissenschaftspreis Postdoc,de,Brandenburg Science Prize Postdoc,ORAP,Brandenburger Wissenschaftspreis Postdoc,Webseite,"Ministerium für Wissenschaft, Forschung und Kultur des Landes Brandenburg",öffentlicher Sektor,DE,https://mwfk.brandenburg.de/mwfk/de/wissenschaft/brandenburger-wissenschaftspreise/postdoc-preis/,Forschung,Wissenschaftlicher Preis,Ja,20000,EUR,DACH,Deutschland | Brandenburg,Eigenbewerbung und Nominierung,2007,
O020123,,Christian Roller Preis,de,Christian Roller Prize,ORAP,Christian Roller Preis,Webseite,Illenauer Stiftungen,Stiftungen,DE,https://www.illenauerstiftungen.de/seiten/rollerpreis/fs_roller.html,Forschung,Wissenschaftlicher Preis,Nein,20000,EUR,Einrichtungs- oder organisationsgebunden,Deutschland | Baden-Württemberg | Freiburg; Karlsruhe,Nominierung Einrichtung / Gremium,2006,
O013409,Q57901671,Waldemar Lindgren Award,en,Waldemar Lindgren Award,Webseite,Waldemar-Lindgren-Preis,ORAP,Society of Economic Geologists,wissenschaftlicher Sektor,US,https://www.segweb.org/SEG/Membership/SEG/Membership/Medals-and-Awards/Waldemar-Lindgren-Award.aspx,Forschung,Wissenschaftlicher Preis,Ja,Keine Angabe,Keine Angabe,Keine Einschränkung,Keine Einschränkung,Nominierung eingeschränkt,1962,
O002910,Q2418987,Theologischer Preis der Salzburger Hochschulwochen,de,Salzburg University Weeks Theological Prize,ORAP,Theologischer Preis der Salzburger Hochschulwochen,Webseite,Salzburger Hochschulwochen,wissenschaftlicher Sektor,AT,https://www.salzburger-hochschulwochen.at/theologischer-preis,Forschung,Wissenschaftlicher Preis,Nein,5000,EUR,DACH,Deutschland; Österreich; Schweiz,Keine Angabe,2006,
O002465,,Global Team Science Award,en,Global Team Science Award,Webseite,Globaler Team-Wissenschaftspreis,ORAP,Lupus Research Alliance,wissenschaftlicher Sektor,US,https://www.lupusresearch.org/for-researchers/funded-research/global-team-science-award/,Forschung,Wissenschaftlicher Preis,Nein,3000000,USD,Keine Angabe,Keine Angabe,Keine Angabe,2021,
O010133,Q1107771,Bakerian Medal and Lecture,en,Bakerian Medal and Lecture,Webseite,Bakerian-Medaille und Vorlesung,ORAP,Royal Society,wissenschaftlicher Sektor,GB,https://royalsociety.org/medals-and-prizes/bakerian-lecture/,Forschung,Wissenschaftlicher Preis,Nein,10000,GBP,Keine Einschränkung,Keine Einschränkung,Nominierung offen,1775,
O011691,Q106626797,Edmond Hustinxprijs voor de wetenschap,nl,Edmond Hustinx prize science,Webseite,Edmond Hustinx-Preis für die Wissenscchaften,ORAP,Stichting Edmond Hustinx,wissenschaftlicher Sektor,NL,https://www.hustinxstichting.nl/nederlands/-edmond-hustinxprijs-wetenschap/,Forschung,Wissenschaftlicher Preis,Ja,15000,EUR,Einrichtungs- oder organisationsgebunden,Niederlande | Limburg | Maastricht,Nominierung eingeschränkt,1987,
O014094,Q7374839,Royal Society Wolfson Fellowship,en,Royal Society Wolfson Fellowship,Webseite,Wolfson-Stipendium der Royal Society,ORAP,Royal Society,wissenschaftlicher Sektor,GB,https://royalsociety.org/grants/royal-society-wolfson-fellowship/,Forschung,Wissenschaftliche Auszeichnung,Nein,300000,GBP,International,Vereinigtes Königreich,Nominierung Einrichtung / Gremium,2018,
O010181,Q5019489,Breakthrough Prize in Life Sciences,en,Breakthrough Prize in Life Sciences,Webseite,Breakthrough-Preis in den Lebenswissenschaften,ORAP,Breakthrough Prize Foundation,wissenschaftlicher Sektor,US,https://breakthroughprize.org/Prize/2,Forschung,Wissenschaftlicher Preis,Nein,3000000,USD,Keine Einschränkung,Keine Einschränkung,Nominierung offen,2013,
O020075,,Horst Wiehe-Förderpreis,de,Horst Wiehe Promotion Award of the DBG,ORAP,Horst Wiehe-Förderpreis,Webseite,Deutsche Botanische Gesellschaft (DBG),wissenschaftlicher Sektor,DE,https://www.deutsche-botanische-gesellschaft.de/ueber-die-dbg/nachwuchsfoerderung/wiehe-preis,Forschung,Wissenschaftlicher Preis,Ja,1500,EUR,Keine Einschränkung,Keine Einschränkung,Eigenbewerbung und Nominierung,1993,
O013873,Q6501096,Laurent Clerc Award,en,Laurent Clerc Award,Webseite,Laurent Clerc-Preis,ORAP,Gallaudet University,wissenschaftlicher Sektor,US,https://gallaudet.edu/alumni-association/laurent-clerc-cultural-fund-awards/laurent-clerc-award/,Forschung,Wissenschaftlicher Preis,Nein,Keine Angabe,Keine Angabe,Keine Angabe,Keine Angabe,Keine Angabe,1970,2020
O002366,Q1403571,Felix Klein Prize,en,Felix Klein Prize,Webseite,Felix-Klein-Preis,ORAP,European Mathematical Society; Fraunhofer-Institut für Techno- und Wirtschaftsmathematik ITWM,wissenschaftlicher Sektor; wissenschaftlicher Sektor,FI; DE,https://www.math.kth.se/4ecm/felix.klein.html,Forschung,Wissenschaftlicher Preis,Ja,5000,EUR,Keine Angabe,Keine Angabe,Nominierung offen,1999,
O010930,Q392289,John von Neumann Prize,en,John von Neumann Prize,Webseite,John-von-Neumann-Preis,ORAP,Society for Industrial and Applied Mathematics,wissenschaftlicher Sektor,US,https://www.siam.org/programs-initiatives/prizes-awards/major-prizes-lectures/john-von-neumann-prize/,Forschung,Wissenschaftlicher Preis,Nein,5000,USD,Keine Einschränkung,Keine Einschränkung,Nominierung offen,1959,
O001702,Q1786381,L’Oréal-UNESCO For Women in Science International Awards,en,L’Oréal-UNESCO For Women in Science International Awards,Webseite,Internationale L'Oréal-UNESCO-Preise für Frauen in der Wissenschaft,ORAP,UNESCO; Fondation L’Oréal,öffentlicher Sektor; Stiftungen,FR; FR,https://www.forwomeninscience.com/,Forschung,Wissenschaftlicher Preis,Nein,100000,EUR,International,Afrika; Arabische Staaten; Asien; Pazifik; Europa; Lateinamerika; Karibik; Nordamerika,Nominierung offen,1998,
O011305,Q2175611,David E. Rumelhart Prize,en,David E. Rumelhart Prize,Webseite,David-E.-Rumelhart-Preis,ORAP,Cognitive Science Society,wissenschaftlicher Sektor,US,https://cognitivesciencesociety.org/rumelhart-prize/,Forschung,Wissenschaftlicher Preis,Nein,100000,USD,Keine Angabe,Keine Angabe,Nominierung offen,2001,
O020070,Q29954322,KlarText-Preis für Wissenschaftskommunikation,de,KlarText Prize for Science Communication,ORAP,KlarText-Preis für Wissenschaftskommunikation,Webseite,Klaus Tschira Stiftung,Stiftungen,DE,https://klartext-preis.de/,Forschung,Wissenschaftlicher Preis,Ja,7500,EUR,Keine Einschränkung,Keine Einschränkung,Eigenbewerbung,2002,
O014263,Q9062347,Premios Rei Jaume I,ca,Rei Jaume I Prize,Webseite,König James I-Preis,ORAP,Fundación Valenciana Premios Rei Jaume I,wissenschaftlicher Sektor,ES,https://fprj.es/en/awards/,Forschung,Wissenschaftlicher Preis,Nein,100000,EUR,International,Spanien,Nominierung eingeschränkt,1989,
O020169,Q56293505,Toynbee Prize,en,Toynbee Prize,Webseite,Toynbee-Preis,ORAP,Toynbee Prize Foundation,Stiftungen,US,https://toynbeeprize.org/the-prize/,Forschung,Wissenschaftlicher Preis,Nein,Keine Angabe,Keine Angabe,Keine Angabe,Keine Angabe,Keine Angabe,1987,
O011405,Q1892257,Tyler Prize for Environmental Achievement,en,Tyler Prize for Environmental Achievement,Webseite,Tyler-Preis für Umweltleistungen,ORAP,University of Southern California,wissenschaftlicher Sektor,US,https://www.tylerprize.org/,Forschung,Wissenschaftlicher Preis,Nein,250000,USD,Keine Einschränkung,Keine Einschränkung,Nominierung offen,1973,
O012742,Q30892062,Rank Prize,en,Rank Prize,Webseite,Rank-Preis,ORAP,Rank Foundation,Stiftungen,GB,https://www.rankprize.org/,Forschung,Wissenschaftlicher Preis,Nein,100000,GBP,Keine Angabe,Keine Angabe,Keine Angabe,1972,
O011143,Q12041503,Cena Františka Nušla,cs,František Nušl Award,ORAP,František-Nusl-Preis,ORAP,Česká astronomická společnost,wissenschaftlicher Sektor,CZ,https://www.astro.cz/spolecnost/oceneni-cas/cena-frantiska-nusla.html,Forschung,Wissenschaftlicher Preis,Nein,Kein Preisgeld,Kein Preisgeld,Keine Einschränkung,Keine Einschränkung,Nominierung eingeschränkt,1938,
O013136,Q52447419,Hutton Medal,en,Hutton Medal,Webseite,Hutton Medaille,ORAP,Royal Society of New Zealand Te Apārangi,wissenschaftlicher Sektor,NZ,https://www.royalsociety.org.nz/what-we-do/medals-and-awards/hutton-medal/,Forschung,Wissenschaftlicher Preis,Nein,Keine Angabe,Keine Angabe,International,Neuseeland,Nominierung offen,1911,
O011446,Q772112,World Food Prize,en,World Food Prize,Webseite,Welternährungspreis,ORAP,World Food Prize Foundation,wissenschaftlicher Sektor,US,https://www.worldfoodprize.org/,Forschung,Wissenschaftlicher Preis,Nein,500000,USD,Keine Einschränkung,Keine Einschränkung,Nominierung Einrichtung / Gremium,1986,
O010720,Q1506751,George B. Dantzig Prize,en,George B. Dantzig Prize,Webseite,George B. Dantzig-Preis,ORAP,Society for Industrial and Applied Mathematics; Mathematical Optimization Society,wissenschaftlicher Sektor; wissenschaftlicher Sektor,US; US,https://www.siam.org/programs-initiatives/prizes-awards/joint-prizes/george-b-dantzig-prize/,Forschung,Wissenschaftlicher Preis,Nein,Keine Angabe,Keine Angabe,Keine Angabe,Keine Angabe,Keine Angabe,1979,
O020081,,Bethesda Forschungspreis des Wissenschaftsforums Geriatrie,de,Bethesda Research Prize of the Geriatrics Science Forum,ORAP,Bethesda Forschungspreis des Wissenschaftsforums Geriatrie,Webseite,Deutsche Gesellschaft für Geriatrie,wissenschaftlicher Sektor,DE,https://www.dggeriatrie.de/wissenschaft/preise-und-stipendien/1687-bethesda-forschungspreis-des-wissenschaftsforums-geriatrie,Forschung,Wissenschaftlicher Preis,Nein,1000,EUR,Einrichtungs- oder organisationsgebunden,Deutschland,Eigenbewerbung,,
O020071,Q4377106,Bernhard-Harms-Preis,de,Bernhard Harms Prize,Webseite,Bernhard-Harms-Preis,Webseite,Kiel Institut für Weltwirtschaft,wissenschaftlicher Sektor,DE,https://www.ifw-kiel.de/de/institut/veranstaltungen/preisverleihungen/bernhard-harms-preis/,Forschung,Wissenschaftlicher Preis,Nein,10000,EUR,Keine Angabe,Keine Angabe,Keine Angabe,1964,
O014195,Q85359082,Prix Rhodia Pierre-Gilles de Gennes,fr,Rhodia Pierre-Gilles de Gennes Award,ORAP,Rhodia Pierre-Gilles de Gennes-Preis,ORAP,Rhodia,wirtschaftlicher Sektor,FR,https://new.societechimiquedefrance.fr/rhodia-cree-le-prix-rhodia-pierre-gilles-de-gennes-pour-la-science-et-lindustrie-2008/,Transfer,Wissenschaftlicher Preis,Nein,200000,EUR,Keine Angabe,Keine Angabe,Eigenbewerbung und Nominierung,2008,2010
O013903,Q65952921,Marion Spencer Fay Award,en,Marion Spencer Fay Award,Webseite,Marion Spencer Fay-Preis,ORAP,Drexel University,wissenschaftlicher Sektor,US,https://drexel.edu/medicine/community-engagement/institute-for-womens-health-and-leadership/programs/marion-spencer-fay-award/,Forschung,Wissenschaftlicher Preis,Nein,10000,USD,International,Vereinigte Staaten,Keine Angabe,1963,
O020150,,Gips-Schüle-Nachwuchspreis,de,Gips-Schüle Young Talent Award,ORAP,Gips-Schüle-Nachwuchspreis,Webseite,Gips-Schüle-Stiftung,Stiftungen,DE,https://gips-schuele-stiftung.de/preise-ausschreibungen/gips-schuele-nachwuchspreis/,Forschung,Wissenschaftlicher Preis,Ja,10000,EUR,DACH,Deutschland | Baden-Württemberg,Eigenbewerbung,,
O020174,,WIN-Kolleg,de,WIN-Kolleg,Webseite,WIN-Kolleg,Webseite,Heidelberger Akademie der Wissenschaften,wissenschaftlicher Sektor,DE,https://www.hadw-bw.de/en/young-academy/win-kolleg,Forschung,Wissenschaftliche Auszeichnung,Ja,Keine Angabe,Keine Angabe,DACH,Deutschland | Baden-Württemberg,Eigenbewerbung,2002,
O012424,Q20439136,Eötvös Loránd Fizikai Társulat Érme,hu,Eötvös Loránd Physical Society Medal,ORAP,Medaille der Eötvös Loránd Physikalischen Gesellschaft,ORAP,Eötvös Loránd Fizikai Társulat,wissenschaftlicher Sektor,HU,http://elft.hu/tarsulatrol/dijak/a-tarsulat-altal-adomanyozhato-kituntetesek-es-dijak/az-eotvos-lorand-fizikai-tarsulat-erme/,Forschung,Wissenschaftlicher Preis,Nein,Keine Angabe,Keine Angabe,Einrichtungs- oder organisationsgebunden,Ungarn,Keine Angabe,1969,
O020066,,Sibylle Kalkhof-Rose-Universitätspreis,de,Sibylle Kalkhof-Rose University Award,ORAP,Sibylle Kalkhof-Rose-Universitätspreis,Webseite,Johannes Gutenberg-Universität Mainz; Sibylle Kalkhof-Rose-Stiftung,wissenschaftlicher Sektor; wissenschaftlicher Sektor,DE; DE,https://www.foerdern-und-stiften.uni-mainz.de/sibylle-kalkhof-rose-stiftung/,Forschung,Wissenschaftlicher Preis,Ja,25000,EUR,Einrichtungs- oder organisationsgebunden,Deutschland | Rheinland-Pfalz | Mainz,Nominierung eingeschränkt,2022,
O020141,,Umweltpreis,de,Environmental Award,ORAP,Umweltpreis,Webseite,Universität Konstanz,wissenschaftlicher Sektor,DE,https://www.uni-konstanz.de/universitaet/ueber-die-universitaet-konstanz/stiften-und-foerdern/stiftung-umwelt-und-wohnen/preis-und-preistraegerinnen/,Forschung,Wissenschaftlicher Preis,Nein,10000,EUR,Einrichtungs- oder organisationsgebunden,Deutschland | Baden-Württemberg | Konstanz,Eigenbewerbung,1984,2021
O020076,,Seldinger-Preis ,de,Seldinger Prize,ORAP,Seldinger-Preis ,Webseite,Deutsche Gesellschaft für Gefäßchirurgie und Gefäßmedizin,wissenschaftlicher Sektor,DE,https://www.gefaesschirurgie.de/wissenschaft-qualitaet/preise-und-stipendien/seldinger-preis,Transfer,Wissenschaftlicher Preis,Nein,Keine Angabe,Keine Angabe,Einrichtungs- oder organisationsgebunden,Deutschland,Eigenbewerbung,2016,
O013668,Q6265940,Neumann János-díj,hu,John von Neumann Award,Webseite,John von Neumann-Preis,ORAP,Rajk Szakkollégium,wissenschaftlicher Sektor,HU,http://rajk.eu/saez/english.html,Forschung,Wissenschaftlicher Preis,Nein,Keine Angabe,Keine Angabe,Keine Einschränkung,Keine Einschränkung,Nominierung eingeschränkt,1994,
O001123,,Klaus-Erich-Pollmann-Forschungsförderpreis,de,Klaus-Erich-Pollmann Research Award,Webseite,Klaus-Erich-Pollmann-Forschungsförderpreis,Webseite,Otto-von-Guericke-Universität Magdeburg,wissenschaftlicher Sektor,DE,https://www.ovgu.de/unimagdeburg/en/Research/Advice/Research+Funding+Advice/Funding+Providers/OVGU+Science+Awards-p-125304.html,Forschung,Wissenschaftlicher Preis,Ja,5000,EUR,Einrichtungs- oder organisationsgebunden,Deutschland | Sachsen-Anhalt | Magdeburg,Keine Angabe,2013,
O010286,Q1227368,Paul Dirac Medal and Prize,en,Paul Dirac Medal and Prize,Webseite,Paul Dirac Medaille und Preis,ORAP,Institute of Physics,wissenschaftlicher Sektor,GB,https://www.iop.org/about/awards/gold-medals/paul-dirac-medal-and-prize-recipients,Forschung,Wissenschaftlicher Preis,Nein,1000,GBP,International,Vereinigtes Königreich; Irland,Eigenbewerbung und Nominierung,1987,
O011795,Q109907644,Abarca Prize,en,Abarca Prize,Webseite,Abarca Preis,ORAP,Fundación de Investigación HM Hospitales,wissenschaftlicher Sektor,ES,https://www.abarcaprize.com/,Forschung,Wissenschaftlicher Preis,Nein,100000,EUR,Keine Einschränkung,Keine Einschränkung,Nominierung offen,2021,
O013171,Q5465069,Premio Fonseca,es,Fonseca Prize,ORAP,Fonseca-Preis,ORAP,Universidad de Santiago de Compostela,wissenschaftlicher Sektor,ES,https://www.usc.gal/en/conciencia-program,Transfer,Wissenschaftlicher Preis,Nein,Keine Angabe,Keine Angabe,Keine Angabe,Keine Angabe,Keine Angabe,2008,
O010238,Q977835,Claude E. Shannon Award,en,Claude E. Shannon Award,Webseite,Claude E. Shannon-Preis,ORAP,Institute of Electrical and Electronics Engineers,wissenschaftlicher Sektor,US,https://www.itsoc.org/honors/claude-e-shannon-award,Forschung,Wissenschaftlicher Preis,Nein,keine Angabe,Keine Angabe,Keine Angabe,Keine Angabe,Nominierung offen,1974,
O010162,Q2572540,Bigsby Medal,en,Bigsby Medal,Webseite,Bigsby Medaille,ORAP,Geological Society of London,wissenschaftlicher Sektor,GB,https://www.geolsoc.org.uk/about-us/society-awards/bigsby-medal/,Forschung,Wissenschaftlicher Preis,Nein,Kein Preisgeld,Kein Preisgeld,Keine Einschränkung,Keine Einschränkung,Nominierung offen,1877,
O020149,,German High Tech Champions,en,German High Tech Champions,Webseite,Deutscher Hightech-Champion-Preis,ORAP,Fraunhofer-Gesellschaft zur Förderung der angewandten Forschung,wissenschaftlicher Sektor,DE,https://www.research-in-germany.org/energinno/recent-campaigns/ghtc-award/ghtc-0award.html,Forschung,Wissenschaftlicher Preis,Nein,10000,EUR,Keine Einschränkung,Keine Einschränkung,Keine Angabe,2011,2016
O020129,,Fresnel Prize,en,Fresnel Prize,Webseite,Fresnel-Preis,ORAP,European Physical Society,wissenschaftlicher Sektor,FR,https://qeod.epsdivisions.org/qeod-fresnel-prizes/,Forschung,Wissenschaftlicher Preis,Ja,2000,EUR,Keine Angabe,Keine Angabe,Nominierung eingeschränkt,2001,
O020104,,Virchow-Preis,de,Virchow Award,ORAP,Virchow-Preis,Webseite,Deutsche Gesellschaft für Angiologie - Gesellschaft für Gefäßmedizin e. V. ,wissenschaftlicher Sektor,DE,https://www.risiko-thrombose.de/virchow-preis.html,Forschung,Wissenschaftlicher Preis,Ja,2500,EUR,Keine Angabe,Keine Angabe,Nominierung eingeschränkt,,
O013991,Q6860207,Milner Award and Lecture,en,Milner Award and Lecture,Webseite,Milner-Preis und Vorlesung,ORAP,Royal Society,wissenschaftlicher Sektor,GB,https://royalsociety.org/medals-and-prizes/milner-award/,Forschung,Wissenschaftlicher Preis,Nein,5000,GBP,International,Europa,Nominierung offen,2012,
O001692,Q56765711,Suffrage Science Awards,en,Suffrage Science Awards,Webseite,Suffrage Wissenschaftspreise,ORAP,University of Oxford,wissenschaftlicher Sektor,GB,https://www.suffragescience.com/,Forschung,Wissenschaftlicher Preis,Nein,Kein Preisgeld,Kein Preisgeld,Keine Einschränkung,Keine Einschränkung,Nominierung eingeschränkt,2011,
O020085,,GMA-Nachwuchspreis Lehrende,de,GMA Young Teachers Award,ORAP,GMA-Nachwuchspreis Lehrende,Webseite,Gesellschaft für Medizinische Ausbildung,wissenschaftlicher Sektor,DE,https://gesellschaft-medizinische-ausbildung.org/aktuelles/gma-preise/gma-nachwuchspreis-lehrende.html,Lehre,Wissenschaftlicher Preis,Ja,1000,EUR,DACH,Deutschland; Österreich; Schweiz,Eigenbewerbung,,
O010055,Q4693035,Agnes Fay Morgan Research Award,en,Agnes Fay Morgan Research Award,Webseite,Agnes Fay Morgan-Forschungspreis,ORAP,Iota Sigma Pi,wissenschaftlicher Sektor,US,https://www.iotasigmapi.org/professional-awards,Forschung,Wissenschaftlicher Preis,Ja,1000,USD,Keine Einschränkung,Keine Einschränkung,Eigenbewerbung,1951,
O011442,Q7970020,Warren Alpert Foundation Prize,en,Warren Alpert Foundation Prize,Webseite,Preis der Warren-Alpert-Stiftung,ORAP,Harvard Medical School,wissenschaftlicher Sektor,US,https://www.warrenalpert.org/,Forschung,Wissenschaftlicher Preis,Nein,500000,USD,Keine Einschränkung,Keine Einschränkung,Nominierung offen,1987,
O020111,,Chemical biology lectureship,en,Chemical biology lectureship,Webseite,Vorsesungspreis Chemische Biologie,ORAP,DECHEMA - Gesellschaft für Chemische Technik und Biotechnologie; Deutsche Pharmazeutische Gesellschaft; Gesellschaft für Biochemie und Molekularbiologie; Gesellschaft Deutscher Chemiker,wissenschaftlicher Sektor; wissenschaftlicher Sektor; wissenschaftlicher Sektor; wissenschaftlicher Sektor,DE; DE; DE; DE,https://dechema.de/cbl.html,Forschung,Wissenschaftlicher Preis,Ja,2000,EUR,International,Europäische Union,Eigenbewerbung und Nominierung,,
O001356,,Robert L. and Bettie P. Cody Award in Ocean Sciences,en,Robert L. and Bettie P. Cody Award in Ocean Sciences,Webseite,Robert L. und Bettie P. Cody-Preis für Meeresforschung,ORAP,Scripps Institution of Oceanography,wissenschaftlicher Sektor,US,https://scripps.ucsd.edu/about/awards/cody,Forschung,Wissenschaftlicher Preis,Nein,15000,USD,Keine Angabe,Keine Angabe,Keine Angabe,1989,
O020115,,Kurt-Decker-Preis,de,Kurt Decker Prize,ORAP,Kurt-Decker-Preis,Webseite,Deutsche Gesellschaft für Neuroradiologie,wissenschaftlicher Sektor,DE,https://www.dgnr.org/de-DE/62/kurt-decker-preis,Forschung,Wissenschaftlicher Preis,Nein,3000,EUR,Einrichtungs- oder organisationsgebunden,International,Eigenbewerbung,1988,
O010733,Q1511763,Gerhard Herzberg Canada Gold Medal for Science and Engineering,en,Gerhard Herzberg Canada Gold Medal for Science and Engineering,Webseite,Gerhard Herzberg Kanada Goldmedaille für Wissenschaft und Technik,ORAP,Natural Sciences and Engineering Research Council of Canada,öffentlicher Sektor,CA,https://www.nserc-crsng.gc.ca/Prizes-Prix/Herzberg-Herzberg/About-Apropos_eng.asp,Forschung,Wissenschaftlicher Preis,Nein,1000000,CAD,International,Kanada,Nominierung offen,1991,
O011241,Q1282608,Prix des trois physiciens,fr,Three Physicists Prize,Webseite,Drei Physiker-Preis,ORAP,École normale supérieure,wissenschaftlicher Sektor,FR,https://www.phys.ens.fr/fr/article/prix-des-trois-physiciens,Forschung,Wissenschaftlicher Preis,Nein,Keine Angabe,Keine Angabe,Keine Angabe,Keine Angabe,Keine Angabe,1951,
O011095,Q63638576,Mendel Medal,en,Mendel Medal,Webseite,Mendel Medaille,ORAP,Genetics Society,wissenschaftlicher Sektor,GB,https://genetics.org.uk/medals-and-prizes/genetics-society-medals-and-lectures/mendel-medal/,Forschung,Wissenschaftlicher Preis,Nein,Keine Angabe,Keine Angabe,Keine Angabe,Keine Angabe,Nominierung eingeschränkt,1958,
O020172,,Vontobel-Preis für Alter(n)sforschung,de,Vontobel Prize for Age(ing) Research 2025,ORAP,Vontobel-Preis für Alter(n)sforschung,Webseite,Universität Zürich,wissenschaftlicher Sektor,CH,https://www.zfg.uzh.ch/de/forschung/forschungfoerderung/vontobel_preis.html,Forschung,Wissenschaftlicher Preis,Ja,30000,CHF,DACH,Schweiz,Eigenbewerbung,,
O011124,Q1571938,National Humanities Medal,en,National Humanities Medal,Webseite,Nationale Medaille für Geistenswissenschaften,ORAP,National Endowment for the Humanities; President of the United States,wissenschaftlicher Sektor; öffentlicher Sektor,US; US,https://www.neh.gov/taxonomy/term/246,Sonstiges,Wissenschaftliche Auszeichnung,Nein,Kein Preisgeld,Kein Preisgeld,International,Vereinigte Staaten,Nominierung offen,1997,
O012229,Q17516951,Shinkishi Hatai Medal,en,Shinkishi Hatai Medal,Webseite,Shinkishi Hatai Medaille,ORAP,Pacific Science Association,wissenschaftlicher Sektor,US,http://pacificscience.org/hataimedal/,Forschung,Wissenschaftlicher Preis,Nein,Kein Preisgeld,Kein Preisgeld,Keine Angabe,Keine Angabe,Keine Angabe,1966,
O011060,Q17051446,Sir Patrick Manson Medal,en,Sir Patrick Manson Medal,Webseite,Sir Patrick Manson Medaille,ORAP,Royal Society of Tropical Medicine and Hygiene,wissenschaftlicher Sektor,GB,https://www.rstmh.org/medals-awards/sir-patrick-manson-medal,Forschung,Wissenschaftlicher Preis,Nein,Kein Preisgeld,Kein Preisgeld,Einrichtungs- oder organisationsgebunden,International,Nominierung eingeschränkt,1923,
O013931,Q66738056,Grand Prix de l’Électronique Général Ferrié,fr,General Ferrié Electronics Prize,ORAP,General Ferrié Elektronik-Preis,ORAP,"Société de l'électricité, de l'électronique et des technologies de l'information et de la communication",wissenschaftlicher Sektor,FR,https://see.asso.fr/prix-et-distinctions-see/grand-prix-de-lelectronique-general-ferrie/,Forschung,Wissenschaftlicher Preis,Ja,Keine Angabe,Keine Angabe,Keine Einschränkung,Keine Einschränkung,Eigenbewerbung,1967,
O010220,Q33027026,NAS Award in Early Earth and Life Sciences,en,NAS Award in Early Earth and Life Sciences,Webseite,NAS-Preis für frühe Erd- und Lebenswissenschaften,ORAP,National Academy of Sciences,wissenschaftlicher Sektor,US,https://www.nasonline.org/award/nas-award-in-early-earth-and-life-sciences/,Forschung,Wissenschaftlicher Preis,Nein,10000,USD,Keine Angabe,Keine Angabe,Keine Angabe,2010,
O012929,Q4377191,Khwarizmi International Award (KIA),en,Khwarizmi International Award (KIA),Webseite,Internationaler Khwarizmi-Preis,ORAP,Iranian Research Organization for Science & Technology (IROST),öffentlicher Sektor,IR,https://khwarizmi.ir/kia/,Forschung,Wissenschaftlicher Preis,Nein,Keine Angabe,Keine Angabe,Keine Einschränkung,Keine Einschränkung,Eigenbewerbung,1987,
O011293,Q1455366,Rosalind Franklin Award and Lecture,en,Rosalind Franklin Award and Lecture,Webseite,Rosalind Franklin-Preis und Vorlesung,ORAP,"Royal Society; Department for Business, Energy and Industrial Strategy",wissenschaftlicher Sektor; öffentlicher Sektor,GB; GB,https://royalsociety.org/medals-and-prizes/rosalind-franklin-award/,Forschung,Wissenschaftlicher Preis,Nein,41000,GBP,International,Vereinigtes Königreich,Nominierung offen,2003,
O012253,Q18402723,Howard Crosby Warren Medal,en,Howard Crosby Warren Medal,Webseite,Howard-Crosby-Warren-Medaille,ORAP,Society of Experimental Psychologists,wissenschaftlicher Sektor,US,https://www.sepsych.org/warren-medal-recipients/,Forschung,Wissenschaftlicher Preis,Nein,Keine Angabe,Keine Angabe,International,Vereinigte Staaten; Kanada,Nominierung eingeschränkt,1936,
O020136,,Helene-Richter-Preis,de,Helene Richter Prize,ORAP,Helene-Richter-Preis,Webseite,Deutsches Zentrum für Luft- und Raumfahrt,wissenschaftlicher Sektor,DE,https://anglistikverband.de/stiftung-helene-richter/,Forschung,Wissenschaftlicher Preis,Ja,Keine Angabe,Keine Angabe,Keine Angabe,Keine Angabe,Keine Angabe,2017,2018
O020069,Q26877603,Roman Herzog Forschungspreis Soziale Marktwirtschaft,de,Roman Herzog Research Award Social Market Economy,ORAP,Roman Herzog Forschungspreis Soziale Marktwirtschaft,Webseite,Roman Herzog Institut,wirtschaftlicher Sektor,DE,https://www.romanherzoginstitut.de/forschungspreis.html,Forschung,Wissenschaftlicher Preis,Ja,35000,EUR,Keine Angabe,Keine Angabe,Eigenbewerbung,2014,
O010198,Q1031994,Canada Gairdner International Award,en,Canada Gairdner International Award,Webseite,Kanada Gairdner Internationaler Preis,ORAP,Gairdner Foundation,Stiftungen,CA,https://www.gairdner.org/award/canada-gairdner-international-award,Forschung,Wissenschaftlicher Preis,Nein,250000,CAD,Keine Einschränkung,Keine Einschränkung,Nominierung offen,1957,
O012842,Q374518,Médaille Pierre Chauveau,fr,Pierre Chauveau Medal,Webseite,Pierre Chauveau Medaille,ORAP,Royal Society of Canada,wissenschaftlicher Sektor,CA,https://rsc-src.ca/en/awards-excellence/rsc-awards#Chauveau,Forschung,Wissenschaftlicher Preis,Nein,Keine Angabe,Keine Angabe,Keine Angabe,Keine Angabe,Keine Angabe,1951,
O012935,Q45309809,Grand Prix Scientifique,fr,Scientific Grand Prize,Webseite,Wissenschaftlicher Hauptpreis,ORAP,Institut de France,wissenschaftlicher Sektor,FR,https://www.fondation-lefoulon-delalande.fr/en/scientific-grand-prize/,Forschung,Wissenschaftlicher Preis,Nein,600000,EUR,Keine Einschränkung,Keine Einschränkung,Nominierung offen,2002,
O002357,Q12525580,Faraday Medal,en,Faraday Medal,Webseite,Faraday Medaille,ORAP,Royal Society of Chemistry,wissenschaftlicher Sektor,GB,https://www.rsc.org/standards-and-recognition/prizes/interest-group-prizes/faraday-medal,Forschung,Wissenschaftlicher Preis,Nein,Kein Preisgeld,Kein Preisgeld,International,alle Länder (außer Großbritannien und Nordirland; Irland),Keine Angabe,1977,
O010884,Q1667642,International Sigmund Freud Award for Psychotherapy of the City of Vienna,en,International Sigmund Freud Award for Psychotherapy of the City of Vienna,Webseite,Internationaler Sigmund-Freud-Preis der Stadt Wien,ORAP,Stadt Wien,öffentlicher Sektor,AT,https://www.worldpsyche.org/cms-tag/122/sigmund-freud-award,Forschung,Wissenschaftlicher Preis,Nein,7000,EUR,Keine Angabe,Keine Angabe,Eigenbewerbung und Nominierung,1999,
O010116,Q3332183,Arthur Holmes Medal,en,Arthur Holmes Medal,Webseite,Arthur Holmes Medaille,ORAP,European Geosciences Union e. V.,wissenschaftlicher Sektor,DE,https://www.egu.eu/awards-medals/arthur-holmes/,Forschung,Wissenschaftlicher Preis,Nein,Keine Angabe,Keine Angabe,Keine Angabe,Keine Angabe,Nominierung eingeschränkt,1983,
O012714,Q30238527,Marine Fellows,en,Marine Fellows,Webseite,Marine-Stipendiat/-innen,ORAP,Pew Charitable Trusts,Stiftungen,US,https://www.pew.org/en/projects/marine-fellows,Forschung,Wissenschaftlicher Preis,Nein,150000,USD,Keine Einschränkung,Keine Einschränkung,Nominierung eingeschränkt,1990,
O010990,Q6472676,Premio Lagrange-Fondazione CRT,it,Lagrange Prize,Webseite,Lagrange-Preis der CRT-Stiftung,ORAP,Fondazione CRT,wissenschaftlicher Sektor,IT,https://www.fondazionecrt.it/en/premio-lagrange-fondazione-crt/,Forschung,Wissenschaftlicher Preis,Nein,Keine Angabe,Keine Angabe,Keine Einschränkung,Keine Einschränkung,Keine Angabe,2008,
O020064,,Hermann-Holthusen-Preis,de,Hermann Holthusen Prize,ORAP,Hermann-Holthusen-Preis,Webseite,Deutsche Gesellschaft für Radioonkologie,wissenschaftlicher Sektor,DE,https://www.degro.org/degro/preise/hermann-holthusen-preis/,Forschung,Wissenschaftlicher Preis,Ja,Keine Angabe,Keine Angabe,Einrichtungs- oder organisationsgebunden,Deutschland,Eigenbewerbung,1998,
O001434,Q49162410,European Prize for Women Innovators,en,European Prize for Women Innovators,Webseite,Europäischer Preis für Innovatorinnen,ORAP,European Institute of Innovation and Technology; European Innovation Council,wissenschaftlicher Sektor; öffentlicher Sektor,HU; BE,https://eic.ec.europa.eu/eic-prizes/european-prize-women-innovators-powered-eic-eit_en,Transfer,Wissenschaftlicher Preis,Nein,100000,EUR,International,Europa; Albanien; Armenien; Belgien; Bosnien und Herzegowina; Bulgarien; Dänemark; Deutschland; Estland; Finnland; Frankreich; Georgien; Griechenland; Irland; Island; Israel; Italien; Kosovo; Kroatien; Lettland; Liechtenstein; Litauen; Luxemburg; Malta; Moldau; Montenegro; Niederlande; Nordmazedonien; Norwegen; Österreich; Polen; Portugal; Rumänien; Schweden; Serbien; Slowakei; Slowenien; Spanien; Tschechien; Tunesien; Türkei; Ukraine; Ungarn; Vereinigtes Königreich; Zypern,Eigenbewerbung,2011,
O020062,,Wissenschaftspreis Bürokratie,de,Science Award Bureaucracy,ORAP,Wissenschaftspreis Bürokratie,Webseite,Institut der deutschen Wirtschaft,wirtschaftlicher Sektor,DE,https://www.iwkoeln.de/wissenschaftspreis-buerokratie.html,Forschung,Wissenschaftlicher Preis,Nein,5000,EUR,Keine Angabe,Keine Angabe,Eigenbewerbung und Nominierung,2015,
O010073,Q28003767,Alexander Fleming Award,en,Alexander Fleming Award,Webseite,Alexander Fleming-Preis,ORAP,Infectious Diseases Society of America,wissenschaftlicher Sektor,US,https://www.idsociety.org/about-us/awards/alexander-fleming-award-winners,Forschung,Wissenschaftliche Auszeichnung,Nein,Keine Angabe,Keine Angabe,Einrichtungs- oder organisationsgebunden,International,Keine Angabe,1964,
O010654,Q194099,Feynman Grand Prize for Major Advances in Molecular Nanotechnology,en,Feynman Grand Prize for Major Advances in Molecular Nanotechnology,Webseite,Großer Feynman-Preis für bedeutende Fortschritte in der molekularen Nanotechnologie,ORAP,Foresight Institute,wissenschaftlicher Sektor,US,https://foresight.org/foresight-feynman-prizes/,Forschung,Wissenschaftlicher Preis,Nein,250000,USD,Keine Einschränkung,Keine Einschränkung,Eigenbewerbung und Nominierung,1993,
O010283,Q1210161,Dickson Prize in Medicine,en,Dickson Prize in Medicine,Webseite,Dickson-Preis in Medizin,ORAP,University of Pittsburgh,wissenschaftlicher Sektor,US,https://www.dicksonprize.pitt.edu/,Forschung,Wissenschaftlicher Preis,Nein,50000,USD,International,Vereinigte Staaten,Nominierung offen,1971,
O012213,Q17126021,Giuseppe Occhialini Medal and Prize,en,Giuseppe Occhialini Medal and Prize,Webseite,Giuseppe-Occhialini-Medaille und -Preis,ORAP,Institute of Physics; Società Italiana di Fisica,wissenschaftlicher Sektor; wissenschaftlicher Sektor,GB; IT,https://www.iop.org/about/awards/international-bilateral-awards/giuseppe-occhialini-medal-and-prize-recipients,Forschung,Wissenschaftlicher Preis,Nein,Keine Angabe,Keine Angabe,International,Großbritannien und Nordirland; Irland,Nominierung offen,2008,
O020126,,Doktoranden-Preis für Naturstoffforschung,de,Doctoral prize for natural product research,ORAP,Doktoranden-Preis für Naturstoffforschung,Webseite,DECHEMA - Gesellschaft für Chemische Technik und Biotechnologie,wissenschaftlicher Sektor,DE,https://naturstoff-forschung.info/preise.html,Forschung,Wissenschaftlicher Preis,Ja,500,EUR,Keine Angabe,Keine Angabe,Eigenbewerbung und Nominierung,2008,
O020132,,Emerging Investigators EHA-EBMT Joint Fellowship Awards in the Field of Cell Therapy and Immunotherapy,en,Emerging Investigators EHA-EBMT Joint Fellowship Awards in the Field of Cell Therapy and Immunotherapy,Webseite,EHA-EBMT Joint Fellowship Awards für Nachwuchswissenschaftler/-innen auf dem Gebiet der Zelltherapie und Immuntherapie,ORAP,European Society for Blood and Marrow Transplantation (EBMT); European Hematology Association,wissenschaftlicher Sektor; wissenschaftlicher Sektor,NL; NL,https://www.ebmt.org/ebmt/documents/4th-emerging-investigators-eha-ebmt-joint-fellowship-awards-field-cell-therapy-and,Forschung,Wissenschaftlicher Preis,Ja,10000,EUR,Keine Angabe,Keine Angabe,Eigenbewerbung und Nominierung,2021,
O020155,,Experimental Physics Investigators Initiative,en,Experimental Physics Investigators Initiative,Webseite,Initiative für Forscher/-innen in der Experimentalphysik,ORAP,Gordon and Betty Moore Foundation,Stiftungen,US,https://www.moore.org/initiative-strategy-detail?initiativeId=moore-investigators-in-experimental-physics-initiative#,Forschung,Wissenschaftlicher Preis,Nein,1300000,USD,International,Vereinigte Staaten,Eigenbewerbung,2022,
O010699,Q1389573,Award for the Advancement of Free Software,en,Award for the Advancement of Free Software,Webseite,Preis für die Förderung freier Software,ORAP,Free Software Foundation,Stiftungen,US,https://www.fsf.org/awards/fs-award,Sonstiges,Wissenschaftlicher Preis,Nein,Keine Angabe,Keine Angabe,Keine Angabe,Keine Angabe,Keine Angabe,1998,
O020113,,NEPS Publikationspreis,de,NEPS Publication Award,Webseite,NEPS Publikationspreis,Webseite,Leibniz-Institut für Bildungsverläufe,wissenschaftlicher Sektor,DE,https://www.neps-data.de/Datenzentrum/Publikationspreis,Forschung,Wissenschaftlicher Preis,Nein,1000,EUR,DACH,Deutschland,Eigenbewerbung und Nominierung,2014,
O020078,Q15261474,Alexander-von-Humboldt-Medaille ,de,Alexander von Humboldt medal,ORAP,Alexander-von-Humboldt-Medaille ,Webseite,Gesellschaft Deutscher Naturforscher und Ärzte,wissenschaftlicher Sektor,DE,https://www.gdnae.de/ueber-uns/auszeichnungen/,Forschung,Wissenschaftlicher Preis,Nein,Kein Preisgeld,Kein Preisgeld,Keine Angabe,Keine Angabe,Keine Angabe,2010,
O020124,Q2978113,Claude S. Hudson Award,en,Claude S. Hudson Award,Webseite,Claude-S.-Hudson-Preis,ORAP,American Chemical Society,wissenschaftlicher Sektor,US,https://acscarb.org/awards/hudson-award/,Forschung,Wissenschaftlicher Preis,Nein,Keine Angabe,Keine Angabe,Keine Einschränkung,Keine Einschränkung,Nominierung eingeschränkt,1946,
O020139,,Rothschild Distinguished Visiting Fellows,en,Rothschild Distinguished Visiting Fellows,Webseite,Rothschild-Stipendium für herausragende Gastwissenschaftler/-innen,ORAP,Isaac Newton Institute for Mathematical Sciences,wissenschaftlicher Sektor,GB,https://www.newton.ac.uk/information/fellowships/nm-rothschild-sons/,Forschung,Wissenschaftliche Auszeichnung,Nein,Keine Angabe,Keine Angabe,Keine Einschränkung,Keine Einschränkung,Nominierung eingeschränkt,1993,
O020086,,Eduard Strasburger-Preis,de,Eduard Strasburger Prize,Webseite,Eduard Strasburger-Preis,Webseite,Deutsche Botanische Gesellschaft (DBG),wissenschaftlicher Sektor,DE,https://www.deutsche-botanische-gesellschaft.de/ueber-die-dbg/nachwuchsfoerderung/strasburger-preis,Forschung,Wissenschaftlicher Preis,Ja,2500,EUR,DACH,Deutschland; Österreich; Schweiz,Nominierung eingeschränkt,1994,
O020134,,Murray Raney Award,en,Murray Raney Award,Webseite,Murray-Raney-Preis,ORAP,Organic Reactions Catalysis Society,wissenschaftlicher Sektor,US,https://orcs.org/awards/,Forschung,Wissenschaftlicher Preis,Nein,5000,USD,Keine Angabe,Keine Angabe,Nominierung eingeschränkt,1992,
O001609,,LRI Innovative Science Award,en,LRI Innovative Science Award,Webseite,LRI-Preis für innovative Wissenschaft,ORAP,European Chemical Industry Council; Society of Environmental Toxicology and Chemistry; Federation of European Toxicologists & European Societies of Toxicology; International Society of Exposure Science,wirtschaftlicher Sektor; wissenschaftlicher Sektor; wissenschaftlicher Sektor; wissenschaftlicher Sektor,BE; US; CH; CA,https://cefic-lri.org/funding-opportunities/apply-for-the-lri-award/,Forschung,Wissenschaftlicher Preis,Ja,100000,EUR,International,Europa,Eigenbewerbung,2004,
O020103,,Wilfried-Lorenz-Versorgungsforschungspreis,de,Wilfried Lorenz Health Services Research Award,ORAP,Wilfried-Lorenz-Versorgungsforschungspreis,Webseite,Deutsches Netzwerk Versorgungsforschung,wissenschaftlicher Sektor,DE,https://www.dnvf.de/veranstaltungen/wilfried-lorenz-vf-preis.html,Forschung,Wissenschaftlicher Preis,Nein,2500,EUR,Einrichtungs- oder organisationsgebunden,Deutschland,Eigenbewerbung und Nominierung,2015,
O011223,Q1795483,Prémio António Champalimaud de Visão,pt,António Champalimaud Vision Award,Webseite,António Champalimaud-Preis für das Sehen,ORAP,Fundação Champalimaud,wissenschaftlicher Sektor,PT,https://www.fchampalimaud.org/pt-pt/premio-de-visao,Forschung,Wissenschaftlicher Preis,Nein,1000000,EUR,Keine Einschränkung,Keine Einschränkung,Eigenbewerbung und Nominierung,2006,
O014116,Q75665305,Leighton Memorial Medal,en,Leighton Memorial Medal,Webseite,Leighton Gedächtnis-Medaille,ORAP,Royal Australian Chemical Institute,wissenschaftlicher Sektor,AU,https://www.raci.org.au/events-and-awards/awards/national-awards/leadership/leighton-memorial-medal,Forschung,Wissenschaftlicher Preis,Nein,Keine Angabe,Keine Angabe,Einrichtungs- oder organisationsgebunden,Australien,Eigenbewerbung und Nominierung,1965,
O012645,Q28677610,Walter Burfitt Award,en,Walter Burfitt Award,Webseite,Walter Burfitt-Preis,ORAP,Royal Society of New South Wales,wissenschaftlicher Sektor,AU,https://www.royalsoc.org.au/walter-burfitt-prize/,Forschung,Wissenschaftlicher Preis,Nein,Keine Angabe,Keine Angabe,International,Australien | New South Wales,Keine Angabe,1929,
O014059,Q7181508,Phi Beta Kappa Award in Science,en,Phi Beta Kappa Award in Science,Webseite,Phi Beta Kappa-Preis für Naturwissenschaften,ORAP,Phi Beta Kappa Society,wissenschaftlicher Sektor,US,https://www.pbk.org/awards/bookawards/science-winners,Forschung,Wissenschaftlicher Preis,Nein,Keine Angabe,Keine Angabe,Keine Angabe,Keine Angabe,Keine Angabe,1961,